State,Item Code,Item Name,Category,Sub-Category,Leaf Category,Brand,Product Type,Marketd By,Master Catgory
JH,8653,Nestle Milkybar Its Yummy | 12.5g | Pack of 1,"Chocolates,Desserts & Sweets",Chocolates & Sweets,Chocolates,Nestle Milkybar,White Chocolate,Nestle India,FMCGF
JH,10670,Milkybar Moosha Caramel & Nougat Bar 18g,"Chocolates,Desserts & Sweets",Chocolates & Sweets,Chocolates,Nestle,White Chocolate,Nestle India,FMCGF
JH,2781,Kinder Joy Surprise Growing Generation | 20g | Pack of 1,"Chocolates,Desserts & Sweets",Chocolates & Sweets,Chocolates,Kinder Joy,Wafer Chocolate,Ferrero India,FMCGF
JH,71086,Cadbury Perk Double Chocolate Bar 18.2g,"Chocolates,Desserts & Sweets",Chocolates & Sweets,Chocolates,Perk,Wafer Chocolate,Mondelez India Foods,FMCGF
JH,2811,Nestle Kitkat | 28.5g | Pack of 1,"Chocolates,Desserts & Sweets",Chocolates & Sweets,Chocolates,Nestle KitKat,Wafer Chocolate,Nestle India,FMCGF
JH,2934,Nestle Munch 17.4g,"Chocolates,Desserts & Sweets",Chocolates & Sweets,Chocolates,Nestle Munch,Wafer Chocolate,Nestle India,FMCGF
JH,2930,Nestle KitKat 2 Finger 11.9g,"Chocolates,Desserts & Sweets",Chocolates & Sweets,Chocolates,Nestle KitKat,Wafer Chocolate,Nestle India,FMCGF
JH,13368,Bambino Vermicelli 80g,Packaged & Instant Food,Noodles & Instant Food,Vermicelli,Bambino,Vermicelli,Bambino Agro Industries,FMCGF
JH,86683,Kissan Fresh Tomato Ketchup | 1.1 Kg | Pack of 1,Packaged & Instant Food,Ketchup & Spread,Tomato Ketchup,Kissan,Tomato Ketchup,HUL,FMCGF
JH,3063,Kissan Fresh Tomato Ketchup | 415g | Pack of 1,Packaged & Instant Food,Ketchup & Spread,Tomato Ketchup,Kissan,Tomato Ketchup,HUL,FMCGF
JH,3076,Kissan Fresh Tomato Chhotu | 90g | Pack of 1,Packaged & Instant Food,Ketchup & Spread,Tomato Ketchup,Kissan,Tomato Ketchup,HUL,FMCGF
JH,12833,Tata Tea Agni | 1 Kg | Pack of 1,Beverages,"Tea, Coffee & Milk Drink",Tea,Tata Tea,Dust Tea,Tata Consumer Products,FMCGF
JH,2494,Tata Tea Elaichi Chai 250g | Pack of 1,Beverages,"Tea, Coffee & Milk Drink",Tea,Tata Tea,Dust Tea,Tata Consumer Products,FMCGF
JH,2496,Tata Tea Gold | 500g | Pack of 1,Beverages,"Tea, Coffee & Milk Drink",Tea,Tata Tea,Dust Tea,Tata Consumer Products,FMCGF
JH,2477,Brooke Bond Red Label Tea 250g | Pack of 1,Beverages,"Tea, Coffee & Milk Drink",Tea,Brooke Bond,Dust Tea,HUL,FMCGF
JH,2491,Tata Tea Agni | 250g | Pack of 1,Beverages,"Tea, Coffee & Milk Drink",Tea,Tata Tea,Dust Tea,Tata Consumer Products,FMCGF
JH,2495,Tata Tea Gold 250g | Pack of 1,Beverages,"Tea, Coffee & Milk Drink",Tea,Tata Tea,Dust Tea,Tata Consumer Products,FMCGF
JH,2476,Brooke Bond Red Label Tea 100g,Beverages,"Tea, Coffee & Milk Drink",Tea,Brooke Bond,Dust Tea,HUL,FMCGF
JH,1132,Brooke Bond Taaza Tea | 250g | Pouch | Pack of 1,Beverages,"Tea, Coffee & Milk Drink",Tea,Brooke Bond,Dust Tea,HUL,FMCGF
JH,1131,Brooke Bond Taaza Tea 90g,Beverages,"Tea, Coffee & Milk Drink",Tea,Brooke Bond,Dust Tea,HUL,FMCGF
JH,4834,Parle Krackjack Biscuit | 176.4g | Pack of 1,Biscuits & Snacks,Biscuits & Cookies,Sweet & Salty Biscuits,Parle,Flavoured Biscuits,Parle Products,FMCGF
JH,78546,Parle Hide & Seek Assorted Biscuits | Buy 3 Get 1 Free | 400g | Pack of 4,Biscuits & Snacks,Biscuits & Cookies,Cookies,Parle Hide & Seek,Flavoured Biscuits,Parle Products,FMCGF
JH,1089,Britannia Little Hearts Classic Biscuits | 70g | Pack of 1,Biscuits & Snacks,Biscuits & Cookies,Sweet & Salty Biscuits,Little hearts,Flavoured Biscuits,Britannia Industries Ltd.,FMCGF
JH,1088,Britannia Little Hearts | 26g | Pack of 1,Biscuits & Snacks,Biscuits & Cookies,Sweet & Salty Biscuits,Britannia,Flavoured Biscuits,Britannia Industries Ltd.,FMCGF
JH,84,Chings Dark Soya Sauce Pouch | 90g | Pack of 1,Packaged & Instant Food,Ketchup & Spread,Chinese Sauce,Chings,Soya Sauce,Tata Consumer Products,FMCGF
JH,22219,Knorr Manchow Veg Soup | 11g | Pack of 1,Packaged & Instant Food,Noodles & Instant Food,Soup,Knorr,Soup (Vegetable),HUL,FMCGF
JH,3098,Knorr Hot & Sour Veg Cup A Soup | 10.5g | Pack of 1,Packaged & Instant Food,Noodles & Instant Food,Soup,Knorr,Soup (Vegetable),HUL,FMCGF
JH,4675,Kinley Soda Club | 750ml | Pack of 1,Beverages,Drinks & Juices,Water & Soda,Kinley,Soda,Coca-Cola,FMCGF
JH,10049,Haldirams Soan Papdi Yellow 250g,"Chocolates,Desserts & Sweets",Chocolates & Sweets,Sweets & Mithai,Haldiram's,Soan Papdi,Haldiram Snacks Food Private Limited,FMCGF
JH,92,Chings Schezwan Chutney | 250g | Pack of 1,Packaged & Instant Food,Ketchup & Spread,Chutney & Pickles,Chings,Schezwan Chutney,Tata Consumer Products,FMCGF
JH,68867,Parle Monaco Biscuits Classic Regular - 371.2g,Biscuits & Snacks,Biscuits & Cookies,Sweet & Salty Biscuits,Parle Monaco,Flavoured Biscuits,Parle Products,FMCGF
JH,71046,Britannia 50 50 Maska Chaska Salted Biscuits 100g,Biscuits & Snacks,Biscuits & Cookies,Sweet & Salty Biscuits,Britannia 50-50,Flavoured Biscuits,Britannia Industries Ltd.,FMCGF
JH,4814,Parle Monaco Classic Regular Salted Biscuit | 52.2g | Pack of 1,Biscuits & Snacks,Biscuits & Cookies,Sweet & Salty Biscuits,Parle Monaco,Flavoured Biscuits,Parle Products,FMCGF
JH,103047,Britannia Toastea Premium Bake Rusk With Real Elaichi | 1kg | Pack of 1,Biscuits & Snacks,Biscuits & Cookies,"Rusk, Khari & Wafer",Britannia,Rusk,Britannia Industries Ltd.,FMCGF
JH,4821,Parle Real Elaichi Premium Rusk 182g,Biscuits & Snacks,Biscuits & Cookies,"Rusk, Khari & Wafer",Parle Rusk,Flavoured Rusk,Parle Products,FMCGF
JH,83486,Britannia Toastea Real Elachi Premium Bake Rusk | 250g | Pack of 1,Biscuits & Snacks,Biscuits & Cookies,"Rusk, Khari & Wafer",Britannia,Rusk,Britannia Industries Ltd.,FMCGF
JH,886,Amul Homogenised Standardised Milk - 1Ltr,Dairy & Bakery,Milk,Fresh Milk,Amul,Milk,GCMMF,FMCGF
JH,67162,Britannia Treat Croissant Vanilla Creme | 45g | Pack of 1,"Chocolates,Desserts & Sweets",Chocolates & Sweets,Muffins & Croissant,Britannia Treat,Croissant,Britannia Industries Ltd.,FMCGF
JH,67160,Britannia Treat Croissant Cocoa | 45g | Pack of 1,"Chocolates,Desserts & Sweets",Chocolates & Sweets,Muffins & Croissant,Britannia Treat,Croissant,Britannia Industries Ltd.,FMCGF
JH,10287,Kurkure Puffcorn Yummy Cheese 52g,Biscuits & Snacks,Chips & Namkeen,"Chips, Puffs & Nachos",Kurkure,Puffs,Pepsico Foods,FMCGF
JH,92129,Bingo Tedhe Medhe Masala Tadka 75-80g | Pack of 1,Biscuits & Snacks,Chips & Namkeen,"Chips, Puffs & Nachos",Bingo,Puffs,ITC Ltd,FMCGF
JH,4634,Kurkure Namkeen Masala Munch | 78g | Pack of 1,Biscuits & Snacks,Chips & Namkeen,"Chips, Puffs & Nachos",Kurkure,Puffs,Pepsico Foods,FMCGF
JH,4636,Kurkure Yummy Cheese Puffcorn | 28g | Pack of 1,Biscuits & Snacks,Chips & Namkeen,"Chips, Puffs & Nachos",Kurkure,Puffs,Pepsico Foods,FMCGF
JH,4632,Kurkure Masala Munch | 38g | Pack of 1,Biscuits & Snacks,Chips & Namkeen,"Chips, Puffs & Nachos",Kurkure,Puffs,Pepsico Foods,FMCGF
JH,923,Amul Processed Cheese - 200g,Dairy & Bakery,Butter & Cheese,Cheese,Amul,Processed Cheese,GCMMF,FMCGF
JH,30253,Horlicks Health & Nutrition Drink Classic Malt | 750g | Pack of 1,Beverages,"Tea, Coffee & Milk Drink",Health Drinks,Horlicks,Health Drink Powder,HUL,FMCGF
JH,13705,Lay's India's Magic Masala Potato Chips | 67g | Pack of 1,Biscuits & Snacks,Chips & Namkeen,"Chips, Puffs & Nachos",Lay's,Potato Chips,Pepsico Foods,FMCGF
JH,10282,Lay's Chile Lemon Flavour Potato Chips | 24g | Pack of 1,Biscuits & Snacks,Chips & Namkeen,"Chips, Puffs & Nachos",Lay's,Potato Chips,Pepsico Foods,FMCGF
JH,4666,Uncle Chipps Plain Salted Potato Chips 48.1g,Biscuits & Snacks,Chips & Namkeen,"Chips, Puffs & Nachos",Uncle Chipps,Potato Chips,Pepsico Foods,FMCGF
JH,4669,Uncle Chips Plain Salted Potato Chips 24g,Biscuits & Snacks,Chips & Namkeen,"Chips, Puffs & Nachos",Uncle Chipps,Potato Chips,Pepsico Foods,FMCGF
JH,4637,Lays American Style Cream & Onion Flavour Potato Chips 48g,Biscuits & Snacks,Chips & Namkeen,"Chips, Puffs & Nachos",Lay's,Potato Chips,Pepsico Foods,FMCGF
JH,4668,Uncle Chipps Spice Treat Potato Chips | 48.1g | Pack of 1,Biscuits & Snacks,Chips & Namkeen,"Chips, Puffs & Nachos",Uncle Chipps,Potato Chips,Pepsico Foods,FMCGF
JH,4638,Lays West Indies Hot N Sweet Chilli Potato Chips 24g,Biscuits & Snacks,Chips & Namkeen,"Chips, Puffs & Nachos",Lay's,Potato Chips,Pepsico Foods,FMCGF
JH,4639,Lay's India's Magic Masala Potato Chips | 48g | Pack of 1,Biscuits & Snacks,Chips & Namkeen,"Chips, Puffs & Nachos",Lay's,Potato Chips,Pepsico Foods,FMCGF
JH,4643,Lays American Style Cream & Onion Flavour Potato Chips 24g,Biscuits & Snacks,Chips & Namkeen,"Chips, Puffs & Nachos",Lay's,Potato Chips,Pepsico Foods,FMCGF
JH,829,Act II Chilli Surprise Instant Popcorn | 35g | Pack of 1,Biscuits & Snacks,Chips & Namkeen,Popcorn,Act II,Flavoured Popcorn,Agro Tech Foods,FMCGF
JH,836,Act II Popcorn Classic Salted Instant Popcorn | 35g | Pack of 1,Biscuits & Snacks,Chips & Namkeen,Popcorn,Act II,Flavoured Popcorn,Agro Tech Foods,FMCGF
JH,72153,Act II Instant Golden Sizzle Popcorn | 35g | Pack of 1,Biscuits & Snacks,Chips & Namkeen,Popcorn,Act II,Flavoured Popcorn,Agro Tech Foods,FMCGF
JH,832,Act II Magic Butter Flavour Popcorn | 35g | Pack of 1,Biscuits & Snacks,Chips & Namkeen,Popcorn,Act II,Flavoured Popcorn,Agro Tech Foods,FMCGF
JH,69873,Mothers Recipe Red Stuffed Chilli Pickle | 200g | Pack of 1,Packaged & Instant Food,Ketchup & Spread,Chutney & Pickles,Mothers Recipe,Chilli Pickle,Desai Foods,FMCGF
JH,71266,Mothers Recipe Mango Pickle 1 Kg | Pack of 1,Packaged & Instant Food,Ketchup & Spread,Chutney & Pickles,Mothers Recipe,Mango Pickle,Desai Foods,FMCGF
JH,77960,Mothers Recipe Mixed Pickle 1 Kg | Pack of 1,Packaged & Instant Food,Ketchup & Spread,Chutney & Pickles,Mothers Recipe,Mixed Pickle,Desai Foods,FMCGF
JH,97406,DNV Mango Pickle | 200g | Pack of 1,Packaged & Instant Food,Ketchup & Spread,Chutney & Pickles,DNV,Mango Pickle,DNV Food Products,FMCGF
JH,86209,Dnv Mixed Pickle 200g,Packaged & Instant Food,Ketchup & Spread,Chutney & Pickles,Dnv,Mixed Pickle,DNV Food Products,FMCGF
JH,8310,Haldirams Salted Peanuts 200g,Biscuits & Snacks,Chips & Namkeen,Namkeen Snacks,Haldiram's,Salted Peanuts,Haldiram Snacks Food Private Limited,FMCGF
JH,8449,Haldirams Tasty Nuts 200g,Biscuits & Snacks,Chips & Namkeen,Namkeen Snacks,Haldiram's,Flavoured Peanuts,Haldiram Snacks Food Private Limited,FMCGF
JH,11678,Maggi Pazzta Cheesy Tomato Twist Free | 68.5g | Pack of 1,Packaged & Instant Food,Noodles & Instant Food,Pasta,Maggi,Instant Pasta,Nestle India,FMCGF
JH,97012,Panda Treats Pasta Fusilli | 250g | Buy 1 Get 1 Free,Packaged & Instant Food,Noodles & Instant Food,Pasta,Panda Treats,Pasta,Emery Foods,FMCGF
JH,756,Pasta Macroni | 500g | Pack of 1,Packaged & Instant Food,Noodles & Instant Food,Pasta,ASM,Macaroni Pasta,ASM,FMCGF
JH,755,Pasta Macroni | 250g | Pack of 1,Packaged & Instant Food,Noodles & Instant Food,Pasta,ASM,Macaroni Pasta,ASM,FMCGF
JH,2909,Lijjat Punjabi Masala Papad 200g | Pack of 1,Papad & Fryums,Papad & Fryums,Papad & Fryums,Lijjat,Masala Papad,Shri Mahila Griha Udyog Lijjat Papad,FMCGF
JH,102055,Campa Orange PET - 2L,Beverages,Drinks & Juices,Soft Drinks,Campa,Orange Soft Drink,Ceylon Beverage International (Pvt) Ltd.,FMCGF
JH,102056,Campa Orange | 500ml PET | Pack of 1,Beverages,Drinks & Juices,Soft Drinks,Campa,Orange Soft Drink,Ceylon Beverage International (Pvt) Ltd.,FMCGF
JH,11727,Mirinda Soft Drink 400ml,Beverages,Drinks & Juices,Soft Drinks,Mirinda,Orange Soft Drink,Pepsico Beverages,FMCGF
JH,4685,Mirinda Orange Flavoured 750ml,Beverages,Drinks & Juices,Soft Drinks,Mirinda,Orange Soft Drink,Pepsico Beverages,FMCGF
JH,4686,Mirinda PET 2.25 Ltr,Beverages,Drinks & Juices,Soft Drinks,Mirinda,Orange Soft Drink,Pepsico Beverages,FMCGF
JH,2599,Saffola Masala Oats Classic | 500g | Pack of 1,Breakfast,Breakfast & Cereals,Oats,Saffola,Oats,Marico limited,FMCGF
JH,2601,Saffola Oats Natural | 1 Kg + 300g Free | Pack of 1,Breakfast,Breakfast & Cereals,Oats,Saffola,Oats,Marico limited,FMCGF
JH,2598,Quaker Wholegrain Oats | 400g | Pack of 1,Breakfast,Breakfast & Cereals,Oats,Quaker,Oats,Pepsico Foods,FMCGF
JH,2604,Saffola Oats Delicious Creamy Oats 100% Natural High Protein & Fibre Healthy Cereal 500g,Breakfast,Breakfast & Cereals,Oats,Saffola,Oats,Marico limited,FMCGF
JH,14056,Saffola Masala Oats Tasty Evening Snack Fibre Rich Veggie Twist | 38g | Pack of 1,Breakfast,Breakfast & Cereals,Oats,Saffola,Oats,Marico limited,FMCGF
JH,13339,Bingo Mad Angels Mmm Masala 60-64g | Pack of 1,Biscuits & Snacks,Chips & Namkeen,"Chips, Puffs & Nachos",Bingo,Nachos,ITC Ltd,FMCGF
JH,95165,Bingo Mad Angles VeryPeri Peri 60-64g | Pack of 1,Biscuits & Snacks,Chips & Namkeen,"Chips, Puffs & Nachos",Bingo,Nachos,ITC Ltd,FMCGF
JH,14083,Bingo Mad Angles Achaari Masti Spicy 64-66g | Pack of 1,Biscuits & Snacks,Chips & Namkeen,"Chips, Puffs & Nachos",Bingo,Nachos,ITC Ltd,FMCGF
JH,102267,Kellogg's Muesli 0% Added Sugar | 400g | Pack of 1,Breakfast,Breakfast & Cereals,Cornflakes & Muesli,Kellogg's,Muesli,Kellogg's India,FMCGF
JH,2777,Kellogg's Muesli Fruit & Nut | 500g | Pack of 1,Breakfast,Breakfast & Cereals,Cornflakes & Muesli,Kellogg's,Choco Flakes,Kellogg's India,FMCGF
JH,99564,Kellogg's Muesli Fruit Nut & Seeds | 72g | Pack of 1,Breakfast,Breakfast & Cereals,Cornflakes & Muesli,Kellogg's,Muesli,Kellogg's India,FMCGF
JH,924,Amul Processed Cheese Chiplets - 200g - Pack of 8 Units,Dairy & Bakery,Butter & Cheese,Cheese,Amul,Processed Cheese Chiplets,GCMMF,FMCGF
JH,8327,Haldirams Namkeen Khatta Meetha 400g,Biscuits & Snacks,Chips & Namkeen,Bhujia & Mixture,Haldiram's,Mixture,Haldiram Snacks Food Private Limited,FMCGF
JH,90157,Haldirams Indian Snacks Mixture | 400g | Pack of 1,Biscuits & Snacks,Chips & Namkeen,Bhujia & Mixture,Haldiram's,Mixture,Haldiram Snacks Food Private Limited,FMCGF
JH,13187,Haldirams Panchratan Mixture 200g | Pack of 1,Biscuits & Snacks,Chips & Namkeen,Bhujia & Mixture,Haldiram's,Mixture,Haldiram Snacks Food Private Limited,FMCGF
JH,43521,Haldirams Namkeen Khatta Meetha Mixture | 200g | Pack of 1,Biscuits & Snacks,Chips & Namkeen,Bhujia & Mixture,Haldirams,Mixture,Haldiram Snacks Food Private Limited,FMCGF
JH,83784,Haldirams Nagpur Mixture | 200g | Pouch | Pack of 1,Biscuits & Snacks,Chips & Namkeen,Bhujia & Mixture,Haldiram's,Mixture,Haldiram Snacks Food Private Limited,FMCGF
JH,8456,Haldirams Lite Chiwda 200g,Biscuits & Snacks,Chips & Namkeen,Bhujia & Mixture,Haldiram's,Chiwda Namkeen,Haldiram Snacks Food Private Limited,FMCGF
JH,13146,Pramod Jhal Mix Spicy & Tasty | 400g | Pack of 1,Biscuits & Snacks,Chips & Namkeen,Bhujia & Mixture,Pramod,Mixture,Pramod Multifood Pvt Ltd,FMCGF
JH,46951,Pramod Brand Bihari Zaika | 400g | Pack of 1,Biscuits & Snacks,Chips & Namkeen,Bhujia & Mixture,Pramod,Mixture,Pramod Multifood Pvt Ltd,FMCGF
JH,14018,Haldirams Namkeen Mixture 48g,Biscuits & Snacks,Chips & Namkeen,Bhujia & Mixture,Haldiram's,Mixture,Haldiram Snacks Food Private Limited,FMCGF
JH,46945,Pramod Brand Jhal Mix Namkeens | 200g | Pack of 1,Biscuits & Snacks,Chips & Namkeen,Bhujia & Mixture,Pramod,Mixture,Pramod Multifood Pvt Ltd,FMCGF
JH,34477,Haldirams Namkeen Punjabi Tadka | 43g | Pack of 1,Biscuits & Snacks,Chips & Namkeen,Bhujia & Mixture,Haldiram's,Mixture,Haldiram Snacks Food Private Limited,FMCGF
JH,2819,Polo Breath Mint With The Hole | 24g | Pack of 1,"Chocolates,Desserts & Sweets",Chocolates & Sweets,Mint & Mouth Freshners,Polo,Mints,Nestle India,FMCGF
JH,891,Amul Kool Cafe Classic - 200ml Can,Bread Dairy & Frozen,Milk & Milk Products,Milkshake,Amul,Milkshake,GCMMF,FMCGF
JH,10355,Amul Kool Badam - 180 ml,Bread Dairy & Frozen,Milk & Milk Products,Milkshake,Amul,Milkshake,GCMMF,FMCGF
JH,895,Amul Kool Kesar - 180 ml,Bread Dairy & Frozen,Milk & Milk Products,Milkshake,Amul,Milkshake,GCMMF,FMCGF
JH,942,Amulya Dairy Whitener - 200g,Dairy & Bakery,Other Milk Products,Dairy Whitener,Amulya,Milk Powder,GCMMF,FMCGF
JH,943,Amulya Dairy Whitener - 20g,Dairy & Bakery,Other Milk Products,Dairy Whitener,Amulya,Milk Powder,GCMMF,FMCGF
JH,10587,Cadbury Dairy Milk Silk Fruit & Nut Chocolate Bar | 129g | Pack of 1,"Chocolates,Desserts & Sweets",Chocolates & Sweets,Chocolates,Cadbury,Milk Chocolate,Mondelez India Foods,FMCGF
JH,10021,Cadbury Dairy Milk Silk Hazelnut | 54g | Pack of 1,"Chocolates,Desserts & Sweets",Chocolates & Sweets,Chocolates,Dairy Milk,Milk Chocolate,Mondelez India Foods,FMCGF
JH,1251,Cadbury Dairy Milk Fruit And Nut Chocolate Bar | 36g | Pack of 1,"Chocolates,Desserts & Sweets",Chocolates & Sweets,Chocolates,Cadbury Dairy Milk,Milk Chocolate,Mondelez India Foods,FMCGF
JH,1268,Cadbury Dairy Milk 105g,"Chocolates,Desserts & Sweets",Chocolates & Sweets,Chocolates,Cadbury,Milk Chocolate,Mondelez India Foods,FMCGF
JH,1237,Cadbury Celebrations | 96.6 g | Pack of 1,"Chocolates,Desserts & Sweets",Chocolates & Sweets,Chocolates Gift Pack,Cadbury Celebration,Milk Chocolate,Mondelez India Foods,FMCGF
JH,1246,Cadbury Crispello Dairy Milk | 35g | Pack of 1,"Chocolates,Desserts & Sweets",Chocolates & Sweets,Chocolates,Cadbury Dairy Milk,Milk Chocolate,Mondelez India Foods,FMCGF
JH,1248,Cadbury Dairy Milk Chocolate Bar 40g,"Chocolates,Desserts & Sweets",Chocolates & Sweets,Chocolates,Cadbury,Milk Chocolate,Mondelez India Foods,FMCGF
JH,872,Amul Chocominis | 250g | Pack of 1,"Chocolates,Desserts & Sweets",Chocolates & Sweets,Chocolates,Amul,Milk Chocolate,GCMMF,FMCGF
JH,2767,Cadbury Dairy Milk Chocolate Bar | 18g | Pack of 1,"Chocolates,Desserts & Sweets",Chocolates & Sweets,Chocolates,Cadbury,Milk Chocolate,Mondelez India Foods,FMCGF
JH,13989,Cadbury Dairy Milk Crispello Chocolate 12.5g,"Chocolates,Desserts & Sweets",Chocolates & Sweets,Chocolates,Cadbury,Milk Chocolate,Mondelez India Foods,FMCGF
JH,1249,Cadbury Dairy Milk Chocolate Bar | 11g | Pack of 1,"Chocolates,Desserts & Sweets",Chocolates & Sweets,Chocolates,Cadbury Dairy Milk,Milk Chocolate,Mondelez India Foods,FMCGF
JH,937,Amul Taaza Toned Milk Tetra Pack - 1Ltr,Dairy & Bakery,Milk,Fresh Milk,Amul,Milk,GCMMF,FMCGF
JH,938,Amul Taaza Toned Milk - 200ml,Dairy & Bakery,Milk,Fresh Milk,Amul,Milk,GCMMF,FMCGF
JH,3057,Dr Oetker Funfoods Veg Mayonnaise Original | 100g | Pack of 1,Packaged & Instant Food,Ketchup & Spread,Mayonnaise,Dr Oetker,Mayonnaise,Dr Oetker India,FMCGF
JH,1061,Britannia Nutri Choice Digestive High Fiber Biscuits - 960g,Biscuits & Snacks,Biscuits & Cookies,Marie & Digestive,Britannia Nutri Choice,Marie & Digestive Biscuit,Britannia Industries Ltd.,FMCGF
JH,1100,Britannia Nutri Choice Digestive Biscuits | 91.7 g | Pack of 1,Biscuits & Snacks,Biscuits & Cookies,Marie & Digestive,Britannia,Marie & Digestive Biscuit,Britannia Industries Ltd.,FMCGF
JH,43504,Parle Marie 4 Stay Fresh Packs Inside | 800g | Pack of 1,Biscuits & Snacks,Biscuits & Cookies,Marie & Digestive,Parle marie,Marie & Digestive Biscuit,Parle Products,FMCGF
JH,43505,Parle Nutricrunch Digestives | 1 Kg | Pack of 1,Biscuits & Snacks,Biscuits & Cookies,Marie & Digestive,Parle Nutricrunch,Marie & Digestive Biscuit,Parle Products,FMCGF
JH,10721,Parle Marie Biscuits | 263.2g | Pack of 1,Biscuits & Snacks,Biscuits & Cookies,Marie & Digestive,Parle,Marie & Digestive Biscuit,Parle Products,FMCGF
JH,1103,Britannia Nutri Choice Thin Arrowroot Biscuits | 300g | Pack of 1,Biscuits & Snacks,Biscuits & Cookies,Marie & Digestive,Britannia Nutri Choice,Marie & Digestive Biscuit,Britannia Industries Ltd.,FMCGF
JH,1092,Britannia Marie Gold Biscuits | 64 g | Pack of 1,Biscuits & Snacks,Biscuits & Cookies,Marie & Digestive,Britannia Marie Gold,Marie & Digestive Biscuit,Britannia Industries Ltd.,FMCGF
JH,1091,Britannia Marie Gold | 400g | Pack of 1,Biscuits & Snacks,Biscuits & Cookies,Marie & Digestive,Britannia Marie Gold,Marie & Digestive Biscuit,Britannia Industries Ltd.,FMCGF
JH,898,Amul Lassi - 200ml,Dairy & Bakery,Lassi & Buttermilk,Lassi,Amul,Lassi,GCMMF,FMCGF
JH,13755,Bambino Instant Sevai Kheer - 35g,Packaged & Instant Food,Noodles & Instant Food,Vermicelli,Bambino,Kheer Mix,Bambino Agro Industries,FMCGF
JH,43506,Britannia Good Day Cashew Cookies Family Pack | 827g | Pack of 1,Biscuits & Snacks,Biscuits & Cookies,Cookies,Britannia Good Day,Cookies,Britannia Industries Ltd.,FMCGF
JH,2916,Sunfeast Moms Magic Cashew & Almond Cookies | 190 g | Pack of 1,Biscuits & Snacks,Biscuits & Cookies,Cookies,Sunfeast,Cookies,ITC Ltd,FMCGF
JH,68555,Britannia Good Day Cashew Cookies | 200g | Pack of 1,Biscuits & Snacks,Biscuits & Cookies,Cookies,Britannia Good Day,Cookies,Britannia Industries Ltd.,FMCGF
JH,92367,Britannia Jim Jam Pops Biscuit | 70g | Pack of 1,Biscuits & Snacks,Biscuits & Cookies,Cream Biscuits,Britannia Jim Jam,Cream Biscuit,Britannia Industries Ltd.,FMCGF
JH,1120,Britannia Treat Jim Jam Biscuits | 138g | Pack of 1,Biscuits & Snacks,Biscuits & Cookies,Cream Biscuits,Treat Jim Jam,Cream Biscuit,Britannia Industries Ltd.,FMCGF
JH,8476,Kissan Mixed Fruit Jam | 500g | Pack of 1,Packaged & Instant Food,Ketchup & Spread,Jams & Spread,Kissan,Mixed Fruit Jam,HUL,FMCGF
JH,8277,Kissan Mixed Fruit Jam | 200g | Pack of 1,Packaged & Instant Food,Ketchup & Spread,Jams & Spread,Kissan,Mixed Fruit Jam,HUL,FMCGF
JH,3408,Sat Isabgol | 90g | Pack of 1,Health & Wellness,Immunity & Health Boosters,Ayurveda & Digestive Health,Dabur,Isabgol,Dabur India Limited,FMCGF
JH,74102,Maggi Masala Veg Atta Noodles | 290g | Pack of 1,Packaged & Instant Food,Noodles & Instant Food,Noodles,Maggi,Instant Noodles,Nestle India,FMCGF
JH,17475,Nissin Hot & Spicy Geki Korean Veg Noodles 80g,Packaged & Instant Food,Noodles & Instant Food,Noodles,Nissin,Instant Noodles,Nissin Foods,FMCGF
JH,34756,Sunfeast Yippee MagicMasala | 544g-580.8g | Pack of 1,Packaged & Instant Food,Noodles & Instant Food,Noodles,Yippee,Instant Noodles,ITC Ltd,FMCGF
JH,2412,Maggi Masala Veg Atta Noodles | 72.5g | Pack of 1,Packaged & Instant Food,Noodles & Instant Food,Noodles,Maggi,Instant Noodles,Nestle India,FMCGF
JH,3181,Maggi 2 Min Noodles | 280g | Pack of 1,Packaged & Instant Food,Noodles & Instant Food,Noodles,Maggi,Instant Noodles,Nestle India,FMCGF
JH,10331,Maggi 2 Minute Noodles Masala | 420g | Pack of 1,Packaged & Instant Food,Noodles & Instant Food,Noodles,Maggi,Instant Noodles,Nestle India,FMCGF
JH,3189,Maggi Masala Noodles | 70g | Pack of 1,Packaged & Instant Food,Noodles & Instant Food,Noodles,Maggi,Instant Noodles,Nestle India,FMCGF
JH,66301,Rasna Insta Mango - 750g,Beverages,Drinks & Juices,"Syrups,Squash & Premixes",Rasna,Instant Drink Mix Powder,Rasna Pvt. Ltd.,FMCGF
JH,66302,Rasna Insta Orange - 750g,Beverages,Drinks & Juices,"Syrups,Squash & Premixes",Rasna,Instant Drink Mix Powder,Rasna Pvt. Ltd.,FMCGF
JH,33035,Weikfield Kesar Pista Falooda Mix | 200g | Pack of 1,Beverages,Drinks & Juices,"Syrups,Squash & Premixes",Weikfield,Falooda Mix,Weikfield Foods Private Limited.,FMCGF
JH,8308,Haldirams Mini Bhakarwadi | 200g | Pack of 1,Biscuits & Snacks,Chips & Namkeen,Bhujia & Mixture,Haldiram's,Bhakarwadi,Haldiram Snacks Food Private Limited,FMCGF
JH,11687,Haldirams Punjabi Tadka | 200g | Pack of 1,Biscuits & Snacks,Chips & Namkeen,Bhujia & Mixture,Haldiram's,Tadka,Haldiram Snacks Food Private Limited,FMCGF
JH,1406,Dabur Pure Honey | 500g | Pack of 1,Packaged & Instant Food,Ketchup & Spread,Honey,Dabur,Honey,Dabur India Limited,FMCGF
JH,1454,Dabur Honey Purity Guaranteed | 100g | Pack of 1,Packaged & Instant Food,Ketchup & Spread,Honey,Dabur,Honey,Dabur India Limited,FMCGF
JH,2828,Horlicks Womens Plus Caramel Flavour | 400g | Pack of 1,Beverages,"Tea, Coffee & Milk Drink",Health Drinks,Horlicks,Health Drink Powder,HUL,FMCGF
JH,2842,Horlicks Junior Vanilla | 450g Pouch | Pack of 1,Beverages,"Tea, Coffee & Milk Drink",Health Drinks,Junior Horlicks,Health Drink Powder,HUL,FMCGF
JH,2831,Cadbury Bourn Vita | 500g Pouch | Pack of 1,Beverages,"Tea, Coffee & Milk Drink",Health Drinks,Cadbury Bournvita,Health Drink Powder,Mondelez India Foods,FMCGF
JH,1234,Cadbury Bourn Vita Refill 70g,Beverages,"Tea, Coffee & Milk Drink",Health Drinks,Cadbury Bournvita,Health Drink Powder,Mondelez India Foods,FMCGF
JH,2839,Horlicks Classic Malt Jar | 500 g | Pack of 1,Beverages,"Tea, Coffee & Milk Drink",Health Drinks,Horlicks,Health Drink Powder,HUL,FMCGF
JH,3230,Horlicks Classic Malt Pouch | 450g | Pack of 1,Beverages,"Tea, Coffee & Milk Drink",Health Drinks,Horlicks,Health Drink Powder,HUL,FMCGF
JH,97,Chings Secret Hakka Veg Noodles | 140g | Pack of 1,Packaged & Instant Food,Noodles & Instant Food,Noodles,Chings,Hakka Noodles,Tata Consumer Products,FMCGF
JH,95653,Panda Treats Hakka Plain Noodles | 1.2 Kg | Pack of 1,Packaged & Instant Food,Noodles & Instant Food,Noodles,Panda Treats,Hakka Noodles,Emery Foods,FMCGF
JH,66397,Royal Chow Noodles - 1Kg,Packaged & Instant Food,Noodles & Instant Food,Noodles,Royal Chow,Hakka Noodles,Mayura Food Product,FMCGF
JH,68010,Royal Chow Noodles | 500g | Pack of 1,Packaged & Instant Food,Noodles & Instant Food,Noodles,Royal Chow,Hakka Noodles,Mayura Food Product,FMCGF
JH,9968,Lipton Green Tea Honey Lemon | 25 Tea Bags | Pack of 1,Beverages,"Tea, Coffee & Milk Drink",Green Tea,Lipton,Green Tea,HUL,FMCGF
JH,8437,Glucon D Original Refill | 1 Kg | Pack of 1,Beverages,Drinks & Juices,Energy Drinks,Glucon-D,Glucose Drink,Zydus Wellness Products Ltd,FMCGF
JH,2734,Glucon D Regular - 500g,Beverages,Drinks & Juices,Energy Drinks,Glucon-D,Glucose Drink,Zydus Wellness Products Ltd,FMCGF
JH,2732,Glucon-D Tangy Orange Instant Energy Health Drink - 1Kg,Beverages,Drinks & Juices,Energy Drinks,Glucon-D,Glucose Drink,Zydus Wellness Products Ltd,FMCGF
JH,3224,Glucon-D | 125g | Pack of 1,Beverages,Drinks & Juices,Energy Drinks,Glucon-D,Glucose Drink,Zydus Wellness Products Ltd,FMCGF
JH,2730,Glucon D Drink Mix Orange - 450g,Beverages,Drinks & Juices,Energy Drinks,Glucon-D,Glucose Drink,Zydus Wellness Products Ltd,FMCGF
JH,4925,Glucon D Tangy Orange Flavour | 125g | Pack of 1,Beverages,Drinks & Juices,Energy Drinks,Glucon-D,Glucose Drink,Zydus Wellness Products Ltd,FMCGF
JH,30683,Cipla Prolyte ORS Orange Drink 200ml,Health & Wellness,Immunity & Health Boosters,ORS,Cipla,Glucose Drink,Cipla Health Limited,FMCGF
JH,1094,Britannia Milk Bikis Biscuits | 280g | Pack of 1,Biscuits & Snacks,Biscuits & Cookies,Glucose & Milk Biscuits,Britannia Milk Bikis,Glucose & Milk Biscuits,Britannia Industries Ltd.,FMCGF
JH,4854,Parle G Glucos Biscuits | 250g | Pack of 1,Biscuits & Snacks,Biscuits & Cookies,Glucose & Milk Biscuits,Parle - G,Glucose & Milk Biscuits,Parle Products,FMCGF
JH,4853,Parle G Biscuits | 90g | Pack of 1,Biscuits & Snacks,Biscuits & Cookies,Glucose & Milk Biscuits,Parle - G,Glucose & Milk Biscuits,Parle Products,FMCGF
JH,4934,Real Fruit Juice Pomegranate | 1 Ltr | Pack of 1,Beverages,Drinks & Juices,Fruit Juices,Real,Pomegranate juice,Dabur India Limited,FMCGF
JH,88674,Frooti Mango Drink - 2L,Beverages,Drinks & Juices,Fruit Juices,Frooti,Mango Juice,Parle Products,FMCGF
JH,8424,Frooti Cool Mango - 600ml,Beverages,Drinks & Juices,Fruit Juices,Frooti,Mango Juice,Parle Agro,FMCGF
JH,5176,Frooti Mango Drink Tetra Pack 150 ml,Beverages,Drinks & Juices,Fruit Juices,Frooti,Mango Juice,Parle Agro,FMCGF
JH,10098,Maaza Mango Drink | 250ml | Pack of 1,Beverages,Drinks & Juices,Fruit Juices,Maaza,Mango Juice,Coca-Cola,FMCGF
JH,69206,Slice Thickest Mango Drink 1.75 Ltr,Beverages,Drinks & Juices,Fruit Juices,Slice,Mango Juice,Pepsico Beverages,FMCGF
JH,4929,Maaza Refresh Mango Fruit Drink Rs.10 Tetra Pack,Beverages,Drinks & Juices,Fruit Juices,Maaza,Mango Juice,Coca-Cola,FMCGF
JH,10736,Sunfeast Bounce Orange Creme Biscuits | 56g | Pack of 1,Biscuits & Snacks,Biscuits & Cookies,Cream Biscuits,Sunfeast,Cream Biscuit,ITC Ltd,FMCGF
JH,95033,Sobisco Orange Treat Biscuits | 120g | Pack of 1,Biscuits & Snacks,Biscuits & Cookies,Cream Biscuits,Sobisco,Cream Biscuit,Sona Biscuits Ltd.,FMCGF
JH,1076,Britannia Milk Bikis Cream Biscuits | 188g | Pack of 1,Biscuits & Snacks,Biscuits & Cookies,Cream Biscuits,Britannia,Cream Biscuit,Britannia Industries Ltd.,FMCGF
JH,1270,Cadbury Fuse Chocolate | 21g | Pack of 1,"Chocolates,Desserts & Sweets",Chocolates & Sweets,Chocolates,Cadbury Fuse,Fruit & Nuts Chocolate,Mondelez India Foods,FMCGF
JH,46556,Meri Chai Elaichi Tea 250g,Beverages,"Tea, Coffee & Milk Drink",Tea,Meri Chai,Flavoured Tea,Balaji Agro,FMCGF
JH,46557,Meri Chai Health Premium Tea Jar | 250g | Pack of 1,Beverages,"Tea, Coffee & Milk Drink",Tea,Meri Chai,Leaf Tea,Balaji Agro,FMCGF
JH,3329,Appy Fizz Bottle | 250ml | Pack of 1,Beverages,Drinks & Juices,Soft Drinks,Appy Fizz,Apple Juice,Parle Agro,FMCGF
JH,75582,Parle Hide & Seek Biscuits Chocolate Chip Cookies | 412.5g | Pack of 1,Biscuits & Snacks,Biscuits & Cookies,Cookies,Parle Hide & Seek,Cookies,Parle Products,FMCGF
JH,66854,Limca Lemon | 250ml Bottle | Pack of 1,Beverages,Drinks & Juices,Soft Drinks,Limca,Flavoured Soft Drink,Coca-Cola,FMCGF
JH,26416,Appy Fizz | 160ml | Packof 1,Beverages,Drinks & Juices,Soft Drinks,Appy Fizz,Apple Juice,Parle Agro,FMCGF
JH,14077,Cadbury 5 Star Chocolate Bar | 33g | Pack of 1,"Chocolates,Desserts & Sweets",Chocolates & Sweets,Chocolates,Cadbury 5 Star,Cream Filled Chocolate,Mondelez India Foods,FMCGF
JH,11519,Red Bull Energy Drink | 250ml | Pack of 1,Beverages,Drinks & Juices,Energy Drinks,Red Bull,Energy Drink,Red Bull India,FMCGF
JH,8346,Sting Energy Drinks PET 300ml,Beverages,Drinks & Juices,Energy Drinks,Sting,Energy Drink,Pepsico Beverages,FMCGF
JH,4872,Sobisco Prime Time Elaichi Flavour Biscuits | 378g | Pack of 1,Biscuits & Snacks,Biscuits & Cookies,Sweet & Salty Biscuits,Sobisco,Flavoured Biscuits,Sona Biscuits Ltd.,FMCGF
JH,30606,Bisleri Water Bottle 5 Ltr,Beverages,Drinks & Juices,Water & Soda,Bisleri,Drinking Water,Bisleri India,FMCGF
JH,15769,Bisleri Water | 1 Ltr | Pack of 1,Beverages,Drinks & Juices,Water & Soda,Bisleri,Drinking Water,Bisleri India,FMCGF
JH,3394,Dabur Hajmola Regular Tasty Digestive Tablets 50 Pcs,Health & Wellness,Immunity & Health Boosters,Ayurveda & Digestive Health,Dabur Hajmola,Digestive Candy,Dabur India Limited,FMCGF
JH,8454,Haldirams Moong Dal Namkeen | 200g | Pack of 1,Biscuits & Snacks,Chips & Namkeen,Bhujia & Mixture,Haldiram's,Moong Dal,Haldiram Snacks Food Private Limited,FMCGF
JH,8315,Weikfield Custard Powder Vanilla | 100g | Pack of 1,Packaged & Instant Food,Noodles & Instant Food,Dessert Mixes,Weikfield,Custard Powder,Weikfield Foods Private Limited.,FMCGF
JH,10672,Nestle Maggi Cuppa Masala Noodles 70.5g,Packaged & Instant Food,Noodles & Instant Food,Noodles,Maggi,Cup Noodles,Nestle India,FMCGF
JH,92258,Britannia Treat Choco Creme Wafers 55g,Biscuits & Snacks,Biscuits & Cookies,"Rusk, Khari & Wafer",Britannia Treat,Cream Filled Wafers,Britannia Industries Ltd.,FMCGF
JH,882,Amul Fresh Cream - 250ml,Dairy & Bakery,Paneer & Cream,Dairy Cream,Amul,Cream,GCMMF,FMCGF
JH,86781,Parle Nutricrunch Sugar Free Lite Crackers 304.2g,Biscuits & Snacks,Biscuits & Cookies,Sweet & Salty Biscuits,Parle Nutricrunch,Sugar Free Cracker Biscuit,Parle Products,FMCGF
JH,67159,Britannia 50 50 Golmaal | 185g | Pack of 1,Biscuits & Snacks,Biscuits & Cookies,Sweet & Salty Biscuits,Britannia 50-50,Flavoured Crackers Biscuit,Britannia Industries Ltd.,FMCGF
JH,1054,Britannia 50-50 Sweet & Salty Biscuit | 200g | Pack of 1,Biscuits & Snacks,Biscuits & Cookies,Sweet & Salty Biscuits,Britannia 50-50,Sweet & Salty Biscuits,Britannia Industries Ltd.,FMCGF
JH,12528,Malkist Cheese Flavoured Crunchy Layered Crackers | 144g | Pack of 1,Biscuits & Snacks,Biscuits & Cookies,Sweet & Salty Biscuits,Mayora,Flavoured Crackers Biscuit,PT MAYORA INDAH TBK,FMCGF
JH,95034,Sobisco Lemon Puff 125 g,Biscuits & Snacks,Biscuits & Cookies,Sweet & Salty Biscuits,Sobisco,Cream Cracker Biscuit,Sona Biscuits Ltd.,FMCGF
JH,66991,Parle Top Rich Buttery Cracker | 250g | Pack of 1,Biscuits & Snacks,Biscuits & Cookies,Sweet & Salty Biscuits,Parle Top,Sweet & Salty Biscuits,Parle Products,FMCGF
JH,8594,Weikfield Corn Starch | 100g | Pack of 1,Packaged & Instant Food,Baking Essentials,Baking Essentials,Weikfield,Corn Flour,Weikfield Foods Private Limited.,FMCGF
JH,14213,Kelloggs Corn Flakes Original | 120g | Pack of 1,Breakfast,Breakfast & Cereals,Cornflakes & Muesli,Kellogg's,Corn Flakes,Kellogg's India,FMCGF
JH,2584,Kelloggs Corn Flakes Original Pouch | 251g | Pack of 1,Breakfast,Breakfast & Cereals,Cornflakes & Muesli,Kellogg's,Corn Flakes,Kellogg's India,FMCGF
JH,910,Amul Mithai Mate Condensed Milk - 200g,Dairy & Bakery,Other Milk Products,Condensed Milk,Amul,Condensed Milk,GCMMF,FMCGF
JH,102053,Campa Cola PET - 2L,Beverages,Drinks & Juices,Soft Drinks,Campa,Black Soft Drink,Ceylon Beverage International (Pvt) Ltd.,FMCGF
JH,86758,Pepsi Soft Drink Bottle 400ml,Beverages,Drinks & Juices,Soft Drinks,Pepsi,Black Soft Drink,Pepsico Beverages,FMCGF
JH,87588,Coca-Cola Diet Coke | 300ml | Pack of 1,Beverages,Drinks & Juices,Soft Drinks,Coca-Cola,Black Soft Drink,Coca-Cola,FMCGF
JH,1341,Coca Cola | 2.25 Ltr | Pack of 1,Beverages,Drinks & Juices,Soft Drinks,Coca-Cola,Black Soft Drink,Coca-Cola,FMCGF
JH,1344,Coca Cola | 750ml | Pack of 1,Beverages,Drinks & Juices,Soft Drinks,Coca-Cola,Black Soft Drink,Coca-Cola,FMCGF
JH,4689,Pepsi 750ml,Beverages,Drinks & Juices,Soft Drinks,Pepsi,Black Soft Drink,Pepsico Beverages,FMCGF
JH,4698,Thums Up | 750ml | Pack of 1,Beverages,Drinks & Juices,Soft Drinks,Thums Up,Black Soft Drink,Coca-Cola,FMCGF
JH,4700,Thums Up Party Pack - 2.25L,Beverages,Drinks & Juices,Soft Drinks,Thums Up,Black Soft Drink,Coca-Cola,FMCGF
JH,1342,Coca Cola 250ml,Beverages,Drinks & Juices,Soft Drinks,Coca-Cola,Black Soft Drink,Coca-Cola,FMCGF
JH,4690,Pepsi Pet Bottle 2.25 Ltr,Beverages,Drinks & Juices,Soft Drinks,Pepsi,Black Soft Drink,Pepsico Beverages,FMCGF
JH,4910,Thums Up Soft Drink | 250ml | Pack of 1,Beverages,Drinks & Juices,Soft Drinks,Thums Up,Black Soft Drink,Coca-Cola,FMCGF
JH,3081,Nescafe Classic Coffee | 24g Jar | Pack of 1,Beverages,"Tea, Coffee & Milk Drink",Coffee,Nescafe,Coffee,Nestle India,FMCGF
JH,42342,Nestle Nescafe Classic | 3.2g | Pack of 1,Beverages,"Tea, Coffee & Milk Drink",Coffee,Nescafe,Coffee,Nestle India,FMCGF
JH,79079,Storia 100% Tender Coconut Water | 1 Ltr | Pack of 1,Beverages,Drinks & Juices,Fruit Juices,Storia,Coconut Water,Storia Foods & Beverages Private Limited,FMCGF
JH,95031,Sobisco Premium Coconut Crunchy Cookies | 225g | Pack of 1,Biscuits & Snacks,Biscuits & Cookies,Cookies,Sobisco,Cookies,Sona Biscuits Ltd.,FMCGF
JH,77827,Parle 20 20 Nice Sugar Sprinkled Coconut Biscuits | 500g | Pack of 1,Biscuits & Snacks,Biscuits & Cookies,Sweet & Salty Biscuits,Parle 20-20,Flavoured Biscuits,Parle Products,FMCGF
JH,8593,Weikfield Cocoa Powder | 50g | Pack of 1,Packaged & Instant Food,Baking Essentials,Baking Essentials,Weikfield,Cocoa Powder,Weikfield Foods Private Limited.,FMCGF
JH,10367,7up Lemon Flavour 750ml,Beverages,Drinks & Juices,Soft Drinks,7UP,Clear Soft Drink,Pepsico Beverages,FMCGF
JH,10368,Mountain Dew 2.25 Ltr,Beverages,Drinks & Juices,Soft Drinks,Mountain Dew,Clear Soft Drink,Pepsico Beverages,FMCGF
JH,11732,7up 2.25 Ltr,Beverages,Drinks & Juices,Soft Drinks,7 Up,Clear Soft Drink,Pepsico Beverages,FMCGF
JH,4696,Sprite Soft Drink | 750ml | Pack of 1,Beverages,Drinks & Juices,Soft Drinks,Sprite,Clear Soft Drink,Coca-Cola,FMCGF
JH,4694,Sprite Soft Drink | 250ml | Pack of 1,Beverages,Drinks & Juices,Soft Drinks,Sprite,Clear Soft Drink,Coca-Cola,FMCGF
JH,4695,Sprite Soft Drink - 2.25L,Beverages,Drinks & Juices,Soft Drinks,Sprite,Clear Soft Drink,Coca-Cola,FMCGF
JH,69317,Mothers Recipe Tamarind Date Chutney Pouch | 200g | Pack of 1,Packaged & Instant Food,Ketchup & Spread,Chutney & Pickles,Mothers,Tamarind Chutney,Desai Foods,FMCGF
JH,5190,Nutella Hazelnut Spread With Cocoa 180g,Packaged & Instant Food,Ketchup & Spread,Jams & Spread,Nutella,Chocolate Spread,Ferrero India,FMCGF
JH,44199,Amul Chocolate Syrup 250g Bottle,Beverages,Drinks & Juices,"Syrups,Squash & Premixes",Amul,Syrup (Chocolate),GCMMF,FMCGF
JH,89008,Cadbury Original Oreo Sandwich Biscuit 108.55g,Biscuits & Snacks,Biscuits & Cookies,Cream Biscuits,Cadbury Oreo,Cream Biscuit,Mondelez India Foods,FMCGF
JH,11152,Cadbury Oreo Choco Creme Biscuit | 108.55g | Pack of 1,Biscuits & Snacks,Biscuits & Cookies,Cream Biscuits,Cadbury Oreo,Cream Biscuit,Mondelez India Foods,FMCGF
JH,1273,Cadbury Oreo Original Vanilla Sandwich Biscuit | 38.75g | Pack of 1,Biscuits & Snacks,Biscuits & Cookies,Cream Biscuits,Oreo,Cream Biscuit,Mondelez India Foods,FMCGF
JH,1272,Cadbury Oreo Chocolate Biscuit | 38.75g | Pack of 1,Biscuits & Snacks,Biscuits & Cookies,Cream Biscuits,Cadbury,Cream Biscuit,Mondelez India Foods,FMCGF
JH,2794,Lotte Choco Pie | 168g | Pack of 6,"Chocolates,Desserts & Sweets",Chocolates & Sweets,"Cakes, Cream Roll & Pies",Lotte,Cream Filled Pie,Lotte India Corporation Limited,FMCGF
JH,11748,Lotte Choco Pie | 56g | Pack of 1,"Chocolates,Desserts & Sweets",Chocolates & Sweets,"Cakes, Cream Roll & Pies",Lotte,Cream Filled Pie,Lotte India Corporation Limited,FMCGF
JH,28755,Sunfeast Dark Fantasy Yumfills Pie | 242g | Pack of 1,"Chocolates,Desserts & Sweets",Chocolates & Sweets,"Cakes, Cream Roll & Pies",Sunfeast,Cream Filled Pie,ITC Ltd,FMCGF
JH,9901,Kelloggs Chocos | 250g | Pack of 1,Breakfast,Breakfast & Cereals,Cornflakes & Muesli,Kellogg's,Choco Flakes,Kellogg's India,FMCGF
JH,68872,Kellogg's Chocos Variety Pack | 7N | 140g | Pack of 1,Breakfast,Breakfast & Cereals,Cornflakes & Muesli,Kellogg's,Corn Flakes,Kellogg's India,FMCGF
JH,9900,Kelloggs MG Chocos | 127g | Pack of 1,Breakfast,Breakfast & Cereals,Cornflakes & Muesli,Kellogg's,Choco Flakes,Kellogg's India,FMCGF
JH,84657,Cadbury Chocobakes Choco Chip Cookies | 83g | Pack of 1,Biscuits & Snacks,Biscuits & Cookies,Cookies,Cadbury Chocobakes,Cookies,Mondelez India Foods,FMCGF
JH,2943,Parle Hide & Seek With Choco Chip Cookies - 200g,Biscuits & Snacks,Biscuits & Cookies,Cookies,Parle Hide & Seek,Cookies,Parle Products,FMCGF
JH,32985,Parle Happy Happy Choco Chip Cookies 396g | Pack of 1,Biscuits & Snacks,Biscuits & Cookies,Cookies,Parle Happy Happy,Cookies,Parle Products,FMCGF
JH,4805,Parle Hide & Seek Finest Chocolate | 100g | Pack of 1,Biscuits & Snacks,Biscuits & Cookies,Cookies,Parle Hide & Seek,Cookies,Parle Products,FMCGF
JH,108,Chings Secret Red Chilli Sauce | 90g | Pack of 1,Packaged & Instant Food,Ketchup & Spread,Chinese Sauce,Chings,Red Chilli Sauce,Tata Consumer Products,FMCGF
JH,85,Chings Green Chilli Sauce Pouch | 90g | Pack of 1,Packaged & Instant Food,Ketchup & Spread,Chinese Sauce,Chings,Green Chilli Sauce,Tata Consumer Products,FMCGF
JH,871,Amul Cheese Spread Yummy Plain 200g,Packaged & Instant Food,Ketchup & Spread,Jams & Spread,Amul,Cheese Spread,GCMMF,FMCGF
JH,866,Amul Cheese Slices - 200g,Dairy & Bakery,Butter & Cheese,Cheese,Amul,Cheese Slices,GCMMF,FMCGF
JH,867,Amul Cheese Slices - 100g,Dairy & Bakery,Butter & Cheese,Cheese,Amul,Cheese Slices,GCMMF,FMCGF
JH,15680,Haldirams Chana Jor Garam 200g,Biscuits & Snacks,Chips & Namkeen,Bhujia & Mixture,Haldiram's,Chana Jor Garam,Haldiram Snacks Food Private Limited,FMCGF
JH,88349,Candzey Orange Slices 100g,"Chocolates,Desserts & Sweets",Chocolates & Sweets,Candies & Gum,Candzey,Candies,Shr Tradecorp,FMCGF
JH,88335,Candzey Mix Fruits 100g,"Chocolates,Desserts & Sweets",Chocolates & Sweets,Candies & Gum,Candzey,Candies,Shr Tradecorp,FMCGF
JH,97973,Candzey Chatpati Candy | 100g | Pack of 1,"Chocolates,Desserts & Sweets",Chocolates & Sweets,Candies & Gum,Candzey,Candies,Shr Tradecorp,FMCGF
JH,37206,Britannia Gobbles Fruity Fun Cake | 28g | Pack of 1,"Chocolates,Desserts & Sweets",Chocolates & Sweets,"Cakes, Cream Roll & Pies",Britannia Gobbles,Fruit Cake,Britannia Industries Ltd.,FMCGF
JH,1074,Britannia Gobbles Choco Chill Cake | 100g | Pack of 1,"Chocolates,Desserts & Sweets",Chocolates & Sweets,"Cakes, Cream Roll & Pies",Britannia Gobbles,Flavoured Cake,Britannia Industries Ltd.,FMCGF
JH,30020,Winkies Chocoluv Double Chocolate Vanilla Cream Layer Cake | 18g | Pack of 1,"Chocolates,Desserts & Sweets",Chocolates & Sweets,"Cakes, Cream Roll & Pies",Winkies,Flavoured Cake,Dream Bake Private Limited,FMCGF
JH,16420,Winkies Marble Slice Cake | 100g | Pack of 1,"Chocolates,Desserts & Sweets",Chocolates & Sweets,"Cakes, Cream Roll & Pies",Winkies,Flavoured Cake,Dream Bake Private Limited,FMCGF
JH,27951,Winkies Fruit Cake Sliced | 100g | Pack of 1,"Chocolates,Desserts & Sweets",Chocolates & Sweets,"Cakes, Cream Roll & Pies",Winkies,Fruit Cake,Dream Bake Private Limited,FMCGF
JH,16419,Winkies Chocolate Cake Slice | 100g | Pack of 1,"Chocolates,Desserts & Sweets",Chocolates & Sweets,"Cakes, Cream Roll & Pies",Winkies,Flavoured Cake,Dream Bake Private Limited,FMCGF
JH,67775,Britannia Gobbles Fruity Fun Cake | 100 g | Pack of 1,"Chocolates,Desserts & Sweets",Chocolates & Sweets,"Cakes, Cream Roll & Pies",Britannia,Fruit Cake,Britannia Industries Ltd.,FMCGF
JH,1065,Britannia Gobbles Choco Chill Cake | 28g | Pack of 1,"Chocolates,Desserts & Sweets",Chocolates & Sweets,"Cakes, Cream Roll & Pies",Britannia Gobbles,Flavoured Cake,Britannia Industries Ltd.,FMCGF
JH,29815,Amul Buttermilk Masti - 1Ltr,Dairy & Bakery,Lassi & Buttermilk,Buttermilk,Amul,Buttermilk,GCMMF,FMCGF
JH,903,Amul Masti Spiced Butter Milk - 200 ml,Dairy & Bakery,Lassi & Buttermilk,Buttermilk,Amul,Buttermilk,GCMMF,FMCGF
JH,97165,Britannia Good Day Butter Jeera Cookies | 450g | Pack of 1,Biscuits & Snacks,Biscuits & Cookies,Cookies,Britannia Good Day,Cookies,Britannia Industries Ltd.,FMCGF
JH,4830,Britannia Good Day Butter Cookies | 200g | Pack of 1,Biscuits & Snacks,Biscuits & Cookies,Cookies,Britannia Good Day,Cookies,Britannia Industries Ltd.,FMCGF
JH,918,Amul Pasteurised Butter | 500g | Pack of 1,Dairy & Bakery,Butter & Cheese,Butter,Amul,Pasteurised Butter,GCMMF,FMCGF
JH,919,Amul Pasteurised Butter Tub - 200g,Dairy & Bakery,Butter & Cheese,Butter,Amul,Pasteurised Butter,GCMMF,FMCGF
JH,917,Amul Pasteurised Butter - 100 g,Dairy & Bakery,Butter & Cheese,Butter,Amul,Pasteurised Butter,GCMMF,FMCGF
JH,1059,Britannia Bourbon Cream Chocolate Flavor Biscuit | 150g | Pack of 1,Biscuits & Snacks,Biscuits & Cookies,Cream Biscuits,Britannia Bourbon,Cream Biscuit,Britannia Industries Ltd.,FMCGF
JH,34751,Sunfeast Dark Fantasy Bourbon Biscuits | 54 g | Pack of 1,Biscuits & Snacks,Biscuits & Cookies,Cream Biscuits,Sunfeast,Cream Biscuit,ITC Ltd,FMCGF
JH,1060,Britannia Bourbon Cream Chocolate Flavor Biscuits | 50g | Pack of 1,Biscuits & Snacks,Biscuits & Cookies,Cream Biscuits,Britannia Bourbon,Cream Biscuit,Britannia Industries Ltd.,FMCGF
JH,88518,Haldirams Nagpur Khari Boondi 200g,Biscuits & Snacks,Chips & Namkeen,Bhujia & Mixture,Haldiram's,Boondi,Haldiram Snacks Food Private Limited,FMCGF
JH,3163,Haldirams Bhujia Sev | 400g | Pack of 1,Biscuits & Snacks,Chips & Namkeen,Bhujia & Mixture,Haldiram's,Bhujia Sev,Haldiram Snacks Food Private Limited,FMCGF
JH,3162,Haldirams Bhujia Sev 200g,Biscuits & Snacks,Chips & Namkeen,Bhujia & Mixture,Haldiram's,Bhujia Sev,Haldiram Snacks Food Private Limited,FMCGF
JH,8592,Weikfield Baking Powder | 50g | Pack of 1,Packaged & Instant Food,Baking Essentials,Baking Essentials,Weikfield,Baking Powder,Weikfield Foods Private Limited.,FMCGF
JH,96349,Nestle Lactogen Pro 2 After 6 Months Upto 12 Months Box 400g,Baby Care,Baby Food & Formula,Baby Food,Nestle Lactogen,Baby Formula Food,Nestle India,FMCGF
JH,96350,Nestle Lactogen Pro 1 Upto 6 Month Box 400g,Baby Care,Baby Food & Formula,Baby Food,Nestle Lactogen,Baby Formula Food,Nestle India,FMCGF
JH,97037,Nestle Cerelac Wheat Apple 6-24 Months 350g,Baby Care,Baby Food & Formula,Baby Food,Nestle,Baby Formula Food,Nestle India,FMCGF
JH,4614,Sugar Free Natural - 100 Pellets,"Salt, Sugar & Sweeteners",Sugar & Sweeteners,Sweetener,Sugar Free,Artificial Sweetener,Zydus Wellness Products Ltd,FMCGF
JH,4915,Eno Fruit Salt Lemon Flavor | 5g | Pack of 1,Health & Wellness,Immunity & Health Boosters,Ayurveda & Digestive Health,Eno,Fruit Salt,GSK,FMCGF
JH,4631,Haldirams Aloo Bhujia | 350g + 50g Free | Pack of 1,Biscuits & Snacks,Chips & Namkeen,Bhujia & Mixture,Haldiram's,Aloo Bhujia,Haldiram Snacks Food Private Limited,FMCGF
JH,13378,Haldirams Indian Aloo Bhujia | 42g | Pack of 1,Biscuits & Snacks,Chips & Namkeen,Bhujia & Mixture,Haldiram's,Aloo Bhujia,Haldiram Snacks Food Private Limited,FMCGF
JH,43501,Haldirams Aloo Bhujia | 200g | Pack of 1,Biscuits & Snacks,Chips & Namkeen,Bhujia & Mixture,Haldiram's,Aloo Bhujia,Haldiram Snacks Food Private Limited,FMCGF
JH,8325,Haldirams Bhujia Sev | 1 Kg | Pack of 1,Biscuits & Snacks,Chips & Namkeen,Bhujia & Mixture,Haldiram's,Bhujia Sev,Haldiram Snacks Food Private Limited,FMCGF
JH,73341,Cadbury Gems | 14.69g | Pack of 1,"Chocolates,Desserts & Sweets",Chocolates & Sweets,Candies & Gum,Cadbury Gems,Candies,Mondelez India Foods,FMCGF
JH,1271,Cadbury Nutties Chocolate Pack 30g,"Chocolates,Desserts & Sweets",Chocolates & Sweets,Candies & Gum,Cadbury Nutties,Fruit & Nut Candy,Mondelez India Foods,FMCGF
JH,4803,Parle Happy Happy Choco Chip Cookies | 60g | Pack of 1,Biscuits & Snacks,Biscuits & Cookies,Cookies,Parle Happy Happy,Cookies,Parle Products,FMCGF
JH,1245,Cadbury Chocobakes Choco Filled Cookies 57.5g,Biscuits & Snacks,Biscuits & Cookies,Cookies,Cadbury Chocobakes,Cream Filled Cookie,Mondelez India Foods,FMCGF
JH,30106,Britannia Treat Strawberry Wafers | 50g | Pack of 1,Biscuits & Snacks,Biscuits & Cookies,"Rusk, Khari & Wafer",Britannia,Cream Filled Wafers,Britannia Industries Ltd.,FMCGF
JH,877,Amul Dark Chocolate | 35g | Pack of 1,"Chocolates,Desserts & Sweets",Chocolates & Sweets,Chocolates,Amul,Dark Chocolate,GCMMF,FMCGF
JH,10024,Cadbury 5Star Chocolate | 18g | Pack of 1,"Chocolates,Desserts & Sweets",Chocolates & Sweets,Chocolates,Cadbury 5 Star,Cream Filled Chocolate,Mondelez India Foods,FMCGF
JH,95907,Sundrop Peanut Butter with Honey Crunchy | 300g | Pack of 1,Packaged & Instant Food,Ketchup & Spread,Peanut Butter,Sundrop,Peanut Butter,Agro Tech Foods,FMCGF
JH,1254,Cadbury Dairy Milk Roast Almond Chocolate Bar | 36g | Pack of 1,"Chocolates,Desserts & Sweets",Chocolates & Sweets,Chocolates,Cadbury Dairy Milk,Milk Chocolate,Mondelez India Foods,FMCGF
JH,1264,Cadbury Dairy Milk Silk Oreo Chocolate Bar | 58.5g | Pack of 1,"Chocolates,Desserts & Sweets",Chocolates & Sweets,Chocolates,Cadbury Dairy Milk,Milk Chocolate,Mondelez India Foods,FMCGF
JH,3160,Haldirams All In One 400g,Biscuits & Snacks,Chips & Namkeen,Bhujia & Mixture,Haldiram's,Mixture,Haldiram Snacks Food Private Limited,FMCGF
JH,10942,Amul Diced Cheese Blend - 200g,Dairy & Bakery,Butter & Cheese,Cheese,Amul,Diced Cheese Blend,GCMMF,FMCGF
JH,14206,Haldirams Namkeen Phalhari Chiwda | 200g | Pack of 1,Biscuits & Snacks,Chips & Namkeen,Bhujia & Mixture,Haldiram's,Chiwda Namkeen,Haldiram Snacks Food Private Limited,FMCGF
JH,14927,Saffola Masala Oats Classic Masala 38g,Breakfast,Breakfast & Cereals,Oats,Saffola,Oats,Marico limited,FMCGF
JH,10376,Maggi Pazzta Cheese Macaroni | 75g | Pack of 1,Packaged & Instant Food,Noodles & Instant Food,Pasta,Maggi,Macaroni Pasta,Nestle India,FMCGF
JH,69774,Haldirams Masala Kaju Namkeen 35g Pouch,Biscuits & Snacks,Chips & Namkeen,Namkeen Snacks,Haldiram's,Masala Kaju,Haldiram Snacks Food Private Limited,FMCGF
JH,13448,Haldirams Salted Peanuts 35g,Biscuits & Snacks,Chips & Namkeen,Namkeen Snacks,Haldiram's,Salted Peanuts,Haldiram Snacks Food Private Limited,FMCGF
JH,12307,Mothers Recipe Mixed Pickle 200g,Packaged & Instant Food,Ketchup & Spread,Chutney & Pickles,Mothers Recipe,Mixed Pickle,Desai Foods,FMCGF
JH,4644,Lays Indias Magic Masala Potato Chips 24g,Biscuits & Snacks,Chips & Namkeen,"Chips, Puffs & Nachos",Lay's,Potato Chips,Pepsico Beverages,FMCGF
JH,23192,Britannia 50-50 Maska Chaska Salted Biscuits | 38g | Pack of 1,Biscuits & Snacks,Biscuits & Cookies,Sweet & Salty Biscuits,Britannia 50-50,Flavoured Biscuits,Britannia Industries Ltd.,FMCGF
JH,16633,Haldirams Nagpur Murukku | 200g | Pack of 1,Biscuits & Snacks,Chips & Namkeen,Bhujia & Mixture,Haldiram's,Murukku,Haldiram Snacks Food Private Limited,FMCGF
JH,3064,Maggi Hot & Sweet Tomato Chilli Sauce | 500g | Pack of 1,Packaged & Instant Food,Ketchup & Spread,Chinese Sauce,Maggi,Tomato Chilli Sauce,Nestle India,FMCGF
JH,10457,Chings Secret Chilli Vinegar 170ml,Packaged & Instant Food,Ketchup & Spread,Chinese Sauce,Chings,Vinegar,Tata Consumer Products,FMCGF
JH,13366,Bambino Roasted Vermicelli 90 g,Packaged & Instant Food,Noodles & Instant Food,Vermicelli,Bambino,Roasted Vermicelli,Bambino Agro Industries,FMCGF
JH,97500,Campa Cola Bottle | 500ml | Pack of 1,Beverages,Drinks & Juices,Soft Drinks,Campa,Black Soft Drink,Ceylon Beverage International (Pvt) Ltd.,FMCGF
JH,97503,Campa Lemon Flavoured Bottle | 500ml | Pack of 1,Beverages,Drinks & Juices,Soft Drinks,Campa,Orange Soft Drink,Ceylon Beverage International (Pvt) Ltd.,FMCGF
JH,102054,Campa Lemon PET - 2L,Beverages,Drinks & Juices,Soft Drinks,Campa,Clear Soft Drink,Ceylon Beverage International (Pvt) Ltd.,FMCGF
JH,76003,Limca lime & Lemon - 750 ml,Beverages,Drinks & Juices,Soft Drinks,Limca,Flavoured Soft Drink,Coca-Cola,FMCGF
JH,4928,Maaza Mango Drink | 600ml | Pack of 1,Beverages,Drinks & Juices,Fruit Juices,Maaza,Mango Juice,Coca-Cola,FMCGF
JH,12508,Mountain Dew Pet Bottle 400ml,Beverages,Drinks & Juices,Soft Drinks,Mountain Dew,Flavoured Soft Drink,Pepsico Beverages,FMCGF
JH,17442,Rasna Fruit Fun 32 Glass Mango | 20g | Pack of 1,Beverages,Drinks & Juices,"Syrups,Squash & Premixes",Rasna,Instant Drink Mix Powder,Rasna Pvt. Ltd.,FMCGF
JH,27553,Rasna Fruit Fun 32 Glass Orange Flavour | 20g | Pack of 1,Beverages,Drinks & Juices,"Syrups,Squash & Premixes",Rasna,Instant Drink Mix Powder,Rasna Pvt. Ltd.,FMCGF
JH,28808,Real Fruit Power Masala Mixed Fruit - 1L,Beverages,Drinks & Juices,Fruit Juices,Real,Mixed Fruit Juice,Dabur India Limited,FMCGF
JH,68913,Real Masala Pomegranate Juice - 1L,Beverages,Drinks & Juices,Fruit Juices,Real,Pomegranate juice,Dabur India Limited,FMCGF
JH,12721,Slice 125ml Tetra Pack,Beverages,Drinks & Juices,Fruit Juices,Slice,Mango Juice,Pepsico Beverages,FMCGF
JH,66348,Parle G Original Glucose Biscuit | 800g | Pack of 1,Biscuits & Snacks,Biscuits & Cookies,Glucose & Milk Biscuits,Parle - G,Glucose & Milk Biscuits,Parle Products,FMCGF
JH,16952,Britannia Marie Gold Biscuits - 1Kg,Biscuits & Snacks,Biscuits & Cookies,Marie & Digestive,Britannia Marie Gold,Marie & Digestive Biscuit,Britannia Industries Ltd.,FMCGF
JH,13232,Britannia Nutri Choice Digestive High Fibre 192g,Biscuits & Snacks,Biscuits & Cookies,Marie & Digestive,Britannia Nutri Choice,Marie & Digestive Biscuit,Britannia Industries Ltd.,FMCGF
JH,93823,Nissin Hot & Spicy Korean Kimchi Flavour Instant Noodles 80 g,Packaged & Instant Food,Noodles & Instant Food,Noodles,Nissin,Instant Noodles,Nissin Foods,FMCGF
JH,3102,Knorr Tomato Chatpata Soup | 13.5g | Pack of 1,Packaged & Instant Food,Noodles & Instant Food,Soup,Knorr,Soup (Vegetable),HUL,FMCGF
JH,10767,Knorr Sweet Corn Veg Soup | 9.5g | Pack of 1,Packaged & Instant Food,Noodles & Instant Food,Soup,Knorr,Soup (Vegetable),HUL,FMCGF
JH,13312,Weikfield Baking Soda 100g,Packaged & Instant Food,Baking Essentials,Baking Essentials,Weikfield,Baking Soda,Weikfield Foods Private Limited.,FMCGF
JH,78769,Dnv Non Fruit Vinegar 670ml,Packaged & Instant Food,Ketchup & Spread,Chinese Sauce,Dnv,Vinegar,DNV Food Products,FMCGF
JH,2498,Tata Tea Gold 100g,Beverages,"Tea, Coffee & Milk Drink",Tea,Tata Tea,Dust Tea,Tata Consumer Products,FMCGF
JH,95,Chings Secret Dark Soy Sauce | 210g | Pack of 1,Packaged & Instant Food,Ketchup & Spread,Chinese Sauce,Chings,Soya Sauce,Tata Consumer Products,FMCGF
JH,42335,Lijjat Moong Papad | 200g | Pack of 1,Papad & Fryums,Papad & Fryums,Papad & Fryums,Lijjat,Moong Papad,Shri Mahila Griha Udyog Lijjat Papad,FMCGF
JH,10285,Doritos Sweet Chili Flavour Chips | 45g | Pack of 1,Biscuits & Snacks,Chips & Namkeen,"Chips, Puffs & Nachos",Doritos,Nachos,Pepsico Foods,FMCGF
JH,87054,Pepsi Black Can 300ml,Beverages,Drinks & Juices,Soft Drinks,Pepsi,Black Soft Drink,Pepsico Beverages,FMCGF
JH,72102,Nestlé Munch Max | 37.5g | Pack of 1,"Chocolates,Desserts & Sweets",Chocolates & Sweets,Chocolates,Nestle,Wafer Chocolate,Nestle India,FMCGF
JH,42327,Nestle Kit Kat BBE | 38.5g | Pack of 1,"Chocolates,Desserts & Sweets",Chocolates & Sweets,Chocolates,Nestle KitKat,Wafer Chocolate,Nestle India,FMCGF
JH,3179,Maggi Instant 2 Min Noodle Masala | 560g | Pack of 1,Packaged & Instant Food,Noodles & Instant Food,Noodles,Maggi,Instant Noodles,Nestle India,FMCGF
JH,101111,Cadbury Bournville Classic 50% Dark Chocolate Bar | 30g | Pack of 1,"Chocolates,Desserts & Sweets",Chocolates & Sweets,Chocolates,Bournville,Dark Chocolate,Mondelez India Foods,FMCGF
JH,86905,Cadbury Dairy Milk Silk Fruit And Nut 51g,"Chocolates,Desserts & Sweets",Chocolates & Sweets,Chocolates,Cadbury Dairy Milk,Milk Chocolate,Mondelez India Foods,FMCGF
JH,10408,Cadbury Dairy Milk Crackle | 36g | Pack of 1,"Chocolates,Desserts & Sweets",Chocolates & Sweets,Chocolates,Cadbury,Milk Chocolate,Mondelez India Foods,FMCGF
JH,1244,Cadbury Chocobakes Cakes | 17g | Pack of 1,"Chocolates,Desserts & Sweets",Chocolates & Sweets,"Cakes, Cream Roll & Pies",Cadbury Chocobakes,Flavoured Cake,Mondelez India Foods,FMCGF
JH,102071,Marino Premium Elaichi Rusk | 1 Kg | Pack of 1,Biscuits & Snacks,Biscuits & Cookies,"Rusk, Khari & Wafer",Marino,Rusk,Marino Food Products,FMCGF
CG,13755,Bambino Instant Sevai Kheer - 35g,Packaged & Instant Food,Noodles & Instant Food,Vermicelli,Bambino,Kheer Mix,Bambino Agro Industries,FMCGF
CG,8592,Weikfield Baking Powder | 50g | Pack of 1,Packaged & Instant Food,Baking Essentials,Baking Essentials,Weikfield,Baking Powder,Weikfield Foods Private Limited.,FMCGF
CG,8594,Weikfield Corn Starch | 100g | Pack of 1,Packaged & Instant Food,Baking Essentials,Baking Essentials,Weikfield,Corn Flour,Weikfield Foods Private Limited.,FMCGF
CG,66348,Parle G Original Glucose Biscuit | 800g | Pack of 1,Biscuits & Snacks,Biscuits & Cookies,Glucose & Milk Biscuits,Parle - G,Glucose & Milk Biscuits,Parle Products,FMCGF
CG,100491,Sunder Suji Rusk | 1 Kg | Pack of 1,Biscuits & Snacks,Biscuits & Cookies,"Rusk, Khari & Wafer",Sunder,Rusk,Sunder Biscuit Industries,FMCGF
CG,43506,Britannia Good Day Cashew Cookies Family Pack | 827g | Pack of 1,Biscuits & Snacks,Biscuits & Cookies,Cookies,Britannia Good Day,Cookies,Britannia Industries Ltd.,FMCGF
CG,43504,Parle Marie 4 Stay Fresh Packs Inside | 800g | Pack of 1,Biscuits & Snacks,Biscuits & Cookies,Marie & Digestive,Parle marie,Marie & Digestive Biscuit,Parle Products,FMCGF
CG,103047,Britannia Toastea Premium Bake Rusk With Real Elaichi | 1kg | Pack of 1,Biscuits & Snacks,Biscuits & Cookies,"Rusk, Khari & Wafer",Britannia,Rusk,Britannia Industries Ltd.,FMCGF
CG,16952,Britannia Marie Gold Biscuits - 1Kg,Biscuits & Snacks,Biscuits & Cookies,Marie & Digestive,Britannia Marie Gold,Marie & Digestive Biscuit,Britannia Industries Ltd.,FMCGF
CG,43505,Parle Nutricrunch Digestives | 1 Kg | Pack of 1,Biscuits & Snacks,Biscuits & Cookies,Marie & Digestive,Parle Nutricrunch,Marie & Digestive Biscuit,Parle Products,FMCGF
CG,1061,Britannia Nutri Choice Digestive High Fiber Biscuits - 960g,Biscuits & Snacks,Biscuits & Cookies,Marie & Digestive,Britannia Nutri Choice,Marie & Digestive Biscuit,Britannia Industries Ltd.,FMCGF
CG,1272,Cadbury Oreo Chocolate Biscuit | 38.75g | Pack of 1,Biscuits & Snacks,Biscuits & Cookies,Cream Biscuits,Cadbury,Cream Biscuit,Mondelez India Foods,FMCGF
CG,83486,Britannia Toastea Real Elachi Premium Bake Rusk | 250g | Pack of 1,Biscuits & Snacks,Biscuits & Cookies,"Rusk, Khari & Wafer",Britannia,Rusk,Britannia Industries Ltd.,FMCGF
CG,67095,Parle-G Gold Biscuits | 1 Kg | Pack of 1,Biscuits & Snacks,Biscuits & Cookies,Glucose & Milk Biscuits,Parle - G,Glucose & Milk Biscuits,Parle Products,FMCGF
CG,78546,Parle Hide & Seek Assorted Biscuits | Buy 3 Get 1 Free | 400g | Pack of 4,Biscuits & Snacks,Biscuits & Cookies,Cookies,Parle Hide & Seek,Flavoured Biscuits,Parle Products,FMCGF
CG,68867,Parle Monaco Biscuits Classic Regular - 371.2g,Biscuits & Snacks,Biscuits & Cookies,Sweet & Salty Biscuits,Parle Monaco,Flavoured Biscuits,Parle Products,FMCGF
CG,68858,Britannia Marie Gold Biscuit 250g,Biscuits & Snacks,Biscuits & Cookies,Marie & Digestive,Britannia Marie Gold,Marie & Digestive Biscuit,Britannia Industries Ltd.,FMCGF
CG,4853,Parle G Biscuits | 90g | Pack of 1,Biscuits & Snacks,Biscuits & Cookies,Glucose & Milk Biscuits,Parle - G,Glucose & Milk Biscuits,Parle Products,FMCGF
CG,4805,Parle Hide & Seek Finest Chocolate | 100g | Pack of 1,Biscuits & Snacks,Biscuits & Cookies,Cookies,Parle Hide & Seek,Cookies,Parle Products,FMCGF
CG,1092,Britannia Marie Gold Biscuits | 64 g | Pack of 1,Biscuits & Snacks,Biscuits & Cookies,Marie & Digestive,Britannia Marie Gold,Marie & Digestive Biscuit,Britannia Industries Ltd.,FMCGF
CG,1060,Britannia Bourbon Cream Chocolate Flavor Biscuits | 50g | Pack of 1,Biscuits & Snacks,Biscuits & Cookies,Cream Biscuits,Britannia Bourbon,Cream Biscuit,Britannia Industries Ltd.,FMCGF
CG,4854,Parle G Glucos Biscuits | 250g | Pack of 1,Biscuits & Snacks,Biscuits & Cookies,Glucose & Milk Biscuits,Parle - G,Glucose & Milk Biscuits,Parle Products,FMCGF
CG,29262,Britannia Jim Jam Naughty Jam Biscuit | 57g | Pack of 1,Biscuits & Snacks,Biscuits & Cookies,Cream Biscuits,Britannia Treat,Cream Biscuit,Britannia Industries Ltd.,FMCGF
CG,12528,Malkist Cheese Flavoured Crunchy Layered Crackers | 144g | Pack of 1,Biscuits & Snacks,Biscuits & Cookies,Sweet & Salty Biscuits,Mayora,Flavoured Crackers Biscuit,PT MAYORA INDAH TBK,FMCGF
CG,2943,Parle Hide & Seek With Choco Chip Cookies - 200g,Biscuits & Snacks,Biscuits & Cookies,Cookies,Parle Hide & Seek,Cookies,Parle Products,FMCGF
CG,4814,Parle Monaco Classic Regular Salted Biscuit | 52.2g | Pack of 1,Biscuits & Snacks,Biscuits & Cookies,Sweet & Salty Biscuits,Parle Monaco,Flavoured Biscuits,Parle Products,FMCGF
CG,4834,Parle Krackjack Biscuit | 176.4g | Pack of 1,Biscuits & Snacks,Biscuits & Cookies,Sweet & Salty Biscuits,Parle,Flavoured Biscuits,Parle Products,FMCGF
CG,1076,Britannia Milk Bikis Cream Biscuits | 188g | Pack of 1,Biscuits & Snacks,Biscuits & Cookies,Cream Biscuits,Britannia,Cream Biscuit,Britannia Industries Ltd.,FMCGF
CG,13232,Britannia Nutri Choice Digestive High Fibre 192g,Biscuits & Snacks,Biscuits & Cookies,Marie & Digestive,Britannia Nutri Choice,Marie & Digestive Biscuit,Britannia Industries Ltd.,FMCGF
CG,1120,Britannia Treat Jim Jam Biscuits | 138g | Pack of 1,Biscuits & Snacks,Biscuits & Cookies,Cream Biscuits,Treat Jim Jam,Cream Biscuit,Britannia Industries Ltd.,FMCGF
CG,71046,Britannia 50 50 Maska Chaska Salted Biscuits 100g,Biscuits & Snacks,Biscuits & Cookies,Sweet & Salty Biscuits,Britannia 50-50,Flavoured Biscuits,Britannia Industries Ltd.,FMCGF
CG,68555,Britannia Good Day Cashew Cookies | 200g | Pack of 1,Biscuits & Snacks,Biscuits & Cookies,Cookies,Britannia Good Day,Cookies,Britannia Industries Ltd.,FMCGF
CG,1088,Britannia Little Hearts | 26g | Pack of 1,Biscuits & Snacks,Biscuits & Cookies,Sweet & Salty Biscuits,Britannia,Flavoured Biscuits,Britannia Industries Ltd.,FMCGF
CG,11152,Cadbury Oreo Choco Creme Biscuit | 108.55g | Pack of 1,Biscuits & Snacks,Biscuits & Cookies,Cream Biscuits,Cadbury Oreo,Cream Biscuit,Mondelez India Foods,FMCGF
CG,1089,Britannia Little Hearts Classic Biscuits | 70g | Pack of 1,Biscuits & Snacks,Biscuits & Cookies,Sweet & Salty Biscuits,Little hearts,Flavoured Biscuits,Britannia Industries Ltd.,FMCGF
CG,1273,Cadbury Oreo Original Vanilla Sandwich Biscuit | 38.75g | Pack of 1,Biscuits & Snacks,Biscuits & Cookies,Cream Biscuits,Oreo,Cream Biscuit,Mondelez India Foods,FMCGF
CG,89008,Cadbury Original Oreo Sandwich Biscuit 108.55g,Biscuits & Snacks,Biscuits & Cookies,Cream Biscuits,Cadbury Oreo,Cream Biscuit,Mondelez India Foods,FMCGF
CG,97165,Britannia Good Day Butter Jeera Cookies | 450g | Pack of 1,Biscuits & Snacks,Biscuits & Cookies,Cookies,Britannia Good Day,Cookies,Britannia Industries Ltd.,FMCGF
CG,23192,Britannia 50-50 Maska Chaska Salted Biscuits | 38g | Pack of 1,Biscuits & Snacks,Biscuits & Cookies,Sweet & Salty Biscuits,Britannia 50-50,Flavoured Biscuits,Britannia Industries Ltd.,FMCGF
CG,4803,Parle Happy Happy Choco Chip Cookies | 60g | Pack of 1,Biscuits & Snacks,Biscuits & Cookies,Cookies,Parle Happy Happy,Cookies,Parle Products,FMCGF
CG,1059,Britannia Bourbon Cream Chocolate Flavor Biscuit | 150g | Pack of 1,Biscuits & Snacks,Biscuits & Cookies,Cream Biscuits,Britannia Bourbon,Cream Biscuit,Britannia Industries Ltd.,FMCGF
CG,10721,Parle Marie Biscuits | 263.2g | Pack of 1,Biscuits & Snacks,Biscuits & Cookies,Marie & Digestive,Parle,Marie & Digestive Biscuit,Parle Products,FMCGF
CG,1245,Cadbury Chocobakes Choco Filled Cookies 57.5g,Biscuits & Snacks,Biscuits & Cookies,Cookies,Cadbury Chocobakes,Cream Filled Cookie,Mondelez India Foods,FMCGF
CG,1093,Britannia Milk Bikis Biscuits | 170.5g | Pack of 1,Biscuits & Snacks,Biscuits & Cookies,Glucose & Milk Biscuits,Britannia Milk Bikis,Glucose & Milk Biscuits,Britannia Industries Ltd.,FMCGF
CG,92258,Britannia Treat Choco Creme Wafers 55g,Biscuits & Snacks,Biscuits & Cookies,"Rusk, Khari & Wafer",Britannia Treat,Cream Filled Wafers,Britannia Industries Ltd.,FMCGF
CG,10736,Sunfeast Bounce Orange Creme Biscuits | 56g | Pack of 1,Biscuits & Snacks,Biscuits & Cookies,Cream Biscuits,Sunfeast,Cream Biscuit,ITC Ltd,FMCGF
CG,69903,Britannia Nice Time Coconut Biscuit | 52.7g | Pack of 1,Biscuits & Snacks,Biscuits & Cookies,Sweet & Salty Biscuits,Britannia,Flavoured Biscuits,Britannia Industries Ltd.,FMCGF
CG,30106,Britannia Treat Strawberry Wafers | 50g | Pack of 1,Biscuits & Snacks,Biscuits & Cookies,"Rusk, Khari & Wafer",Britannia,Cream Filled Wafers,Britannia Industries Ltd.,FMCGF
CG,9901,Kelloggs Chocos | 250g | Pack of 1,Breakfast,Breakfast & Cereals,Cornflakes & Muesli,Kellogg's,Choco Flakes,Kellogg's India,FMCGF
CG,9900,Kelloggs MG Chocos | 127g | Pack of 1,Breakfast,Breakfast & Cereals,Cornflakes & Muesli,Kellogg's,Choco Flakes,Kellogg's India,FMCGF
CG,2584,Kelloggs Corn Flakes Original Pouch | 251g | Pack of 1,Breakfast,Breakfast & Cereals,Cornflakes & Muesli,Kellogg's,Corn Flakes,Kellogg's India,FMCGF
CG,68872,Kellogg's Chocos Variety Pack | 7N | 140g | Pack of 1,Breakfast,Breakfast & Cereals,Cornflakes & Muesli,Kellogg's,Corn Flakes,Kellogg's India,FMCGF
CG,14213,Kelloggs Corn Flakes Original | 120g | Pack of 1,Breakfast,Breakfast & Cereals,Cornflakes & Muesli,Kellogg's,Corn Flakes,Kellogg's India,FMCGF
CG,99564,Kellogg's Muesli Fruit Nut & Seeds | 72g | Pack of 1,Breakfast,Breakfast & Cereals,Cornflakes & Muesli,Kellogg's,Muesli,Kellogg's India,FMCGF
CG,2777,Kellogg's Muesli Fruit & Nut | 500g | Pack of 1,Breakfast,Breakfast & Cereals,Cornflakes & Muesli,Kellogg's,Choco Flakes,Kellogg's India,FMCGF
CG,102267,Kellogg's Muesli 0% Added Sugar | 400g | Pack of 1,Breakfast,Breakfast & Cereals,Cornflakes & Muesli,Kellogg's,Muesli,Kellogg's India,FMCGF
CG,2599,Saffola Masala Oats Classic | 500g | Pack of 1,Breakfast,Breakfast & Cereals,Oats,Saffola,Oats,Marico limited,FMCGF
CG,2601,Saffola Oats Natural | 1 Kg + 300g Free | Pack of 1,Breakfast,Breakfast & Cereals,Oats,Saffola,Oats,Marico limited,FMCGF
CG,2598,Quaker Wholegrain Oats | 400g | Pack of 1,Breakfast,Breakfast & Cereals,Oats,Quaker,Oats,Pepsico Foods,FMCGF
CG,14056,Saffola Masala Oats Tasty Evening Snack Fibre Rich Veggie Twist | 38g | Pack of 1,Breakfast,Breakfast & Cereals,Oats,Saffola,Oats,Marico limited,FMCGF
CG,14927,Saffola Masala Oats Classic Masala 38g,Breakfast,Breakfast & Cereals,Oats,Saffola,Oats,Marico limited,FMCGF
CG,918,Amul Pasteurised Butter | 500g | Pack of 1,Dairy & Bakery,Butter & Cheese,Butter,Amul,Pasteurised Butter,GCMMF,FMCGF
CG,919,Amul Pasteurised Butter Tub - 200g,Dairy & Bakery,Butter & Cheese,Butter,Amul,Pasteurised Butter,GCMMF,FMCGF
CG,917,Amul Pasteurised Butter - 100 g,Dairy & Bakery,Butter & Cheese,Butter,Amul,Pasteurised Butter,GCMMF,FMCGF
CG,866,Amul Cheese Slices - 200g,Dairy & Bakery,Butter & Cheese,Cheese,Amul,Cheese Slices,GCMMF,FMCGF
CG,867,Amul Cheese Slices - 100g,Dairy & Bakery,Butter & Cheese,Cheese,Amul,Cheese Slices,GCMMF,FMCGF
CG,871,Amul Cheese Spread Yummy Plain 200g,Packaged & Instant Food,Ketchup & Spread,Jams & Spread,Amul,Cheese Spread,GCMMF,FMCGF
CG,924,Amul Processed Cheese Chiplets - 200g - Pack of 8 Units,Dairy & Bakery,Butter & Cheese,Cheese,Amul,Processed Cheese Chiplets,GCMMF,FMCGF
CG,10942,Amul Diced Cheese Blend - 200g,Dairy & Bakery,Butter & Cheese,Cheese,Amul,Diced Cheese Blend,GCMMF,FMCGF
CG,923,Amul Processed Cheese - 200g,Dairy & Bakery,Butter & Cheese,Cheese,Amul,Processed Cheese,GCMMF,FMCGF
CG,4631,Haldirams Aloo Bhujia | 350g + 50g Free | Pack of 1,Biscuits & Snacks,Chips & Namkeen,Bhujia & Mixture,Haldiram's,Aloo Bhujia,Haldiram Snacks Food Private Limited,FMCGF
CG,43501,Haldirams Aloo Bhujia | 200g | Pack of 1,Biscuits & Snacks,Chips & Namkeen,Bhujia & Mixture,Haldiram's,Aloo Bhujia,Haldiram Snacks Food Private Limited,FMCGF
CG,13378,Haldirams Indian Aloo Bhujia | 42g | Pack of 1,Biscuits & Snacks,Chips & Namkeen,Bhujia & Mixture,Haldiram's,Aloo Bhujia,Haldiram Snacks Food Private Limited,FMCGF
CG,81224,Haldirams Ratlami Sev 200g,Biscuits & Snacks,Chips & Namkeen,Bhujia & Mixture,Haldiram's,Ratlami Sev,Haldiram Snacks Food Private Limited,FMCGF
CG,8325,Haldirams Bhujia Sev | 1 Kg | Pack of 1,Biscuits & Snacks,Chips & Namkeen,Bhujia & Mixture,Haldiram's,Bhujia Sev,Haldiram Snacks Food Private Limited,FMCGF
CG,3163,Haldirams Bhujia Sev | 400g | Pack of 1,Biscuits & Snacks,Chips & Namkeen,Bhujia & Mixture,Haldiram's,Bhujia Sev,Haldiram Snacks Food Private Limited,FMCGF
CG,13381,Haldirams Bhujia Sev | 35g | Pack of 1,Biscuits & Snacks,Chips & Namkeen,Bhujia & Mixture,Haldiram's,Bhujia Sev,Haldiram Snacks Food Private Limited,FMCGF
CG,3162,Haldirams Bhujia Sev 200g,Biscuits & Snacks,Chips & Namkeen,Bhujia & Mixture,Haldiram's,Bhujia Sev,Haldiram Snacks Food Private Limited,FMCGF
CG,88518,Haldirams Nagpur Khari Boondi 200g,Biscuits & Snacks,Chips & Namkeen,Bhujia & Mixture,Haldiram's,Boondi,Haldiram Snacks Food Private Limited,FMCGF
CG,8454,Haldirams Moong Dal Namkeen | 200g | Pack of 1,Biscuits & Snacks,Chips & Namkeen,Bhujia & Mixture,Haldiram's,Moong Dal,Haldiram Snacks Food Private Limited,FMCGF
CG,13377,Haldirams Moong Dal Namkeen 35g,Biscuits & Snacks,Chips & Namkeen,Bhujia & Mixture,Haldiram's,Moong Dal,Haldiram Snacks Food Private Limited,FMCGF
CG,46467,Balaji Wafers Gathiya | 300g | Pack of 1,Biscuits & Snacks,Chips & Namkeen,Bhujia & Mixture,Balaji Wafers,Gathiya Namkeen,Balaji Wafers Private Limited,FMCGF
CG,11687,Haldirams Punjabi Tadka | 200g | Pack of 1,Biscuits & Snacks,Chips & Namkeen,Bhujia & Mixture,Haldiram's,Tadka,Haldiram Snacks Food Private Limited,FMCGF
CG,8308,Haldirams Mini Bhakarwadi | 200g | Pack of 1,Biscuits & Snacks,Chips & Namkeen,Bhujia & Mixture,Haldiram's,Bhakarwadi,Haldiram Snacks Food Private Limited,FMCGF
CG,3160,Haldirams All In One 400g,Biscuits & Snacks,Chips & Namkeen,Bhujia & Mixture,Haldiram's,Mixture,Haldiram Snacks Food Private Limited,FMCGF
CG,8327,Haldirams Namkeen Khatta Meetha 400g,Biscuits & Snacks,Chips & Namkeen,Bhujia & Mixture,Haldiram's,Mixture,Haldiram Snacks Food Private Limited,FMCGF
CG,90157,Haldirams Indian Snacks Mixture | 400g | Pack of 1,Biscuits & Snacks,Chips & Namkeen,Bhujia & Mixture,Haldiram's,Mixture,Haldiram Snacks Food Private Limited,FMCGF
CG,14206,Haldirams Namkeen Phalhari Chiwda | 200g | Pack of 1,Biscuits & Snacks,Chips & Namkeen,Bhujia & Mixture,Haldiram's,Chiwda Namkeen,Haldiram Snacks Food Private Limited,FMCGF
CG,8456,Haldirams Lite Chiwda 200g,Biscuits & Snacks,Chips & Namkeen,Bhujia & Mixture,Haldiram's,Chiwda Namkeen,Haldiram Snacks Food Private Limited,FMCGF
CG,83784,Haldirams Nagpur Mixture | 200g | Pouch | Pack of 1,Biscuits & Snacks,Chips & Namkeen,Bhujia & Mixture,Haldiram's,Mixture,Haldiram Snacks Food Private Limited,FMCGF
CG,13187,Haldirams Panchratan Mixture 200g | Pack of 1,Biscuits & Snacks,Chips & Namkeen,Bhujia & Mixture,Haldiram's,Mixture,Haldiram Snacks Food Private Limited,FMCGF
CG,72143,Jalaram Mahasamund Ganga Jamuna Gold Namkeen | 1 Kg | Pack of 1,Biscuits & Snacks,Chips & Namkeen,Bhujia & Mixture,Jalaram,Mixture,Jalaram Mixture Bhandar,FMCGF
CG,84933,Ganga Jamuna Gold Salty Namkeen | 500g | Pack of 1,Biscuits & Snacks,Chips & Namkeen,Bhujia & Mixture,Ganga Jamuna,Mixture,Gangapati Namkeen Bhandar,FMCGF
CG,92815,Haldiram's Nagpur Lemon Bhel | 200g | Pack of 1,Biscuits & Snacks,Chips & Namkeen,Bhujia & Mixture,Haldiram's,Bhel,Haldiram Snacks Food Private Limited,FMCGF
CG,13339,Bingo Mad Angels Mmm Masala 60-64g | Pack of 1,Biscuits & Snacks,Chips & Namkeen,"Chips, Puffs & Nachos",Bingo,Nachos,ITC Ltd,FMCGF
CG,95165,Bingo Mad Angles VeryPeri Peri 60-64g | Pack of 1,Biscuits & Snacks,Chips & Namkeen,"Chips, Puffs & Nachos",Bingo,Nachos,ITC Ltd,FMCGF
CG,69774,Haldirams Masala Kaju Namkeen 35g Pouch,Biscuits & Snacks,Chips & Namkeen,Namkeen Snacks,Haldiram's,Masala Kaju,Haldiram Snacks Food Private Limited,FMCGF
CG,8449,Haldirams Tasty Nuts 200g,Biscuits & Snacks,Chips & Namkeen,Namkeen Snacks,Haldiram's,Flavoured Peanuts,Haldiram Snacks Food Private Limited,FMCGF
CG,13448,Haldirams Salted Peanuts 35g,Biscuits & Snacks,Chips & Namkeen,Namkeen Snacks,Haldiram's,Salted Peanuts,Haldiram Snacks Food Private Limited,FMCGF
CG,829,Act II Chilli Surprise Instant Popcorn | 35g | Pack of 1,Biscuits & Snacks,Chips & Namkeen,Popcorn,Act II,Flavoured Popcorn,Agro Tech Foods,FMCGF
CG,832,Act II Magic Butter Flavour Popcorn | 35g | Pack of 1,Biscuits & Snacks,Chips & Namkeen,Popcorn,Act II,Flavoured Popcorn,Agro Tech Foods,FMCGF
CG,836,Act II Popcorn Classic Salted Instant Popcorn | 35g | Pack of 1,Biscuits & Snacks,Chips & Namkeen,Popcorn,Act II,Flavoured Popcorn,Agro Tech Foods,FMCGF
CG,72153,Act II Instant Golden Sizzle Popcorn | 35g | Pack of 1,Biscuits & Snacks,Chips & Namkeen,Popcorn,Act II,Flavoured Popcorn,Agro Tech Foods,FMCGF
CG,4638,Lays West Indies Hot N Sweet Chilli Potato Chips 24g,Biscuits & Snacks,Chips & Namkeen,"Chips, Puffs & Nachos",Lay's,Potato Chips,Pepsico Foods,FMCGF
CG,4637,Lays American Style Cream & Onion Flavour Potato Chips 48g,Biscuits & Snacks,Chips & Namkeen,"Chips, Puffs & Nachos",Lay's,Potato Chips,Pepsico Foods,FMCGF
CG,68930,Balaji Wafers Masala Wheels | 45g | Pack of 1,Biscuits & Snacks,Chips & Namkeen,"Chips, Puffs & Nachos",Balaji Wafers,Chips,Balaji Wafers Private Limited,FMCGF
CG,4639,Lay's India's Magic Masala Potato Chips | 48g | Pack of 1,Biscuits & Snacks,Chips & Namkeen,"Chips, Puffs & Nachos",Lay's,Potato Chips,Pepsico Foods,FMCGF
CG,4668,Uncle Chipps Spice Treat Potato Chips | 48.1g | Pack of 1,Biscuits & Snacks,Chips & Namkeen,"Chips, Puffs & Nachos",Uncle Chipps,Potato Chips,Pepsico Foods,FMCGF
CG,4644,Lays Indias Magic Masala Potato Chips 24g,Biscuits & Snacks,Chips & Namkeen,"Chips, Puffs & Nachos",Lay's,Potato Chips,Pepsico Beverages,FMCGF
CG,4643,Lays American Style Cream & Onion Flavour Potato Chips 24g,Biscuits & Snacks,Chips & Namkeen,"Chips, Puffs & Nachos",Lay's,Potato Chips,Pepsico Foods,FMCGF
CG,4669,Uncle Chips Plain Salted Potato Chips 24g,Biscuits & Snacks,Chips & Namkeen,"Chips, Puffs & Nachos",Uncle Chipps,Potato Chips,Pepsico Foods,FMCGF
CG,10282,Lay's Chile Lemon Flavour Potato Chips | 24g | Pack of 1,Biscuits & Snacks,Chips & Namkeen,"Chips, Puffs & Nachos",Lay's,Potato Chips,Pepsico Foods,FMCGF
CG,92129,Bingo Tedhe Medhe Masala Tadka 75-80g | Pack of 1,Biscuits & Snacks,Chips & Namkeen,"Chips, Puffs & Nachos",Bingo,Puffs,ITC Ltd,FMCGF
CG,10287,Kurkure Puffcorn Yummy Cheese 52g,Biscuits & Snacks,Chips & Namkeen,"Chips, Puffs & Nachos",Kurkure,Puffs,Pepsico Foods,FMCGF
CG,4636,Kurkure Yummy Cheese Puffcorn | 28g | Pack of 1,Biscuits & Snacks,Chips & Namkeen,"Chips, Puffs & Nachos",Kurkure,Puffs,Pepsico Foods,FMCGF
CG,4634,Kurkure Namkeen Masala Munch | 78g | Pack of 1,Biscuits & Snacks,Chips & Namkeen,"Chips, Puffs & Nachos",Kurkure,Puffs,Pepsico Foods,FMCGF
CG,4632,Kurkure Masala Munch | 38g | Pack of 1,Biscuits & Snacks,Chips & Namkeen,"Chips, Puffs & Nachos",Kurkure,Puffs,Pepsico Foods,FMCGF
CG,16633,Haldirams Nagpur Murukku | 200g | Pack of 1,Biscuits & Snacks,Chips & Namkeen,Bhujia & Mixture,Haldiram's,Murukku,Haldiram Snacks Food Private Limited,FMCGF
CG,67775,Britannia Gobbles Fruity Fun Cake | 100 g | Pack of 1,"Chocolates,Desserts & Sweets",Chocolates & Sweets,"Cakes, Cream Roll & Pies",Britannia,Fruit Cake,Britannia Industries Ltd.,FMCGF
CG,1244,Cadbury Chocobakes Cakes | 17g | Pack of 1,"Chocolates,Desserts & Sweets",Chocolates & Sweets,"Cakes, Cream Roll & Pies",Cadbury Chocobakes,Flavoured Cake,Mondelez India Foods,FMCGF
CG,73341,Cadbury Gems | 14.69g | Pack of 1,"Chocolates,Desserts & Sweets",Chocolates & Sweets,Candies & Gum,Cadbury Gems,Candies,Mondelez India Foods,FMCGF
CG,1271,Cadbury Nutties Chocolate Pack 30g,"Chocolates,Desserts & Sweets",Chocolates & Sweets,Candies & Gum,Cadbury Nutties,Fruit & Nut Candy,Mondelez India Foods,FMCGF
CG,2794,Lotte Choco Pie | 168g | Pack of 6,"Chocolates,Desserts & Sweets",Chocolates & Sweets,"Cakes, Cream Roll & Pies",Lotte,Cream Filled Pie,Lotte India Corporation Limited,FMCGF
CG,28755,Sunfeast Dark Fantasy Yumfills Pie | 242g | Pack of 1,"Chocolates,Desserts & Sweets",Chocolates & Sweets,"Cakes, Cream Roll & Pies",Sunfeast,Cream Filled Pie,ITC Ltd,FMCGF
CG,11748,Lotte Choco Pie | 56g | Pack of 1,"Chocolates,Desserts & Sweets",Chocolates & Sweets,"Cakes, Cream Roll & Pies",Lotte,Cream Filled Pie,Lotte India Corporation Limited,FMCGF
CG,877,Amul Dark Chocolate | 35g | Pack of 1,"Chocolates,Desserts & Sweets",Chocolates & Sweets,Chocolates,Amul,Dark Chocolate,GCMMF,FMCGF
CG,14077,Cadbury 5 Star Chocolate Bar | 33g | Pack of 1,"Chocolates,Desserts & Sweets",Chocolates & Sweets,Chocolates,Cadbury 5 Star,Cream Filled Chocolate,Mondelez India Foods,FMCGF
CG,10024,Cadbury 5Star Chocolate | 18g | Pack of 1,"Chocolates,Desserts & Sweets",Chocolates & Sweets,Chocolates,Cadbury 5 Star,Cream Filled Chocolate,Mondelez India Foods,FMCGF
CG,1270,Cadbury Fuse Chocolate | 21g | Pack of 1,"Chocolates,Desserts & Sweets",Chocolates & Sweets,Chocolates,Cadbury Fuse,Fruit & Nuts Chocolate,Mondelez India Foods,FMCGF
CG,1268,Cadbury Dairy Milk 105g,"Chocolates,Desserts & Sweets",Chocolates & Sweets,Chocolates,Cadbury,Milk Chocolate,Mondelez India Foods,FMCGF
CG,86905,Cadbury Dairy Milk Silk Fruit And Nut 51g,"Chocolates,Desserts & Sweets",Chocolates & Sweets,Chocolates,Cadbury Dairy Milk,Milk Chocolate,Mondelez India Foods,FMCGF
CG,1251,Cadbury Dairy Milk Fruit And Nut Chocolate Bar | 36g | Pack of 1,"Chocolates,Desserts & Sweets",Chocolates & Sweets,Chocolates,Cadbury Dairy Milk,Milk Chocolate,Mondelez India Foods,FMCGF
CG,1248,Cadbury Dairy Milk Chocolate Bar 40g,"Chocolates,Desserts & Sweets",Chocolates & Sweets,Chocolates,Cadbury,Milk Chocolate,Mondelez India Foods,FMCGF
CG,1264,Cadbury Dairy Milk Silk Oreo Chocolate Bar | 58.5g | Pack of 1,"Chocolates,Desserts & Sweets",Chocolates & Sweets,Chocolates,Cadbury Dairy Milk,Milk Chocolate,Mondelez India Foods,FMCGF
CG,1254,Cadbury Dairy Milk Roast Almond Chocolate Bar | 36g | Pack of 1,"Chocolates,Desserts & Sweets",Chocolates & Sweets,Chocolates,Cadbury Dairy Milk,Milk Chocolate,Mondelez India Foods,FMCGF
CG,1246,Cadbury Crispello Dairy Milk | 35g | Pack of 1,"Chocolates,Desserts & Sweets",Chocolates & Sweets,Chocolates,Cadbury Dairy Milk,Milk Chocolate,Mondelez India Foods,FMCGF
CG,872,Amul Chocominis | 250g | Pack of 1,"Chocolates,Desserts & Sweets",Chocolates & Sweets,Chocolates,Amul,Milk Chocolate,GCMMF,FMCGF
CG,2767,Cadbury Dairy Milk Chocolate Bar | 18g | Pack of 1,"Chocolates,Desserts & Sweets",Chocolates & Sweets,Chocolates,Cadbury,Milk Chocolate,Mondelez India Foods,FMCGF
CG,13989,Cadbury Dairy Milk Crispello Chocolate 12.5g,"Chocolates,Desserts & Sweets",Chocolates & Sweets,Chocolates,Cadbury,Milk Chocolate,Mondelez India Foods,FMCGF
CG,1249,Cadbury Dairy Milk Chocolate Bar | 11g | Pack of 1,"Chocolates,Desserts & Sweets",Chocolates & Sweets,Chocolates,Cadbury Dairy Milk,Milk Chocolate,Mondelez India Foods,FMCGF
CG,10587,Cadbury Dairy Milk Silk Fruit & Nut Chocolate Bar | 129g | Pack of 1,"Chocolates,Desserts & Sweets",Chocolates & Sweets,Chocolates,Cadbury,Milk Chocolate,Mondelez India Foods,FMCGF
CG,67160,Britannia Treat Croissant Cocoa | 45g | Pack of 1,"Chocolates,Desserts & Sweets",Chocolates & Sweets,Muffins & Croissant,Britannia Treat,Croissant,Britannia Industries Ltd.,FMCGF
CG,67162,Britannia Treat Croissant Vanilla Creme | 45g | Pack of 1,"Chocolates,Desserts & Sweets",Chocolates & Sweets,Muffins & Croissant,Britannia Treat,Croissant,Britannia Industries Ltd.,FMCGF
CG,2781,Kinder Joy Surprise Growing Generation | 20g | Pack of 1,"Chocolates,Desserts & Sweets",Chocolates & Sweets,Chocolates,Kinder Joy,Wafer Chocolate,Ferrero India,FMCGF
CG,71086,Cadbury Perk Double Chocolate Bar 18.2g,"Chocolates,Desserts & Sweets",Chocolates & Sweets,Chocolates,Perk,Wafer Chocolate,Mondelez India Foods,FMCGF
CG,2934,Nestle Munch 17.4g,"Chocolates,Desserts & Sweets",Chocolates & Sweets,Chocolates,Nestle Munch,Wafer Chocolate,Nestle India,FMCGF
CG,2930,Nestle KitKat 2 Finger 11.9g,"Chocolates,Desserts & Sweets",Chocolates & Sweets,Chocolates,Nestle KitKat,Wafer Chocolate,Nestle India,FMCGF
CG,8653,Nestle Milkybar Its Yummy | 12.5g | Pack of 1,"Chocolates,Desserts & Sweets",Chocolates & Sweets,Chocolates,Nestle Milkybar,White Chocolate,Nestle India,FMCGF
CG,4696,Sprite Soft Drink | 750ml | Pack of 1,Beverages,Drinks & Juices,Soft Drinks,Sprite,Clear Soft Drink,Coca-Cola,FMCGF
CG,76793,Sprite Soft Drink - 2L,Beverages,Drinks & Juices,Soft Drinks,Sprite,Clear Soft Drink,Coca-Cola,FMCGF
CG,11732,7up 2.25 Ltr,Beverages,Drinks & Juices,Soft Drinks,7 Up,Clear Soft Drink,Pepsico Beverages,FMCGF
CG,4694,Sprite Soft Drink | 250ml | Pack of 1,Beverages,Drinks & Juices,Soft Drinks,Sprite,Clear Soft Drink,Coca-Cola,FMCGF
CG,10368,Mountain Dew 2.25 Ltr,Beverages,Drinks & Juices,Soft Drinks,Mountain Dew,Clear Soft Drink,Pepsico Beverages,FMCGF
CG,10367,7up Lemon Flavour 750ml,Beverages,Drinks & Juices,Soft Drinks,7UP,Clear Soft Drink,Pepsico Beverages,FMCGF
CG,102054,Campa Lemon PET - 2L,Beverages,Drinks & Juices,Soft Drinks,Campa,Clear Soft Drink,Ceylon Beverage International (Pvt) Ltd.,FMCGF
CG,79079,Storia 100% Tender Coconut Water | 1 Ltr | Pack of 1,Beverages,Drinks & Juices,Fruit Juices,Storia,Coconut Water,Storia Foods & Beverages Private Limited,FMCGF
CG,68603,Thums Up Drink - 2L,Beverages,Drinks & Juices,Soft Drinks,Thums Up,Black Soft Drink,Coca-Cola,FMCGF
CG,4689,Pepsi 750ml,Beverages,Drinks & Juices,Soft Drinks,Pepsi,Black Soft Drink,Pepsico Beverages,FMCGF
CG,4910,Thums Up Soft Drink | 250ml | Pack of 1,Beverages,Drinks & Juices,Soft Drinks,Thums Up,Black Soft Drink,Coca-Cola,FMCGF
CG,1342,Coca Cola 250ml,Beverages,Drinks & Juices,Soft Drinks,Coca-Cola,Black Soft Drink,Coca-Cola,FMCGF
CG,87588,Coca-Cola Diet Coke | 300ml | Pack of 1,Beverages,Drinks & Juices,Soft Drinks,Coca-Cola,Black Soft Drink,Coca-Cola,FMCGF
CG,4698,Thums Up | 750ml | Pack of 1,Beverages,Drinks & Juices,Soft Drinks,Thums Up,Black Soft Drink,Coca-Cola,FMCGF
CG,4690,Pepsi Pet Bottle 2.25 Ltr,Beverages,Drinks & Juices,Soft Drinks,Pepsi,Black Soft Drink,Pepsico Beverages,FMCGF
CG,86758,Pepsi Soft Drink Bottle 400ml,Beverages,Drinks & Juices,Soft Drinks,Pepsi,Black Soft Drink,Pepsico Beverages,FMCGF
CG,1344,Coca Cola | 750ml | Pack of 1,Beverages,Drinks & Juices,Soft Drinks,Coca-Cola,Black Soft Drink,Coca-Cola,FMCGF
CG,33090,Coca Cola Soft Drink PET Bottle | 2L | Pack of 1,Beverages,Drinks & Juices,Soft Drinks,Coca-Cola,Black Soft Drink,Coca-Cola,FMCGF
CG,87054,Pepsi Black Can 300ml,Beverages,Drinks & Juices,Soft Drinks,Pepsi,Black Soft Drink,Pepsico Beverages,FMCGF
CG,97500,Campa Cola Bottle | 500ml | Pack of 1,Beverages,Drinks & Juices,Soft Drinks,Campa,Black Soft Drink,Ceylon Beverage International (Pvt) Ltd.,FMCGF
CG,102053,Campa Cola PET - 2L,Beverages,Drinks & Juices,Soft Drinks,Campa,Black Soft Drink,Ceylon Beverage International (Pvt) Ltd.,FMCGF
CG,15769,Bisleri Water | 1 Ltr | Pack of 1,Beverages,Drinks & Juices,Water & Soda,Bisleri,Drinking Water,Bisleri India,FMCGF
CG,30606,Bisleri Water Bottle 5 Ltr,Beverages,Drinks & Juices,Water & Soda,Bisleri,Drinking Water,Bisleri India,FMCGF
CG,8346,Sting Energy Drinks PET 300ml,Beverages,Drinks & Juices,Energy Drinks,Sting,Energy Drink,Pepsico Beverages,FMCGF
CG,11519,Red Bull Energy Drink | 250ml | Pack of 1,Beverages,Drinks & Juices,Energy Drinks,Red Bull,Energy Drink,Red Bull India,FMCGF
CG,66854,Limca Lemon | 250ml Bottle | Pack of 1,Beverages,Drinks & Juices,Soft Drinks,Limca,Flavoured Soft Drink,Coca-Cola,FMCGF
CG,26416,Appy Fizz | 160ml | Packof 1,Beverages,Drinks & Juices,Soft Drinks,Appy Fizz,Apple Juice,Parle Agro,FMCGF
CG,72102,Nestlé Munch Max | 37.5g | Pack of 1,"Chocolates,Desserts & Sweets",Chocolates & Sweets,Chocolates,Nestle,Wafer Chocolate,Nestle India,FMCGF
CG,3329,Appy Fizz Bottle | 250ml | Pack of 1,Beverages,Drinks & Juices,Soft Drinks,Appy Fizz,Apple Juice,Parle Agro,FMCGF
CG,12508,Mountain Dew Pet Bottle 400ml,Beverages,Drinks & Juices,Soft Drinks,Mountain Dew,Flavoured Soft Drink,Pepsico Beverages,FMCGF
CG,76003,Limca lime & Lemon - 750 ml,Beverages,Drinks & Juices,Soft Drinks,Limca,Flavoured Soft Drink,Coca-Cola,FMCGF
CG,4929,Maaza Refresh Mango Fruit Drink Rs.10 Tetra Pack,Beverages,Drinks & Juices,Fruit Juices,Maaza,Mango Juice,Coca-Cola,FMCGF
CG,69206,Slice Thickest Mango Drink 1.75 Ltr,Beverages,Drinks & Juices,Fruit Juices,Slice,Mango Juice,Pepsico Beverages,FMCGF
CG,4928,Maaza Mango Drink | 600ml | Pack of 1,Beverages,Drinks & Juices,Fruit Juices,Maaza,Mango Juice,Coca-Cola,FMCGF
CG,5176,Frooti Mango Drink Tetra Pack 150 ml,Beverages,Drinks & Juices,Fruit Juices,Frooti,Mango Juice,Parle Agro,FMCGF
CG,28818,Frooti | 330ml | Pack of 1,Beverages,Drinks & Juices,Fruit Juices,Frooti,Mango Juice,Parle Agro,FMCGF
CG,12721,Slice 125ml Tetra Pack,Beverages,Drinks & Juices,Fruit Juices,Slice,Mango Juice,Pepsico Beverages,FMCGF
CG,8424,Frooti Cool Mango - 600ml,Beverages,Drinks & Juices,Fruit Juices,Frooti,Mango Juice,Parle Agro,FMCGF
CG,4927,Maaza Mango Drink | 1.2 Ltr | Pack of 1,Beverages,Drinks & Juices,Fruit Juices,Maaza,Mango Juice,Coca-Cola,FMCGF
CG,88674,Frooti Mango Drink - 2L,Beverages,Drinks & Juices,Fruit Juices,Frooti,Mango Juice,Parle Products,FMCGF
CG,28808,Real Fruit Power Masala Mixed Fruit - 1L,Beverages,Drinks & Juices,Fruit Juices,Real,Mixed Fruit Juice,Dabur India Limited,FMCGF
CG,68913,Real Masala Pomegranate Juice - 1L,Beverages,Drinks & Juices,Fruit Juices,Real,Pomegranate juice,Dabur India Limited,FMCGF
CG,4925,Glucon D Tangy Orange Flavour | 125g | Pack of 1,Beverages,Drinks & Juices,Energy Drinks,Glucon-D,Glucose Drink,Zydus Wellness Products Ltd,FMCGF
CG,3224,Glucon-D | 125g | Pack of 1,Beverages,Drinks & Juices,Energy Drinks,Glucon-D,Glucose Drink,Zydus Wellness Products Ltd,FMCGF
CG,2732,Glucon-D Tangy Orange Instant Energy Health Drink - 1Kg,Beverages,Drinks & Juices,Energy Drinks,Glucon-D,Glucose Drink,Zydus Wellness Products Ltd,FMCGF
CG,2730,Glucon D Drink Mix Orange - 450g,Beverages,Drinks & Juices,Energy Drinks,Glucon-D,Glucose Drink,Zydus Wellness Products Ltd,FMCGF
CG,2734,Glucon D Regular - 500g,Beverages,Drinks & Juices,Energy Drinks,Glucon-D,Glucose Drink,Zydus Wellness Products Ltd,FMCGF
CG,8437,Glucon D Original Refill | 1 Kg | Pack of 1,Beverages,Drinks & Juices,Energy Drinks,Glucon-D,Glucose Drink,Zydus Wellness Products Ltd,FMCGF
CG,27553,Rasna Fruit Fun 32 Glass Orange Flavour | 20g | Pack of 1,Beverages,Drinks & Juices,"Syrups,Squash & Premixes",Rasna,Instant Drink Mix Powder,Rasna Pvt. Ltd.,FMCGF
CG,17442,Rasna Fruit Fun 32 Glass Mango | 20g | Pack of 1,Beverages,Drinks & Juices,"Syrups,Squash & Premixes",Rasna,Instant Drink Mix Powder,Rasna Pvt. Ltd.,FMCGF
CG,66302,Rasna Insta Orange - 750g,Beverages,Drinks & Juices,"Syrups,Squash & Premixes",Rasna,Instant Drink Mix Powder,Rasna Pvt. Ltd.,FMCGF
CG,4686,Mirinda PET 2.25 Ltr,Beverages,Drinks & Juices,Soft Drinks,Mirinda,Orange Soft Drink,Pepsico Beverages,FMCGF
CG,4685,Mirinda Orange Flavoured 750ml,Beverages,Drinks & Juices,Soft Drinks,Mirinda,Orange Soft Drink,Pepsico Beverages,FMCGF
CG,11727,Mirinda Soft Drink 400ml,Beverages,Drinks & Juices,Soft Drinks,Mirinda,Orange Soft Drink,Pepsico Beverages,FMCGF
CG,97503,Campa Lemon Flavoured Bottle | 500ml | Pack of 1,Beverages,Drinks & Juices,Soft Drinks,Campa,Orange Soft Drink,Ceylon Beverage International (Pvt) Ltd.,FMCGF
CG,102056,Campa Orange | 500ml PET | Pack of 1,Beverages,Drinks & Juices,Soft Drinks,Campa,Orange Soft Drink,Ceylon Beverage International (Pvt) Ltd.,FMCGF
CG,102055,Campa Orange PET - 2L,Beverages,Drinks & Juices,Soft Drinks,Campa,Orange Soft Drink,Ceylon Beverage International (Pvt) Ltd.,FMCGF
CG,4675,Kinley Soda Club | 750ml | Pack of 1,Beverages,Drinks & Juices,Water & Soda,Kinley,Soda,Coca-Cola,FMCGF
CG,4915,Eno Fruit Salt Lemon Flavor | 5g | Pack of 1,Health & Wellness,Immunity & Health Boosters,Ayurveda & Digestive Health,Eno,Fruit Salt,GSK,FMCGF
CG,2839,Horlicks Classic Malt Jar | 500 g | Pack of 1,Beverages,"Tea, Coffee & Milk Drink",Health Drinks,Horlicks,Health Drink Powder,HUL,FMCGF
CG,3230,Horlicks Classic Malt Pouch | 450g | Pack of 1,Beverages,"Tea, Coffee & Milk Drink",Health Drinks,Horlicks,Health Drink Powder,HUL,FMCGF
CG,2831,Cadbury Bourn Vita | 500g Pouch | Pack of 1,Beverages,"Tea, Coffee & Milk Drink",Health Drinks,Cadbury Bournvita,Health Drink Powder,Mondelez India Foods,FMCGF
CG,1234,Cadbury Bourn Vita Refill 70g,Beverages,"Tea, Coffee & Milk Drink",Health Drinks,Cadbury Bournvita,Health Drink Powder,Mondelez India Foods,FMCGF
CG,85,Chings Green Chilli Sauce Pouch | 90g | Pack of 1,Packaged & Instant Food,Ketchup & Spread,Chinese Sauce,Chings,Green Chilli Sauce,Tata Consumer Products,FMCGF
CG,108,Chings Secret Red Chilli Sauce | 90g | Pack of 1,Packaged & Instant Food,Ketchup & Spread,Chinese Sauce,Chings,Red Chilli Sauce,Tata Consumer Products,FMCGF
CG,5190,Nutella Hazelnut Spread With Cocoa 180g,Packaged & Instant Food,Ketchup & Spread,Jams & Spread,Nutella,Chocolate Spread,Ferrero India,FMCGF
CG,1405,Dabur Pure Honey | 250g | Pack of 1,Packaged & Instant Food,Ketchup & Spread,Honey,Dabur,Honey,Dabur India Limited,FMCGF
CG,1454,Dabur Honey Purity Guaranteed | 100g | Pack of 1,Packaged & Instant Food,Ketchup & Spread,Honey,Dabur,Honey,Dabur India Limited,FMCGF
CG,8277,Kissan Mixed Fruit Jam | 200g | Pack of 1,Packaged & Instant Food,Ketchup & Spread,Jams & Spread,Kissan,Mixed Fruit Jam,HUL,FMCGF
CG,3057,Dr Oetker Funfoods Veg Mayonnaise Original | 100g | Pack of 1,Packaged & Instant Food,Ketchup & Spread,Mayonnaise,Dr Oetker,Mayonnaise,Dr Oetker India,FMCGF
CG,92,Chings Schezwan Chutney | 250g | Pack of 1,Packaged & Instant Food,Ketchup & Spread,Chutney & Pickles,Chings,Schezwan Chutney,Tata Consumer Products,FMCGF
CG,84,Chings Dark Soya Sauce Pouch | 90g | Pack of 1,Packaged & Instant Food,Ketchup & Spread,Chinese Sauce,Chings,Soya Sauce,Tata Consumer Products,FMCGF
CG,86683,Kissan Fresh Tomato Ketchup | 1.1 Kg | Pack of 1,Packaged & Instant Food,Ketchup & Spread,Tomato Ketchup,Kissan,Tomato Ketchup,HUL,FMCGF
CG,3063,Kissan Fresh Tomato Ketchup | 415g | Pack of 1,Packaged & Instant Food,Ketchup & Spread,Tomato Ketchup,Kissan,Tomato Ketchup,HUL,FMCGF
CG,3076,Kissan Fresh Tomato Chhotu | 90g | Pack of 1,Packaged & Instant Food,Ketchup & Spread,Tomato Ketchup,Kissan,Tomato Ketchup,HUL,FMCGF
CG,10457,Chings Secret Chilli Vinegar 170ml,Packaged & Instant Food,Ketchup & Spread,Chinese Sauce,Chings,Vinegar,Tata Consumer Products,FMCGF
CG,903,Amul Masti Spiced Butter Milk - 200 ml,Dairy & Bakery,Lassi & Buttermilk,Buttermilk,Amul,Buttermilk,GCMMF,FMCGF
CG,898,Amul Lassi - 200ml,Dairy & Bakery,Lassi & Buttermilk,Lassi,Amul,Lassi,GCMMF,FMCGF
CG,938,Amul Taaza Toned Milk - 200ml,Dairy & Bakery,Milk,Fresh Milk,Amul,Milk,GCMMF,FMCGF
CG,937,Amul Taaza Toned Milk Tetra Pack - 1Ltr,Dairy & Bakery,Milk,Fresh Milk,Amul,Milk,GCMMF,FMCGF
CG,886,Amul Homogenised Standardised Milk - 1Ltr,Dairy & Bakery,Milk,Fresh Milk,Amul,Milk,GCMMF,FMCGF
CG,891,Amul Kool Cafe Classic - 200ml Can,Bread Dairy & Frozen,Milk & Milk Products,Milkshake,Amul,Milkshake,GCMMF,FMCGF
CG,10355,Amul Kool Badam - 180 ml,Bread Dairy & Frozen,Milk & Milk Products,Milkshake,Amul,Milkshake,GCMMF,FMCGF
CG,10672,Nestle Maggi Cuppa Masala Noodles 70.5g,Packaged & Instant Food,Noodles & Instant Food,Noodles,Maggi,Cup Noodles,Nestle India,FMCGF
CG,8315,Weikfield Custard Powder Vanilla | 100g | Pack of 1,Packaged & Instant Food,Noodles & Instant Food,Dessert Mixes,Weikfield,Custard Powder,Weikfield Foods Private Limited.,FMCGF
CG,95653,Panda Treats Hakka Plain Noodles | 1.2 Kg | Pack of 1,Packaged & Instant Food,Noodles & Instant Food,Noodles,Panda Treats,Hakka Noodles,Emery Foods,FMCGF
CG,97,Chings Secret Hakka Veg Noodles | 140g | Pack of 1,Packaged & Instant Food,Noodles & Instant Food,Noodles,Chings,Hakka Noodles,Tata Consumer Products,FMCGF
CG,69697,Agrawals 420 Instant Idli Mix | 500g | Pack of 1,Packaged & Instant Food,Noodles & Instant Food,Instant Mix,Agrawal's 420,Idli Mix,Agrawal's 420 Bites,FMCGF
CG,69698,Agrawals 420 Khaman Dhokla Instant Mix 500g | Pack of 1,Packaged & Instant Food,Noodles & Instant Food,Instant Mix,Agrawal's 420,Dhokla Mix,Agrawal's 420 Bites,FMCGF
CG,22419,Agrawals 420 Khaman Dhokla Instant | 200g | Pack of 1,Packaged & Instant Food,Noodles & Instant Food,Instant Mix,Agrawal's 420,Dhokla Mix,Agrawal's 420 Bites,FMCGF
CG,74102,Maggi Masala Veg Atta Noodles | 290g | Pack of 1,Packaged & Instant Food,Noodles & Instant Food,Noodles,Maggi,Instant Noodles,Nestle India,FMCGF
CG,3179,Maggi Instant 2 Min Noodle Masala | 560g | Pack of 1,Packaged & Instant Food,Noodles & Instant Food,Noodles,Maggi,Instant Noodles,Nestle India,FMCGF
CG,3181,Maggi 2 Min Noodles | 280g | Pack of 1,Packaged & Instant Food,Noodles & Instant Food,Noodles,Maggi,Instant Noodles,Nestle India,FMCGF
CG,10331,Maggi 2 Minute Noodles Masala | 420g | Pack of 1,Packaged & Instant Food,Noodles & Instant Food,Noodles,Maggi,Instant Noodles,Nestle India,FMCGF
CG,3189,Maggi Masala Noodles | 70g | Pack of 1,Packaged & Instant Food,Noodles & Instant Food,Noodles,Maggi,Instant Noodles,Nestle India,FMCGF
CG,17475,Nissin Hot & Spicy Geki Korean Veg Noodles 80g,Packaged & Instant Food,Noodles & Instant Food,Noodles,Nissin,Instant Noodles,Nissin Foods,FMCGF
CG,93823,Nissin Hot & Spicy Korean Kimchi Flavour Instant Noodles 80 g,Packaged & Instant Food,Noodles & Instant Food,Noodles,Nissin,Instant Noodles,Nissin Foods,FMCGF
CG,34756,Sunfeast Yippee MagicMasala | 544g-580.8g | Pack of 1,Packaged & Instant Food,Noodles & Instant Food,Noodles,Yippee,Instant Noodles,ITC Ltd,FMCGF
CG,11678,Maggi Pazzta Cheesy Tomato Twist Free | 68.5g | Pack of 1,Packaged & Instant Food,Noodles & Instant Food,Pasta,Maggi,Instant Pasta,Nestle India,FMCGF
CG,101111,Cadbury Bournville Classic 50% Dark Chocolate Bar | 30g | Pack of 1,"Chocolates,Desserts & Sweets",Chocolates & Sweets,Chocolates,Bournville,Dark Chocolate,Mondelez India Foods,FMCGF
CG,10376,Maggi Pazzta Cheese Macaroni | 75g | Pack of 1,Packaged & Instant Food,Noodles & Instant Food,Pasta,Maggi,Macaroni Pasta,Nestle India,FMCGF
CG,755,Pasta Macroni | 250g | Pack of 1,Packaged & Instant Food,Noodles & Instant Food,Pasta,ASM,Macaroni Pasta,ASM,FMCGF
CG,756,Pasta Macroni | 500g | Pack of 1,Packaged & Instant Food,Noodles & Instant Food,Pasta,ASM,Macaroni Pasta,ASM,FMCGF
CG,97012,Panda Treats Pasta Fusilli | 250g | Buy 1 Get 1 Free,Packaged & Instant Food,Noodles & Instant Food,Pasta,Panda Treats,Pasta,Emery Foods,FMCGF
CG,910,Amul Mithai Mate Condensed Milk - 200g,Dairy & Bakery,Other Milk Products,Condensed Milk,Amul,Condensed Milk,GCMMF,FMCGF
CG,942,Amulya Dairy Whitener - 200g,Dairy & Bakery,Other Milk Products,Dairy Whitener,Amulya,Milk Powder,GCMMF,FMCGF
CG,943,Amulya Dairy Whitener - 20g,Dairy & Bakery,Other Milk Products,Dairy Whitener,Amulya,Milk Powder,GCMMF,FMCGF
CG,882,Amul Fresh Cream - 250ml,Dairy & Bakery,Paneer & Cream,Dairy Cream,Amul,Cream,GCMMF,FMCGF
CG,73549,Agrawals 420 Special Papad 200g,Papad & Fryums,Papad & Fryums,Papad & Fryums,Agrawal's 420,Masala Papad,Agrawal's 420 Bites,FMCGF
CG,2909,Lijjat Punjabi Masala Papad 200g | Pack of 1,Papad & Fryums,Papad & Fryums,Papad & Fryums,Lijjat,Masala Papad,Shri Mahila Griha Udyog Lijjat Papad,FMCGF
CG,73572,Jabalpur Lijjat Moong Papad 200g | Pack of 1,Papad & Fryums,Papad & Fryums,Papad & Fryums,Lijjat,Moong Papad,Shri Mahila Griha Udyog Lijjat Papad,FMCGF
CG,71839,Agrawals 420 Punjabi Masala Papad 200g,Papad & Fryums,Papad & Fryums,Papad & Fryums,Agrawal's 420,Masala Papad,Agrawal's 420 Bites,FMCGF
CG,3081,Nescafe Classic Coffee | 24g Jar | Pack of 1,Beverages,"Tea, Coffee & Milk Drink",Coffee,Nescafe,Coffee,Nestle India,FMCGF
CG,42342,Nestle Nescafe Classic | 3.2g | Pack of 1,Beverages,"Tea, Coffee & Milk Drink",Coffee,Nescafe,Coffee,Nestle India,FMCGF
CG,9968,Lipton Green Tea Honey Lemon | 25 Tea Bags | Pack of 1,Beverages,"Tea, Coffee & Milk Drink",Green Tea,Lipton,Green Tea,HUL,FMCGF
CG,95907,Sundrop Peanut Butter with Honey Crunchy | 300g | Pack of 1,Packaged & Instant Food,Ketchup & Spread,Peanut Butter,Sundrop,Peanut Butter,Agro Tech Foods,FMCGF
CG,2496,Tata Tea Gold | 500g | Pack of 1,Beverages,"Tea, Coffee & Milk Drink",Tea,Tata Tea,Dust Tea,Tata Consumer Products,FMCGF
CG,2495,Tata Tea Gold 250g | Pack of 1,Beverages,"Tea, Coffee & Milk Drink",Tea,Tata Tea,Dust Tea,Tata Consumer Products,FMCGF
CG,12833,Tata Tea Agni | 1 Kg | Pack of 1,Beverages,"Tea, Coffee & Milk Drink",Tea,Tata Tea,Dust Tea,Tata Consumer Products,FMCGF
CG,67654,Wagh Bakri Premium Leaf Tea | 250g | Pack of 1,Beverages,"Tea, Coffee & Milk Drink",Tea,Wagh Bakri,Dust Tea,GTPPL,FMCGF
CG,11326,Red Label Natural Care | 250g | Pack of 1,Beverages,"Tea, Coffee & Milk Drink",Tea,Brooke Bond,Dust Tea,HUL,FMCGF
CG,2494,Tata Tea Elaichi Chai 250g | Pack of 1,Beverages,"Tea, Coffee & Milk Drink",Tea,Tata Tea,Dust Tea,Tata Consumer Products,FMCGF
CG,1132,Brooke Bond Taaza Tea | 250g | Pouch | Pack of 1,Beverages,"Tea, Coffee & Milk Drink",Tea,Brooke Bond,Dust Tea,HUL,FMCGF
CG,2476,Brooke Bond Red Label Tea 100g,Beverages,"Tea, Coffee & Milk Drink",Tea,Brooke Bond,Dust Tea,HUL,FMCGF
CG,2491,Tata Tea Agni | 250g | Pack of 1,Beverages,"Tea, Coffee & Milk Drink",Tea,Tata Tea,Dust Tea,Tata Consumer Products,FMCGF
CG,4830,Britannia Good Day Butter Cookies | 200g | Pack of 1,Biscuits & Snacks,Biscuits & Cookies,Cookies,Britannia Good Day,Cookies,Britannia Industries Ltd.,FMCGF
CG,15680,Haldirams Chana Jor Garam 200g,Biscuits & Snacks,Chips & Namkeen,Bhujia & Mixture,Haldiram's,Chana Jor Garam,Haldiram Snacks Food Private Limited,FMCGF
CG,44199,Amul Chocolate Syrup 250g Bottle,Beverages,Drinks & Juices,"Syrups,Squash & Premixes",Amul,Syrup (Chocolate),GCMMF,FMCGF
CG,3394,Dabur Hajmola Regular Tasty Digestive Tablets 50 Pcs,Health & Wellness,Immunity & Health Boosters,Ayurveda & Digestive Health,Dabur Hajmola,Digestive Candy,Dabur India Limited,FMCGF
CG,2828,Horlicks Womens Plus Caramel Flavour | 400g | Pack of 1,Beverages,"Tea, Coffee & Milk Drink",Health Drinks,Horlicks,Health Drink Powder,HUL,FMCGF
CG,2842,Horlicks Junior Vanilla | 450g Pouch | Pack of 1,Beverages,"Tea, Coffee & Milk Drink",Health Drinks,Junior Horlicks,Health Drink Powder,HUL,FMCGF
CG,2811,Nestle Kitkat | 28.5g | Pack of 1,"Chocolates,Desserts & Sweets",Chocolates & Sweets,Chocolates,Nestle KitKat,Wafer Chocolate,Nestle India,FMCGF
CG,12307,Mothers Recipe Mixed Pickle 200g,Packaged & Instant Food,Ketchup & Spread,Chutney & Pickles,Mothers Recipe,Mixed Pickle,Desai Foods,FMCGF
CG,69873,Mothers Recipe Red Stuffed Chilli Pickle | 200g | Pack of 1,Packaged & Instant Food,Ketchup & Spread,Chutney & Pickles,Mothers Recipe,Chilli Pickle,Desai Foods,FMCGF
CG,3064,Maggi Hot & Sweet Tomato Chilli Sauce | 500g | Pack of 1,Packaged & Instant Food,Ketchup & Spread,Chinese Sauce,Maggi,Tomato Chilli Sauce,Nestle India,FMCGF
CG,13368,Bambino Vermicelli 80g,Packaged & Instant Food,Noodles & Instant Food,Vermicelli,Bambino,Vermicelli,Bambino Agro Industries,FMCGF
CG,13366,Bambino Roasted Vermicelli 90 g,Packaged & Instant Food,Noodles & Instant Food,Vermicelli,Bambino,Roasted Vermicelli,Bambino Agro Industries,FMCGF
CG,66301,Rasna Insta Mango - 750g,Beverages,Drinks & Juices,"Syrups,Squash & Premixes",Rasna,Instant Drink Mix Powder,Rasna Pvt. Ltd.,FMCGF
CG,4934,Real Fruit Juice Pomegranate | 1 Ltr | Pack of 1,Beverages,Drinks & Juices,Fruit Juices,Real,Pomegranate juice,Dabur India Limited,FMCGF
CG,29815,Amul Buttermilk Masti - 1Ltr,Dairy & Bakery,Lassi & Buttermilk,Buttermilk,Amul,Buttermilk,GCMMF,FMCGF
CG,895,Amul Kool Kesar - 180 ml,Bread Dairy & Frozen,Milk & Milk Products,Milkshake,Amul,Milkshake,GCMMF,FMCGF
CG,14083,Bingo Mad Angles Achaari Masti Spicy 64-66g | Pack of 1,Biscuits & Snacks,Chips & Namkeen,"Chips, Puffs & Nachos",Bingo,Nachos,ITC Ltd,FMCGF
CG,1054,Britannia 50-50 Sweet & Salty Biscuit | 200g | Pack of 1,Biscuits & Snacks,Biscuits & Cookies,Sweet & Salty Biscuits,Britannia 50-50,Sweet & Salty Biscuits,Britannia Industries Ltd.,FMCGF
CG,67159,Britannia 50 50 Golmaal | 185g | Pack of 1,Biscuits & Snacks,Biscuits & Cookies,Sweet & Salty Biscuits,Britannia 50-50,Flavoured Crackers Biscuit,Britannia Industries Ltd.,FMCGF
CG,1051,Britannia 50-50 Timepass Salted Biscuits | 142g | Pack of 1,Biscuits & Snacks,Biscuits & Cookies,Sweet & Salty Biscuits,Britannia 50-50,Flavoured Biscuits,Britannia Industries Ltd.,FMCGF
CG,1074,Britannia Gobbles Choco Chill Cake | 100g | Pack of 1,"Chocolates,Desserts & Sweets",Chocolates & Sweets,"Cakes, Cream Roll & Pies",Britannia Gobbles,Flavoured Cake,Britannia Industries Ltd.,FMCGF
CG,1065,Britannia Gobbles Choco Chill Cake | 28g | Pack of 1,"Chocolates,Desserts & Sweets",Chocolates & Sweets,"Cakes, Cream Roll & Pies",Britannia Gobbles,Flavoured Cake,Britannia Industries Ltd.,FMCGF
CG,34751,Sunfeast Dark Fantasy Bourbon Biscuits | 54 g | Pack of 1,Biscuits & Snacks,Biscuits & Cookies,Cream Biscuits,Sunfeast,Cream Biscuit,ITC Ltd,FMCGF
CG,2604,Saffola Oats Delicious Creamy Oats 100% Natural High Protein & Fibre Healthy Cereal 500g,Breakfast,Breakfast & Cereals,Oats,Saffola,Oats,Marico limited,FMCGF
CG,16419,Winkies Chocolate Cake Slice | 100g | Pack of 1,"Chocolates,Desserts & Sweets",Chocolates & Sweets,"Cakes, Cream Roll & Pies",Winkies,Flavoured Cake,Dream Bake Private Limited,FMCGF
CG,30020,Winkies Chocoluv Double Chocolate Vanilla Cream Layer Cake | 18g | Pack of 1,"Chocolates,Desserts & Sweets",Chocolates & Sweets,"Cakes, Cream Roll & Pies",Winkies,Flavoured Cake,Dream Bake Private Limited,FMCGF
CG,27951,Winkies Fruit Cake Sliced | 100g | Pack of 1,"Chocolates,Desserts & Sweets",Chocolates & Sweets,"Cakes, Cream Roll & Pies",Winkies,Fruit Cake,Dream Bake Private Limited,FMCGF
CG,16420,Winkies Marble Slice Cake | 100g | Pack of 1,"Chocolates,Desserts & Sweets",Chocolates & Sweets,"Cakes, Cream Roll & Pies",Winkies,Flavoured Cake,Dream Bake Private Limited,FMCGF
CG,8593,Weikfield Cocoa Powder | 50g | Pack of 1,Packaged & Instant Food,Baking Essentials,Baking Essentials,Weikfield,Cocoa Powder,Weikfield Foods Private Limited.,FMCGF
CG,33035,Weikfield Kesar Pista Falooda Mix | 200g | Pack of 1,Beverages,Drinks & Juices,"Syrups,Squash & Premixes",Weikfield,Falooda Mix,Weikfield Foods Private Limited.,FMCGF
CG,4666,Uncle Chipps Plain Salted Potato Chips 48.1g,Biscuits & Snacks,Chips & Namkeen,"Chips, Puffs & Nachos",Uncle Chipps,Potato Chips,Pepsico Foods,FMCGF
CG,2916,Sunfeast Moms Magic Cashew & Almond Cookies | 190 g | Pack of 1,Biscuits & Snacks,Biscuits & Cookies,Cookies,Sunfeast,Cookies,ITC Ltd,FMCGF
CG,4614,Sugar Free Natural - 100 Pellets,"Salt, Sugar & Sweeteners",Sugar & Sweeteners,Sweetener,Sugar Free,Artificial Sweetener,Zydus Wellness Products Ltd,FMCGF
CG,3408,Sat Isabgol | 90g | Pack of 1,Health & Wellness,Immunity & Health Boosters,Ayurveda & Digestive Health,Dabur,Isabgol,Dabur India Limited,FMCGF
CG,2819,Polo Breath Mint With The Hole | 24g | Pack of 1,"Chocolates,Desserts & Sweets",Chocolates & Sweets,Mint & Mouth Freshners,Polo,Mints,Nestle India,FMCGF
CG,10670,Milkybar Moosha Caramel & Nougat Bar 18g,"Chocolates,Desserts & Sweets",Chocolates & Sweets,Chocolates,Nestle,White Chocolate,Nestle India,FMCGF
CG,13705,Lay's India's Magic Masala Potato Chips | 67g | Pack of 1,Biscuits & Snacks,Chips & Namkeen,"Chips, Puffs & Nachos",Lay's,Potato Chips,Pepsico Foods,FMCGF
CG,8476,Kissan Mixed Fruit Jam | 500g | Pack of 1,Packaged & Instant Food,Ketchup & Spread,Jams & Spread,Kissan,Mixed Fruit Jam,HUL,FMCGF
CG,3098,Knorr Hot & Sour Veg Cup A Soup | 10.5g | Pack of 1,Packaged & Instant Food,Noodles & Instant Food,Soup,Knorr,Soup (Vegetable),HUL,FMCGF
CG,22219,Knorr Manchow Veg Soup | 11g | Pack of 1,Packaged & Instant Food,Noodles & Instant Food,Soup,Knorr,Soup (Vegetable),HUL,FMCGF
CG,3102,Knorr Tomato Chatpata Soup | 13.5g | Pack of 1,Packaged & Instant Food,Noodles & Instant Food,Soup,Knorr,Soup (Vegetable),HUL,FMCGF
CG,10767,Knorr Sweet Corn Veg Soup | 9.5g | Pack of 1,Packaged & Instant Food,Noodles & Instant Food,Soup,Knorr,Soup (Vegetable),HUL,FMCGF
CG,10049,Haldirams Soan Papdi Yellow 250g,"Chocolates,Desserts & Sweets",Chocolates & Sweets,Sweets & Mithai,Haldiram's,Soan Papdi,Haldiram Snacks Food Private Limited,FMCGF
CG,37206,Britannia Gobbles Fruity Fun Cake | 28g | Pack of 1,"Chocolates,Desserts & Sweets",Chocolates & Sweets,"Cakes, Cream Roll & Pies",Britannia Gobbles,Fruit Cake,Britannia Industries Ltd.,FMCGF
CG,1237,Cadbury Celebrations | 96.6 g | Pack of 1,"Chocolates,Desserts & Sweets",Chocolates & Sweets,Chocolates Gift Pack,Cadbury Celebration,Milk Chocolate,Mondelez India Foods,FMCGF
CG,84657,Cadbury Chocobakes Choco Chip Cookies | 83g | Pack of 1,Biscuits & Snacks,Biscuits & Cookies,Cookies,Cadbury Chocobakes,Cookies,Mondelez India Foods,FMCGF
CG,10021,Cadbury Dairy Milk Silk Hazelnut | 54g | Pack of 1,"Chocolates,Desserts & Sweets",Chocolates & Sweets,Chocolates,Dairy Milk,Milk Chocolate,Mondelez India Foods,FMCGF
CG,30683,Cipla Prolyte ORS Orange Drink 200ml,Health & Wellness,Immunity & Health Boosters,ORS,Cipla,Glucose Drink,Cipla Health Limited,FMCGF
CG,34477,Haldirams Namkeen Punjabi Tadka | 43g | Pack of 1,Biscuits & Snacks,Chips & Namkeen,Bhujia & Mixture,Haldiram's,Mixture,Haldiram Snacks Food Private Limited,FMCGF
CG,2412,Maggi Masala Veg Atta Noodles | 72.5g | Pack of 1,Packaged & Instant Food,Noodles & Instant Food,Noodles,Maggi,Instant Noodles,Nestle India,FMCGF
CG,97037,Nestle Cerelac Wheat Apple 6-24 Months 350g,Baby Care,Baby Food & Formula,Baby Food,Nestle,Baby Formula Food,Nestle India,FMCGF
CG,96350,Nestle Lactogen Pro 1 Upto 6 Month Box 400g,Baby Care,Baby Food & Formula,Baby Food,Nestle Lactogen,Baby Formula Food,Nestle India,FMCGF
CG,96349,Nestle Lactogen Pro 2 After 6 Months Upto 12 Months Box 400g,Baby Care,Baby Food & Formula,Baby Food,Nestle Lactogen,Baby Formula Food,Nestle India,FMCGF
CG,66991,Parle Top Rich Buttery Cracker | 250g | Pack of 1,Biscuits & Snacks,Biscuits & Cookies,Sweet & Salty Biscuits,Parle Top,Sweet & Salty Biscuits,Parle Products,FMCGF
CG,86781,Parle Nutricrunch Sugar Free Lite Crackers 304.2g,Biscuits & Snacks,Biscuits & Cookies,Sweet & Salty Biscuits,Parle Nutricrunch,Sugar Free Cracker Biscuit,Parle Products,FMCGF
CG,4821,Parle Real Elaichi Premium Rusk 182g,Biscuits & Snacks,Biscuits & Cookies,"Rusk, Khari & Wafer",Parle Rusk,Flavoured Rusk,Parle Products,FMCGF
CG,32985,Parle Happy Happy Choco Chip Cookies 396g | Pack of 1,Biscuits & Snacks,Biscuits & Cookies,Cookies,Parle Happy Happy,Cookies,Parle Products,FMCGF
CG,77827,Parle 20 20 Nice Sugar Sprinkled Coconut Biscuits | 500g | Pack of 1,Biscuits & Snacks,Biscuits & Cookies,Sweet & Salty Biscuits,Parle 20-20,Flavoured Biscuits,Parle Products,FMCGF
CG,13312,Weikfield Baking Soda 100g,Packaged & Instant Food,Baking Essentials,Baking Essentials,Weikfield,Baking Soda,Weikfield Foods Private Limited.,FMCGF
CG,2498,Tata Tea Gold 100g,Beverages,"Tea, Coffee & Milk Drink",Tea,Tata Tea,Dust Tea,Tata Consumer Products,FMCGF
CG,95,Chings Secret Dark Soy Sauce | 210g | Pack of 1,Packaged & Instant Food,Ketchup & Spread,Chinese Sauce,Chings,Soya Sauce,Tata Consumer Products,FMCGF
CG,42327,Nestle Kit Kat BBE | 38.5g | Pack of 1,"Chocolates,Desserts & Sweets",Chocolates & Sweets,Chocolates,Nestle KitKat,Wafer Chocolate,Nestle India,FMCGF
CG,10408,Cadbury Dairy Milk Crackle | 36g | Pack of 1,"Chocolates,Desserts & Sweets",Chocolates & Sweets,Chocolates,Cadbury,Milk Chocolate,Mondelez India Foods,FMCGF
WB,11732,7up 2.25 Ltr,Beverages,Drinks & Juices,Soft Drinks,7 Up,Clear Soft Drink,Pepsico Beverages,FMCGF
WB,10367,7up Lemon Flavour 750ml,Beverages,Drinks & Juices,Soft Drinks,7UP,Clear Soft Drink,Pepsico Beverages,FMCGF
WB,829,Act II Chilli Surprise Instant Popcorn | 35g | Pack of 1,Biscuits & Snacks,Chips & Namkeen,Popcorn,Act II,Flavoured Popcorn,Agro Tech Foods,FMCGF
WB,72153,Act II Instant Golden Sizzle Popcorn | 35g | Pack of 1,Biscuits & Snacks,Chips & Namkeen,Popcorn,Act II,Flavoured Popcorn,Agro Tech Foods,FMCGF
WB,832,Act II Magic Butter Flavour Popcorn | 35g | Pack of 1,Biscuits & Snacks,Chips & Namkeen,Popcorn,Act II,Flavoured Popcorn,Agro Tech Foods,FMCGF
WB,836,Act II Popcorn Classic Salted Instant Popcorn | 35g | Pack of 1,Biscuits & Snacks,Chips & Namkeen,Popcorn,Act II,Flavoured Popcorn,Agro Tech Foods,FMCGF
WB,29815,Amul Buttermilk Masti - 1Ltr,Dairy & Bakery,Lassi & Buttermilk,Buttermilk,Amul,Buttermilk,GCMMF,FMCGF
WB,867,Amul Cheese Slices - 100g,Dairy & Bakery,Butter & Cheese,Cheese,Amul,Cheese Slices,GCMMF,FMCGF
WB,866,Amul Cheese Slices - 200g,Dairy & Bakery,Butter & Cheese,Cheese,Amul,Cheese Slices,GCMMF,FMCGF
WB,871,Amul Cheese Spread Yummy Plain 200g,Packaged & Instant Food,Ketchup & Spread,Jams & Spread,Amul,Cheese Spread,GCMMF,FMCGF
WB,44199,Amul Chocolate Syrup 250g Bottle,Beverages,Drinks & Juices,"Syrups,Squash & Premixes",Amul,Syrup (Chocolate),GCMMF,FMCGF
WB,872,Amul Chocominis | 250g | Pack of 1,"Chocolates,Desserts & Sweets",Chocolates & Sweets,Chocolates,Amul,Milk Chocolate,GCMMF,FMCGF
WB,877,Amul Dark Chocolate | 35g | Pack of 1,"Chocolates,Desserts & Sweets",Chocolates & Sweets,Chocolates,Amul,Dark Chocolate,GCMMF,FMCGF
WB,882,Amul Fresh Cream - 250ml,Dairy & Bakery,Paneer & Cream,Dairy Cream,Amul,Cream,GCMMF,FMCGF
WB,886,Amul Homogenised Standardised Milk - 1Ltr,Dairy & Bakery,Milk,Fresh Milk,Amul,Milk,GCMMF,FMCGF
WB,891,Amul Kool Cafe Classic - 200ml Can,Bread Dairy & Frozen,Milk & Milk Products,Milkshake,Amul,Milkshake,GCMMF,FMCGF
WB,895,Amul Kool Kesar - 180 ml,Bread Dairy & Frozen,Milk & Milk Products,Milkshake,Amul,Milkshake,GCMMF,FMCGF
WB,898,Amul Lassi - 200ml,Dairy & Bakery,Lassi & Buttermilk,Lassi,Amul,Lassi,GCMMF,FMCGF
WB,903,Amul Masti Spiced Butter Milk - 200 ml,Dairy & Bakery,Lassi & Buttermilk,Buttermilk,Amul,Buttermilk,GCMMF,FMCGF
WB,910,Amul Mithai Mate Condensed Milk - 200g,Dairy & Bakery,Other Milk Products,Condensed Milk,Amul,Condensed Milk,GCMMF,FMCGF
WB,917,Amul Pasteurised Butter - 100 g,Dairy & Bakery,Butter & Cheese,Butter,Amul,Pasteurised Butter,GCMMF,FMCGF
WB,918,Amul Pasteurised Butter | 500g | Pack of 1,Dairy & Bakery,Butter & Cheese,Butter,Amul,Pasteurised Butter,GCMMF,FMCGF
WB,919,Amul Pasteurised Butter Tub - 200g,Dairy & Bakery,Butter & Cheese,Butter,Amul,Pasteurised Butter,GCMMF,FMCGF
WB,923,Amul Processed Cheese - 200g,Dairy & Bakery,Butter & Cheese,Cheese,Amul,Processed Cheese,GCMMF,FMCGF
WB,924,Amul Processed Cheese Chiplets - 200g - Pack of 8 Units,Dairy & Bakery,Butter & Cheese,Cheese,Amul,Processed Cheese Chiplets,GCMMF,FMCGF
WB,935,Amul Spray Instant Milk Food 1 Kg pouch,Baby Care,Baby Food & Formula,Baby Food,Amulspray,Baby Formula Food,GCMMF,FMCGF
WB,938,Amul Taaza Toned Milk - 200ml,Dairy & Bakery,Milk,Fresh Milk,Amul,Milk,GCMMF,FMCGF
WB,937,Amul Taaza Toned Milk Tetra Pack - 1Ltr,Dairy & Bakery,Milk,Fresh Milk,Amul,Milk,GCMMF,FMCGF
WB,939,Amulspray Infant Milk Food - 200g,Baby Care,Baby Food & Formula,Baby Food,Amulspray,Baby Formula Food,GCMMF,FMCGF
WB,940,Amulspray Infant Milk Food Carton | 500g | Pack of 1,Baby Care,Baby Food & Formula,Baby Food,Amulspray,Baby Formula Food,GCMMF,FMCGF
WB,942,Amulya Dairy Whitener - 200g,Dairy & Bakery,Other Milk Products,Dairy Whitener,Amulya,Milk Powder,GCMMF,FMCGF
WB,943,Amulya Dairy Whitener - 20g,Dairy & Bakery,Other Milk Products,Dairy Whitener,Amulya,Milk Powder,GCMMF,FMCGF
WB,944,Amulya Dairy Whitener - 500g,Dairy & Bakery,Other Milk Products,Dairy Whitener,Amulya,Milk Powder,GCMMF,FMCGF
WB,945,Amulya Dairy Whitener Pouch - 1Kg,Dairy & Bakery,Other Milk Products,Dairy Whitener,Amulya,Milk Powder,GCMMF,FMCGF
WB,3329,Appy Fizz Bottle | 250ml | Pack of 1,Beverages,Drinks & Juices,Soft Drinks,Appy Fizz,Apple Juice,Parle Agro,FMCGF
WB,78636,Bauli 100% Veg Choco Moonfils 45g,"Chocolates,Desserts & Sweets",Chocolates & Sweets,Muffins & Croissant,Bauli,Cream Filled Croissant,Bauli India Bakes & Sweets,FMCGF
WB,23249,Bauli Moonfils Choco Puff Roll | 45g | Pack of 1,"Chocolates,Desserts & Sweets",Chocolates & Sweets,Muffins & Croissant,Bauli,Cream Filled Croissant,Bauli India Bakes & Sweets,FMCGF
WB,13339,Bingo Mad Angels Mmm Masala 60-64g | Pack of 1,Biscuits & Snacks,Chips & Namkeen,"Chips, Puffs & Nachos",Bingo,Nachos,ITC Ltd,FMCGF
WB,14083,Bingo Mad Angles Achaari Masti Spicy 64-66g | Pack of 1,Biscuits & Snacks,Chips & Namkeen,"Chips, Puffs & Nachos",Bingo,Nachos,ITC Ltd,FMCGF
WB,92129,Bingo Tedhe Medhe Masala Tadka 75-80g | Pack of 1,Biscuits & Snacks,Chips & Namkeen,"Chips, Puffs & Nachos",Bingo,Puffs,ITC Ltd,FMCGF
WB,1031,Bisk Farm Chatpata Spicy Biscuits | 200g | Pack of 1,Biscuits & Snacks,Biscuits & Cookies,Sweet & Salty Biscuits,Bisk Farm,Flavoured Biscuits,Saj Food Products,FMCGF
WB,1025,Bisk Farm Coco Malai Biscuits | 200g | Pack of 1,Biscuits & Snacks,Biscuits & Cookies,Sweet & Salty Biscuits,Bisk Farm,Flavoured Biscuits,Saj Food Products,FMCGF
WB,1037,Bisk Farm Googly Bite Biscuit | 180g | Pack of 1,Biscuits & Snacks,Biscuits & Cookies,Sweet & Salty Biscuits,Bisk Farm,Flavoured Biscuits,Saj Food Products,FMCGF
WB,1039,Bisk Farm Jeera Wonder Biscuit | 186g | Pack of 1,Biscuits & Snacks,Biscuits & Cookies,Sweet & Salty Biscuits,Bisk Farm,Flavoured Biscuits,Saj Food Products,FMCGF
WB,1040,Bisk Farm Mast Jeera Biscuits 200g,Biscuits & Snacks,Biscuits & Cookies,Sweet & Salty Biscuits,Bisk Farm,Flavoured Biscuits,Saj Food Products,FMCGF
WB,12022,Bisk Farm Rich Marie Biscuits | 280g | Pack of 1,Biscuits & Snacks,Biscuits & Cookies,Marie & Digestive,Bisk Farm,Marie & Digestive Biscuit,Saj Food Products,FMCGF
WB,8706,Bisk Farm Ruskit Butter Rusk 200g,Biscuits & Snacks,Biscuits & Cookies,"Rusk, Khari & Wafer",Bisk Farm,Flavoured Rusk,Saj Food Products,FMCGF
WB,1045,Bisk Farm Sugar Free Cream Cracker Masala | 250g | Pack of 1,Biscuits & Snacks,Biscuits & Cookies,Sweet & Salty Biscuits,Bisk Farm,Sugar Free Cracker Biscuit,Saj Food Products,FMCGF
WB,11760,Bisk Farm Sugar Free Marie | 300g | Pack of 1,Biscuits & Snacks,Biscuits & Cookies,Marie & Digestive,Bisk Farm,Marie & Digestive Biscuit,Saj Food Products,FMCGF
WB,1047,Bisk Farm The Top Butter Munch Biscuits | 200g | Pack of 1,Biscuits & Snacks,Biscuits & Cookies,Sweet & Salty Biscuits,Bisk Farm,Flavoured Biscuits,Saj Food Products,FMCGF
WB,1049,Bisk Farm Thin Arrowroot Snack Biscuit 300g,Biscuits & Snacks,Biscuits & Cookies,Sweet & Salty Biscuits,Bisk Farm,Arrowroot Biscuits,Saj Food Products,FMCGF
WB,1050,Bisk Farm Top Gold Biscuits | 185 g | Pack of 1,Biscuits & Snacks,Biscuits & Cookies,Sweet & Salty Biscuits,Bisk Farm,Flavoured Biscuits,Saj Food Products,FMCGF
WB,15769,Bisleri Water | 1 Ltr | Pack of 1,Beverages,Drinks & Juices,Water & Soda,Bisleri,Drinking Water,Bisleri India,FMCGF
WB,67159,Britannia 50 50 Golmaal | 185g | Pack of 1,Biscuits & Snacks,Biscuits & Cookies,Sweet & Salty Biscuits,Britannia 50-50,Flavoured Crackers Biscuit,Britannia Industries Ltd.,FMCGF
WB,1054,Britannia 50-50 Sweet & Salty Biscuit | 200g | Pack of 1,Biscuits & Snacks,Biscuits & Cookies,Sweet & Salty Biscuits,Britannia 50-50,Sweet & Salty Biscuits,Britannia Industries Ltd.,FMCGF
WB,1051,Britannia 50-50 Timepass Salted Biscuits | 142g | Pack of 1,Biscuits & Snacks,Biscuits & Cookies,Sweet & Salty Biscuits,Britannia 50-50,Flavoured Biscuits,Britannia Industries Ltd.,FMCGF
WB,1059,Britannia Bourbon Cream Chocolate Flavor Biscuit | 150g | Pack of 1,Biscuits & Snacks,Biscuits & Cookies,Cream Biscuits,Britannia Bourbon,Cream Biscuit,Britannia Industries Ltd.,FMCGF
WB,1060,Britannia Bourbon Cream Chocolate Flavor Biscuits | 50g | Pack of 1,Biscuits & Snacks,Biscuits & Cookies,Cream Biscuits,Britannia Bourbon,Cream Biscuit,Britannia Industries Ltd.,FMCGF
WB,1065,Britannia Gobbles Choco Chill Cake | 28g | Pack of 1,"Chocolates,Desserts & Sweets",Chocolates & Sweets,"Cakes, Cream Roll & Pies",Britannia Gobbles,Flavoured Cake,Britannia Industries Ltd.,FMCGF
WB,37206,Britannia Gobbles Fruity Fun Cake | 28g | Pack of 1,"Chocolates,Desserts & Sweets",Chocolates & Sweets,"Cakes, Cream Roll & Pies",Britannia Gobbles,Fruit Cake,Britannia Industries Ltd.,FMCGF
WB,4830,Britannia Good Day Butter Cookies | 200g | Pack of 1,Biscuits & Snacks,Biscuits & Cookies,Cookies,Britannia Good Day,Cookies,Britannia Industries Ltd.,FMCGF
WB,68555,Britannia Good Day Cashew Cookies | 200g | Pack of 1,Biscuits & Snacks,Biscuits & Cookies,Cookies,Britannia Good Day,Cookies,Britannia Industries Ltd.,FMCGF
WB,43506,Britannia Good Day Cashew Cookies Family Pack | 827g | Pack of 1,Biscuits & Snacks,Biscuits & Cookies,Cookies,Britannia Good Day,Cookies,Britannia Industries Ltd.,FMCGF
WB,1088,Britannia Little Hearts | 26g | Pack of 1,Biscuits & Snacks,Biscuits & Cookies,Sweet & Salty Biscuits,Britannia,Flavoured Biscuits,Britannia Industries Ltd.,FMCGF
WB,1091,Britannia Marie Gold | 400g | Pack of 1,Biscuits & Snacks,Biscuits & Cookies,Marie & Digestive,Britannia Marie Gold,Marie & Digestive Biscuit,Britannia Industries Ltd.,FMCGF
WB,16952,Britannia Marie Gold Biscuits - 1Kg,Biscuits & Snacks,Biscuits & Cookies,Marie & Digestive,Britannia Marie Gold,Marie & Digestive Biscuit,Britannia Industries Ltd.,FMCGF
WB,1090,Britannia Marie Gold Biscuits | 277g | Pack of 1,Biscuits & Snacks,Biscuits & Cookies,Marie & Digestive,Britannia Marie Gold,Marie & Digestive Biscuit,Britannia Industries Ltd.,FMCGF
WB,1094,Britannia Milk Bikis Biscuits | 280g | Pack of 1,Biscuits & Snacks,Biscuits & Cookies,Glucose & Milk Biscuits,Britannia Milk Bikis,Glucose & Milk Biscuits,Britannia Industries Ltd.,FMCGF
WB,1076,Britannia Milk Bikis Cream Biscuits | 188g | Pack of 1,Biscuits & Snacks,Biscuits & Cookies,Cream Biscuits,Britannia,Cream Biscuit,Britannia Industries Ltd.,FMCGF
WB,1098,Britannia Nice Time Sugar Showered Coconut Biscuits | 136.5g | Pack of 1,Biscuits & Snacks,Biscuits & Cookies,Sweet & Salty Biscuits,Britannia Nice Time,Flavoured Biscuits,Britannia Industries Ltd.,FMCGF
WB,1099,Britannia Nutri Choice Classic Lite Biscuits | 295g | Pack of 1,Biscuits & Snacks,Biscuits & Cookies,Marie & Digestive,Britannia Nutri Choice,Marie & Digestive Biscuit,Britannia Industries Ltd.,FMCGF
WB,1061,Britannia Nutri Choice Digestive High Fiber Biscuits - 960g,Biscuits & Snacks,Biscuits & Cookies,Marie & Digestive,Britannia Nutri Choice,Marie & Digestive Biscuit,Britannia Industries Ltd.,FMCGF
WB,5120,Britannia Nutri Choice Sugar Free Cracker Natural Spice | 300g | Pack of 1,Biscuits & Snacks,Biscuits & Cookies,Sweet & Salty Biscuits,Britannia Nutri Choice,Sugar Free Cracker Biscuit,Britannia Industries Ltd.,FMCGF
WB,1103,Britannia Nutri Choice Thin Arrowroot Biscuits | 300g | Pack of 1,Biscuits & Snacks,Biscuits & Cookies,Marie & Digestive,Britannia Nutri Choice,Marie & Digestive Biscuit,Britannia Industries Ltd.,FMCGF
WB,103047,Britannia Toastea Premium Bake Rusk With Real Elaichi | 1kg | Pack of 1,Biscuits & Snacks,Biscuits & Cookies,"Rusk, Khari & Wafer",Britannia,Rusk,Britannia Industries Ltd.,FMCGF
WB,83486,Britannia Toastea Real Elachi Premium Bake Rusk | 250g | Pack of 1,Biscuits & Snacks,Biscuits & Cookies,"Rusk, Khari & Wafer",Britannia,Rusk,Britannia Industries Ltd.,FMCGF
WB,75266,Britannia Top 50 50 Buttery Bites Biscuit 200g,Biscuits & Snacks,Biscuits & Cookies,Sweet & Salty Biscuits,Britannia 50-50,Flavoured Biscuits,Britannia Industries Ltd.,FMCGF
WB,92258,Britannia Treat Choco Creme Wafers 55g,Biscuits & Snacks,Biscuits & Cookies,"Rusk, Khari & Wafer",Britannia Treat,Cream Filled Wafers,Britannia Industries Ltd.,FMCGF
WB,67160,Britannia Treat Croissant Cocoa | 45g | Pack of 1,"Chocolates,Desserts & Sweets",Chocolates & Sweets,Muffins & Croissant,Britannia Treat,Croissant,Britannia Industries Ltd.,FMCGF
WB,67162,Britannia Treat Croissant Vanilla Creme | 45g | Pack of 1,"Chocolates,Desserts & Sweets",Chocolates & Sweets,Muffins & Croissant,Britannia Treat,Croissant,Britannia Industries Ltd.,FMCGF
WB,1120,Britannia Treat Jim Jam Biscuits | 138g | Pack of 1,Biscuits & Snacks,Biscuits & Cookies,Cream Biscuits,Treat Jim Jam,Cream Biscuit,Britannia Industries Ltd.,FMCGF
WB,30709,Britannia Treat Orange Wafers | 55g | Pack of 1,Biscuits & Snacks,Biscuits & Cookies,"Rusk, Khari & Wafer",Britannia Treat,Cream Filled Wafers,Britannia Industries Ltd.,FMCGF
WB,30106,Britannia Treat Strawberry Wafers | 50g | Pack of 1,Biscuits & Snacks,Biscuits & Cookies,"Rusk, Khari & Wafer",Britannia,Cream Filled Wafers,Britannia Industries Ltd.,FMCGF
WB,2476,Brooke Bond Red Label Tea 100g,Beverages,"Tea, Coffee & Milk Drink",Tea,Brooke Bond,Dust Tea,HUL,FMCGF
WB,1132,Brooke Bond Taaza Tea | 250g | Pouch | Pack of 1,Beverages,"Tea, Coffee & Milk Drink",Tea,Brooke Bond,Dust Tea,HUL,FMCGF
WB,1131,Brooke Bond Taaza Tea 90g,Beverages,"Tea, Coffee & Milk Drink",Tea,Brooke Bond,Dust Tea,HUL,FMCGF
WB,14077,Cadbury 5 Star Chocolate Bar | 33g | Pack of 1,"Chocolates,Desserts & Sweets",Chocolates & Sweets,Chocolates,Cadbury 5 Star,Cream Filled Chocolate,Mondelez India Foods,FMCGF
WB,10024,Cadbury 5Star Chocolate | 18g | Pack of 1,"Chocolates,Desserts & Sweets",Chocolates & Sweets,Chocolates,Cadbury 5 Star,Cream Filled Chocolate,Mondelez India Foods,FMCGF
WB,2831,Cadbury Bourn Vita | 500g Pouch | Pack of 1,Beverages,"Tea, Coffee & Milk Drink",Health Drinks,Cadbury Bournvita,Health Drink Powder,Mondelez India Foods,FMCGF
WB,1234,Cadbury Bourn Vita Refill 70g,Beverages,"Tea, Coffee & Milk Drink",Health Drinks,Cadbury Bournvita,Health Drink Powder,Mondelez India Foods,FMCGF
WB,101111,Cadbury Bournville Classic 50% Dark Chocolate Bar | 30g | Pack of 1,"Chocolates,Desserts & Sweets",Chocolates & Sweets,Chocolates,Bournville,Dark Chocolate,Mondelez India Foods,FMCGF
WB,1237,Cadbury Celebrations | 96.6 g | Pack of 1,"Chocolates,Desserts & Sweets",Chocolates & Sweets,Chocolates Gift Pack,Cadbury Celebration,Milk Chocolate,Mondelez India Foods,FMCGF
WB,1244,Cadbury Chocobakes Cakes | 17g | Pack of 1,"Chocolates,Desserts & Sweets",Chocolates & Sweets,"Cakes, Cream Roll & Pies",Cadbury Chocobakes,Flavoured Cake,Mondelez India Foods,FMCGF
WB,84657,Cadbury Chocobakes Choco Chip Cookies | 83g | Pack of 1,Biscuits & Snacks,Biscuits & Cookies,Cookies,Cadbury Chocobakes,Cookies,Mondelez India Foods,FMCGF
WB,1268,Cadbury Dairy Milk 105g,"Chocolates,Desserts & Sweets",Chocolates & Sweets,Chocolates,Cadbury,Milk Chocolate,Mondelez India Foods,FMCGF
WB,1249,Cadbury Dairy Milk Chocolate Bar | 11g | Pack of 1,"Chocolates,Desserts & Sweets",Chocolates & Sweets,Chocolates,Cadbury Dairy Milk,Milk Chocolate,Mondelez India Foods,FMCGF
WB,2767,Cadbury Dairy Milk Chocolate Bar | 18g | Pack of 1,"Chocolates,Desserts & Sweets",Chocolates & Sweets,Chocolates,Cadbury,Milk Chocolate,Mondelez India Foods,FMCGF
WB,10408,Cadbury Dairy Milk Crackle | 36g | Pack of 1,"Chocolates,Desserts & Sweets",Chocolates & Sweets,Chocolates,Cadbury,Milk Chocolate,Mondelez India Foods,FMCGF
WB,13989,Cadbury Dairy Milk Crispello Chocolate 12.5g,"Chocolates,Desserts & Sweets",Chocolates & Sweets,Chocolates,Cadbury,Milk Chocolate,Mondelez India Foods,FMCGF
WB,86905,Cadbury Dairy Milk Silk Fruit And Nut 51g,"Chocolates,Desserts & Sweets",Chocolates & Sweets,Chocolates,Cadbury Dairy Milk,Milk Chocolate,Mondelez India Foods,FMCGF
WB,1264,Cadbury Dairy Milk Silk Oreo Chocolate Bar | 58.5g | Pack of 1,"Chocolates,Desserts & Sweets",Chocolates & Sweets,Chocolates,Cadbury Dairy Milk,Milk Chocolate,Mondelez India Foods,FMCGF
WB,1270,Cadbury Fuse Chocolate | 21g | Pack of 1,"Chocolates,Desserts & Sweets",Chocolates & Sweets,Chocolates,Cadbury Fuse,Fruit & Nuts Chocolate,Mondelez India Foods,FMCGF
WB,1271,Cadbury Nutties Chocolate Pack 30g,"Chocolates,Desserts & Sweets",Chocolates & Sweets,Candies & Gum,Cadbury Nutties,Fruit & Nut Candy,Mondelez India Foods,FMCGF
WB,11152,Cadbury Oreo Choco Creme Biscuit | 108.55g | Pack of 1,Biscuits & Snacks,Biscuits & Cookies,Cream Biscuits,Cadbury Oreo,Cream Biscuit,Mondelez India Foods,FMCGF
WB,1272,Cadbury Oreo Chocolate Biscuit | 38.75g | Pack of 1,Biscuits & Snacks,Biscuits & Cookies,Cream Biscuits,Cadbury,Cream Biscuit,Mondelez India Foods,FMCGF
WB,1273,Cadbury Oreo Original Vanilla Sandwich Biscuit | 38.75g | Pack of 1,Biscuits & Snacks,Biscuits & Cookies,Cream Biscuits,Oreo,Cream Biscuit,Mondelez India Foods,FMCGF
WB,89008,Cadbury Original Oreo Sandwich Biscuit 108.55g,Biscuits & Snacks,Biscuits & Cookies,Cream Biscuits,Cadbury Oreo,Cream Biscuit,Mondelez India Foods,FMCGF
WB,71086,Cadbury Perk Double Chocolate Bar 18.2g,"Chocolates,Desserts & Sweets",Chocolates & Sweets,Chocolates,Perk,Wafer Chocolate,Mondelez India Foods,FMCGF
WB,97500,Campa Cola Bottle | 500ml | Pack of 1,Beverages,Drinks & Juices,Soft Drinks,Campa,Black Soft Drink,Ceylon Beverage International (Pvt) Ltd.,FMCGF
WB,102053,Campa Cola PET - 2L,Beverages,Drinks & Juices,Soft Drinks,Campa,Black Soft Drink,Ceylon Beverage International (Pvt) Ltd.,FMCGF
WB,102054,Campa Lemon PET - 2L,Beverages,Drinks & Juices,Soft Drinks,Campa,Clear Soft Drink,Ceylon Beverage International (Pvt) Ltd.,FMCGF
WB,102056,Campa Orange | 500ml PET | Pack of 1,Beverages,Drinks & Juices,Soft Drinks,Campa,Orange Soft Drink,Ceylon Beverage International (Pvt) Ltd.,FMCGF
WB,102055,Campa Orange PET - 2L,Beverages,Drinks & Juices,Soft Drinks,Campa,Orange Soft Drink,Ceylon Beverage International (Pvt) Ltd.,FMCGF
WB,85,Chings Green Chilli Sauce Pouch | 90g | Pack of 1,Packaged & Instant Food,Ketchup & Spread,Chinese Sauce,Chings,Green Chilli Sauce,Tata Consumer Products,FMCGF
WB,92,Chings Schezwan Chutney | 250g | Pack of 1,Packaged & Instant Food,Ketchup & Spread,Chutney & Pickles,Chings,Schezwan Chutney,Tata Consumer Products,FMCGF
WB,95,Chings Secret Dark Soy Sauce | 210g | Pack of 1,Packaged & Instant Food,Ketchup & Spread,Chinese Sauce,Chings,Soya Sauce,Tata Consumer Products,FMCGF
WB,97,Chings Secret Hakka Veg Noodles | 140g | Pack of 1,Packaged & Instant Food,Noodles & Instant Food,Noodles,Chings,Hakka Noodles,Tata Consumer Products,FMCGF
WB,108,Chings Secret Red Chilli Sauce | 90g | Pack of 1,Packaged & Instant Food,Ketchup & Spread,Chinese Sauce,Chings,Red Chilli Sauce,Tata Consumer Products,FMCGF
WB,1344,Coca Cola | 750ml | Pack of 1,Beverages,Drinks & Juices,Soft Drinks,Coca-Cola,Black Soft Drink,Coca-Cola,FMCGF
WB,1342,Coca Cola 250ml,Beverages,Drinks & Juices,Soft Drinks,Coca-Cola,Black Soft Drink,Coca-Cola,FMCGF
WB,33090,Coca Cola Soft Drink PET Bottle | 2L | Pack of 1,Beverages,Drinks & Juices,Soft Drinks,Coca-Cola,Black Soft Drink,Coca-Cola,FMCGF
WB,87588,Coca-Cola Diet Coke | 300ml | Pack of 1,Beverages,Drinks & Juices,Soft Drinks,Coca-Cola,Black Soft Drink,Coca-Cola,FMCGF
WB,11366,Dabur Hajmola Imli Tasty Digestive Tablets Jar | 50 Tablets | Pack of 1,Health & Wellness,Immunity & Health Boosters,Ayurveda & Digestive Health,Dabur Hajmola,Digestive Candy,Dabur India Limited,FMCGF
WB,3394,Dabur Hajmola Regular Tasty Digestive Tablets 50 Pcs,Health & Wellness,Immunity & Health Boosters,Ayurveda & Digestive Health,Dabur Hajmola,Digestive Candy,Dabur India Limited,FMCGF
WB,1454,Dabur Honey Purity Guaranteed | 100g | Pack of 1,Packaged & Instant Food,Ketchup & Spread,Honey,Dabur,Honey,Dabur India Limited,FMCGF
WB,1405,Dabur Pure Honey | 250g | Pack of 1,Packaged & Instant Food,Ketchup & Spread,Honey,Dabur,Honey,Dabur India Limited,FMCGF
WB,97406,DNV Mango Pickle | 200g | Pack of 1,Packaged & Instant Food,Ketchup & Spread,Chutney & Pickles,DNV,Mango Pickle,DNV Food Products,FMCGF
WB,86209,Dnv Mixed Pickle 200g,Packaged & Instant Food,Ketchup & Spread,Chutney & Pickles,Dnv,Mixed Pickle,DNV Food Products,FMCGF
WB,98468,DNV Mustard Kasundi Spout Pouch | 81g | Pack of 1,Packaged & Instant Food,Ketchup & Spread,Chinese Sauce,DNV,Mustard Sauce,DNV Food Products,FMCGF
WB,78769,Dnv Non Fruit Vinegar 670ml,Packaged & Instant Food,Ketchup & Spread,Chinese Sauce,Dnv,Vinegar,DNV Food Products,FMCGF
WB,10284,Doritos Cheese Flavour Nacho Chips | 45g | Pack of 1,Biscuits & Snacks,Chips & Namkeen,"Chips, Puffs & Nachos",Doritos,Nachos,Pepsico Beverages,FMCGF
WB,10285,Doritos Sweet Chili Flavour Chips | 45g | Pack of 1,Biscuits & Snacks,Chips & Namkeen,"Chips, Puffs & Nachos",Doritos,Nachos,Pepsico Foods,FMCGF
WB,3049,Dr Oetker Funfoods Mayonnaise | 250g | Pack of 1,Packaged & Instant Food,Ketchup & Spread,Mayonnaise,Dr Oetker,Mayonnaise,Dr Oetker India,FMCGF
WB,3057,Dr Oetker Funfoods Veg Mayonnaise Original | 100g | Pack of 1,Packaged & Instant Food,Ketchup & Spread,Mayonnaise,Dr Oetker,Mayonnaise,Dr Oetker India,FMCGF
WB,90591,Dr Oetker Kuppies Fruit & Nut Cake 125 g,"Chocolates,Desserts & Sweets",Chocolates & Sweets,"Cakes, Cream Roll & Pies",Dr Oetker,Fruit Cake,Dr Oetker India,FMCGF
WB,4915,Eno Fruit Salt Lemon Flavor | 5g | Pack of 1,Health & Wellness,Immunity & Health Boosters,Ayurveda & Digestive Health,Eno,Fruit Salt,GSK,FMCGF
WB,73737,Fanta Orange Flavour Drink 2 Ltr,Beverages,Drinks & Juices,Soft Drinks,Fanta,Orange Soft Drink,Coca-Cola,FMCGF
WB,8424,Frooti Cool Mango - 600ml,Beverages,Drinks & Juices,Fruit Juices,Frooti,Mango Juice,Parle Agro,FMCGF
WB,88674,Frooti Mango Drink - 2L,Beverages,Drinks & Juices,Fruit Juices,Frooti,Mango Juice,Parle Products,FMCGF
WB,5176,Frooti Mango Drink Tetra Pack 150 ml,Beverages,Drinks & Juices,Fruit Juices,Frooti,Mango Juice,Parle Agro,FMCGF
WB,2730,Glucon D Drink Mix Orange - 450g,Beverages,Drinks & Juices,Energy Drinks,Glucon-D,Glucose Drink,Zydus Wellness Products Ltd,FMCGF
WB,2734,Glucon D Regular - 500g,Beverages,Drinks & Juices,Energy Drinks,Glucon-D,Glucose Drink,Zydus Wellness Products Ltd,FMCGF
WB,4925,Glucon D Tangy Orange Flavour | 125g | Pack of 1,Beverages,Drinks & Juices,Energy Drinks,Glucon-D,Glucose Drink,Zydus Wellness Products Ltd,FMCGF
WB,3224,Glucon-D | 125g | Pack of 1,Beverages,Drinks & Juices,Energy Drinks,Glucon-D,Glucose Drink,Zydus Wellness Products Ltd,FMCGF
WB,2732,Glucon-D Tangy Orange Instant Energy Health Drink - 1Kg,Beverages,Drinks & Juices,Energy Drinks,Glucon-D,Glucose Drink,Zydus Wellness Products Ltd,FMCGF
WB,14249,Haldiram Prabhuji Khatta Meetha Mixture | 200g | Pack of 1,Biscuits & Snacks,Chips & Namkeen,Bhujia & Mixture,Haldiram's,Mixture,Haldiram Snacks Food Private Limited,FMCGF
WB,14257,Haldiram's Prabhuji Crunchy Classic Moong Dal | 200g | Pack of 1,Biscuits & Snacks,Chips & Namkeen,Bhujia & Mixture,Haldiram's,Moong Dal,Haldiram Snacks Food Private Limited,FMCGF
WB,3161,Haldirams Prabhuji Bhujia Munchy Masti 200g,Biscuits & Snacks,Chips & Namkeen,Bhujia & Mixture,Haldiram's,Bhujia Sev,Haldiram Snacks Food Private Limited,FMCGF
WB,3154,Haldirams Prabhuji Bhujia | 400g | Pack of 1,Biscuits & Snacks,Chips & Namkeen,Bhujia & Mixture,Haldiram's,Bhujia Sev,Haldiram Snacks Food Private Limited,FMCGF
WB,22484,Haldirams Prabhuji Namkeen Mini Samosa | 200g | Pack of 1,Biscuits & Snacks,Chips & Namkeen,Bhujia & Mixture,Haldiram's,Samosa,Haldiram Snacks Food Private Limited,FMCGF
WB,87710,Horlicks Chocolate Delight Flavour Nutrition Drink | 400g | Pack of 1,Beverages,"Tea, Coffee & Milk Drink",Health Drinks,Horlicks,Health Drink Powder,HUL,FMCGF
WB,3230,Horlicks Classic Malt Pouch | 450g | Pack of 1,Beverages,"Tea, Coffee & Milk Drink",Health Drinks,Horlicks,Health Drink Powder,HUL,FMCGF
WB,30253,Horlicks Health & Nutrition Drink Classic Malt | 750g | Pack of 1,Beverages,"Tea, Coffee & Milk Drink",Health Drinks,Horlicks,Health Drink Powder,HUL,FMCGF
WB,12854,Horlicks Lite Regular Malt Flavour | 450g | Pack of 1,Beverages,"Tea, Coffee & Milk Drink",Health Drinks,Horlicks,Health Drink Powder,HUL,FMCGF
WB,74088,Horlicks Protein Biscuits | 300g | Pack of 1,Biscuits & Snacks,Biscuits & Cookies,Glucose & Milk Biscuits,Horlicks,Glucose & Milk Biscuits,HUL,FMCGF
WB,68872,Kellogg's Chocos Variety Pack | 7N | 140g | Pack of 1,Breakfast,Breakfast & Cereals,Cornflakes & Muesli,Kellogg's,Corn Flakes,Kellogg's India,FMCGF
WB,100665,Kellogg's Millet Muesli - 500g,Breakfast,Breakfast & Cereals,Cornflakes & Muesli,Kelloggs,Millets,Kellogg's India,FMCGF
WB,102267,Kellogg's Muesli 0% Added Sugar | 400g | Pack of 1,Breakfast,Breakfast & Cereals,Cornflakes & Muesli,Kellogg's,Muesli,Kellogg's India,FMCGF
WB,99564,Kellogg's Muesli Fruit Nut & Seeds | 72g | Pack of 1,Breakfast,Breakfast & Cereals,Cornflakes & Muesli,Kellogg's,Muesli,Kellogg's India,FMCGF
WB,9901,Kelloggs Chocos | 250g | Pack of 1,Breakfast,Breakfast & Cereals,Cornflakes & Muesli,Kellogg's,Choco Flakes,Kellogg's India,FMCGF
WB,10178,Kelloggs Corn Flakes Original | 900g | Pack of 1,Breakfast,Breakfast & Cereals,Cornflakes & Muesli,Kellogg's,Corn Flakes,Kellogg's India,FMCGF
WB,2584,Kelloggs Corn Flakes Original Pouch | 251g | Pack of 1,Breakfast,Breakfast & Cereals,Cornflakes & Muesli,Kellogg's,Corn Flakes,Kellogg's India,FMCGF
WB,13755,Bambino Instant Sevai Kheer - 35g,Packaged & Instant Food,Noodles & Instant Food,Vermicelli,Bambino,Kheer Mix,Bambino Agro Industries,FMCGF
WB,4675,Kinley Soda Club | 750ml | Pack of 1,Beverages,Drinks & Juices,Water & Soda,Kinley,Soda,Coca-Cola,FMCGF
WB,3076,Kissan Fresh Tomato Chhotu | 90g | Pack of 1,Packaged & Instant Food,Ketchup & Spread,Tomato Ketchup,Kissan,Tomato Ketchup,HUL,FMCGF
WB,86683,Kissan Fresh Tomato Ketchup | 1.1 Kg | Pack of 1,Packaged & Instant Food,Ketchup & Spread,Tomato Ketchup,Kissan,Tomato Ketchup,HUL,FMCGF
WB,3063,Kissan Fresh Tomato Ketchup | 415g | Pack of 1,Packaged & Instant Food,Ketchup & Spread,Tomato Ketchup,Kissan,Tomato Ketchup,HUL,FMCGF
WB,8277,Kissan Mixed Fruit Jam | 200g | Pack of 1,Packaged & Instant Food,Ketchup & Spread,Jams & Spread,Kissan,Mixed Fruit Jam,HUL,FMCGF
WB,4632,Kurkure Masala Munch | 38g | Pack of 1,Biscuits & Snacks,Chips & Namkeen,"Chips, Puffs & Nachos",Kurkure,Puffs,Pepsico Foods,FMCGF
WB,4634,Kurkure Namkeen Masala Munch | 78g | Pack of 1,Biscuits & Snacks,Chips & Namkeen,"Chips, Puffs & Nachos",Kurkure,Puffs,Pepsico Foods,FMCGF
WB,10287,Kurkure Puffcorn Yummy Cheese 52g,Biscuits & Snacks,Chips & Namkeen,"Chips, Puffs & Nachos",Kurkure,Puffs,Pepsico Foods,FMCGF
WB,4636,Kurkure Yummy Cheese Puffcorn | 28g | Pack of 1,Biscuits & Snacks,Chips & Namkeen,"Chips, Puffs & Nachos",Kurkure,Puffs,Pepsico Foods,FMCGF
WB,10282,Lay's Chile Lemon Flavour Potato Chips | 24g | Pack of 1,Biscuits & Snacks,Chips & Namkeen,"Chips, Puffs & Nachos",Lay's,Potato Chips,Pepsico Foods,FMCGF
WB,11722,Lay's Classic Salted Potato Chips | 24g | Pack of 1,Biscuits & Snacks,Chips & Namkeen,"Chips, Puffs & Nachos",Lay's,Potato Chips,Pepsico Foods,FMCGF
WB,4639,Lay's India's Magic Masala Potato Chips | 48g | Pack of 1,Biscuits & Snacks,Chips & Namkeen,"Chips, Puffs & Nachos",Lay's,Potato Chips,Pepsico Foods,FMCGF
WB,10290,Lay's West Indies Hot Sweet Chili Potato Chips | 48g | Pack of 1,Biscuits & Snacks,Chips & Namkeen,"Chips, Puffs & Nachos",Lay's,Potato Chips,Pepsico Foods,FMCGF
WB,4643,Lays American Style Cream & Onion Flavour Potato Chips 24g,Biscuits & Snacks,Chips & Namkeen,"Chips, Puffs & Nachos",Lay's,Potato Chips,Pepsico Foods,FMCGF
WB,4637,Lays American Style Cream & Onion Flavour Potato Chips 48g,Biscuits & Snacks,Chips & Namkeen,"Chips, Puffs & Nachos",Lay's,Potato Chips,Pepsico Foods,FMCGF
WB,10289,Lays Crispz Herb And Onion Flavour Potato Chips | 46g | Pack of 1,Biscuits & Snacks,Chips & Namkeen,"Chips, Puffs & Nachos",Lay's,Potato Chips,Pepsico Foods,FMCGF
WB,4644,Lays Indias Magic Masala Potato Chips 24g,Biscuits & Snacks,Chips & Namkeen,"Chips, Puffs & Nachos",Lay's,Potato Chips,Pepsico Beverages,FMCGF
WB,4638,Lays West Indies Hot N Sweet Chilli Potato Chips 24g,Biscuits & Snacks,Chips & Namkeen,"Chips, Puffs & Nachos",Lay's,Potato Chips,Pepsico Foods,FMCGF
WB,42335,Lijjat Moong Papad | 200g | Pack of 1,Papad & Fryums,Papad & Fryums,Papad & Fryums,Lijjat,Moong Papad,Shri Mahila Griha Udyog Lijjat Papad,FMCGF
WB,2909,Lijjat Punjabi Masala Papad 200g | Pack of 1,Papad & Fryums,Papad & Fryums,Papad & Fryums,Lijjat,Masala Papad,Shri Mahila Griha Udyog Lijjat Papad,FMCGF
WB,66854,Limca Lemon | 250ml Bottle | Pack of 1,Beverages,Drinks & Juices,Soft Drinks,Limca,Flavoured Soft Drink,Coca-Cola,FMCGF
WB,9968,Lipton Green Tea Honey Lemon | 25 Tea Bags | Pack of 1,Beverages,"Tea, Coffee & Milk Drink",Green Tea,Lipton,Green Tea,HUL,FMCGF
WB,2794,Lotte Choco Pie | 168g | Pack of 6,"Chocolates,Desserts & Sweets",Chocolates & Sweets,"Cakes, Cream Roll & Pies",Lotte,Cream Filled Pie,Lotte India Corporation Limited,FMCGF
WB,11748,Lotte Choco Pie | 56g | Pack of 1,"Chocolates,Desserts & Sweets",Chocolates & Sweets,"Cakes, Cream Roll & Pies",Lotte,Cream Filled Pie,Lotte India Corporation Limited,FMCGF
WB,9900,Kelloggs MG Chocos | 127g | Pack of 1,Breakfast,Breakfast & Cereals,Cornflakes & Muesli,Kellogg's,Choco Flakes,Kellogg's India,FMCGF
WB,4927,Maaza Mango Drink | 1.2 Ltr | Pack of 1,Beverages,Drinks & Juices,Fruit Juices,Maaza,Mango Juice,Coca-Cola,FMCGF
WB,3181,Maggi 2 Min Noodles | 280g | Pack of 1,Packaged & Instant Food,Noodles & Instant Food,Noodles,Maggi,Instant Noodles,Nestle India,FMCGF
WB,10331,Maggi 2 Minute Noodles Masala | 420g | Pack of 1,Packaged & Instant Food,Noodles & Instant Food,Noodles,Maggi,Instant Noodles,Nestle India,FMCGF
WB,3179,Maggi Instant 2 Min Noodle Masala | 560g | Pack of 1,Packaged & Instant Food,Noodles & Instant Food,Noodles,Maggi,Instant Noodles,Nestle India,FMCGF
WB,3189,Maggi Masala Noodles | 70g | Pack of 1,Packaged & Instant Food,Noodles & Instant Food,Noodles,Maggi,Instant Noodles,Nestle India,FMCGF
WB,74102,Maggi Masala Veg Atta Noodles | 290g | Pack of 1,Packaged & Instant Food,Noodles & Instant Food,Noodles,Maggi,Instant Noodles,Nestle India,FMCGF
WB,10376,Maggi Pazzta Cheese Macaroni | 75g | Pack of 1,Packaged & Instant Food,Noodles & Instant Food,Pasta,Maggi,Macaroni Pasta,Nestle India,FMCGF
WB,11678,Maggi Pazzta Cheesy Tomato Twist Free | 68.5g | Pack of 1,Packaged & Instant Food,Noodles & Instant Food,Pasta,Maggi,Instant Pasta,Nestle India,FMCGF
WB,73341,Cadbury Gems | 14.69g | Pack of 1,"Chocolates,Desserts & Sweets",Chocolates & Sweets,Candies & Gum,Cadbury Gems,Candies,Mondelez India Foods,FMCGF
WB,12528,Malkist Cheese Flavoured Crunchy Layered Crackers | 144g | Pack of 1,Biscuits & Snacks,Biscuits & Cookies,Sweet & Salty Biscuits,Mayora,Flavoured Crackers Biscuit,PT MAYORA INDAH TBK,FMCGF
WB,2916,Sunfeast Moms Magic Cashew & Almond Cookies | 190 g | Pack of 1,Biscuits & Snacks,Biscuits & Cookies,Cookies,Sunfeast,Cookies,ITC Ltd,FMCGF
WB,102071,Marino Premium Elaichi Rusk | 1 Kg | Pack of 1,Biscuits & Snacks,Biscuits & Cookies,"Rusk, Khari & Wafer",Marino,Rusk,Marino Food Products,FMCGF
WB,10670,Milkybar Moosha Caramel & Nougat Bar 18g,"Chocolates,Desserts & Sweets",Chocolates & Sweets,Chocolates,Nestle,White Chocolate,Nestle India,FMCGF
WB,4685,Mirinda Orange Flavoured 750ml,Beverages,Drinks & Juices,Soft Drinks,Mirinda,Orange Soft Drink,Pepsico Beverages,FMCGF
WB,4686,Mirinda PET 2.25 Ltr,Beverages,Drinks & Juices,Soft Drinks,Mirinda,Orange Soft Drink,Pepsico Beverages,FMCGF
WB,11727,Mirinda Soft Drink 400ml,Beverages,Drinks & Juices,Soft Drinks,Mirinda,Orange Soft Drink,Pepsico Beverages,FMCGF
WB,10368,Mountain Dew 2.25 Ltr,Beverages,Drinks & Juices,Soft Drinks,Mountain Dew,Clear Soft Drink,Pepsico Beverages,FMCGF
WB,4803,Parle Happy Happy Choco Chip Cookies | 60g | Pack of 1,Biscuits & Snacks,Biscuits & Cookies,Cookies,Parle Happy Happy,Cookies,Parle Products,FMCGF
WB,12508,Mountain Dew Pet Bottle 400ml,Beverages,Drinks & Juices,Soft Drinks,Mountain Dew,Flavoured Soft Drink,Pepsico Beverages,FMCGF
WB,95810,Mukharochak Chaal Bhaja | 200g | Pack of 1,Biscuits & Snacks,Chips & Namkeen,Bhujia & Mixture,Mukharochak,Chaal Bhaja,Mukharochak Snacks & Confectioner Private Limited,FMCGF
WB,95815,Mukharochak Chira Bhaja 200 g,Biscuits & Snacks,Chips & Namkeen,Bhujia & Mixture,Mukharochak,Chiwda Namkeen,Mukharochak Snacks & Confectioner Private Limited,FMCGF
WB,95812,Mukharochak Diet Chiwra 200 g,Biscuits & Snacks,Chips & Namkeen,Bhujia & Mixture,Mukharochak,Chiwda Namkeen,Mukharochak Snacks & Confectioner Private Limited,FMCGF
WB,95819,Mukharochak Salted Peanuts 200 g,Biscuits & Snacks,Chips & Namkeen,Namkeen Snacks,Mukharochak,Salted Peanuts,Mukharochak Snacks & Confectioner Private Limited,FMCGF
WB,95799,Mukharochak Sweet & Sour Chanachur | 400g | Pack of 1,Biscuits & Snacks,Chips & Namkeen,Bhujia & Mixture,Mukharochak,Chanachur,Mukharochak Snacks & Confectioner Private Limited,FMCGF
WB,84658,Mukharochak Sweet & Sour Mixture 200g | Pack of 1,Biscuits & Snacks,Chips & Namkeen,Bhujia & Mixture,Mukharochak,Mixture,Mukharochak Snacks & Confectioner Private Limited,FMCGF
WB,3081,Nescafe Classic Coffee | 24g Jar | Pack of 1,Beverages,"Tea, Coffee & Milk Drink",Coffee,Nescafe,Coffee,Nestle India,FMCGF
WB,42327,Nestle Kit Kat BBE | 38.5g | Pack of 1,"Chocolates,Desserts & Sweets",Chocolates & Sweets,Chocolates,Nestle KitKat,Wafer Chocolate,Nestle India,FMCGF
WB,2930,Nestle KitKat 2 Finger 11.9g,"Chocolates,Desserts & Sweets",Chocolates & Sweets,Chocolates,Nestle KitKat,Wafer Chocolate,Nestle India,FMCGF
WB,10672,Nestle Maggi Cuppa Masala Noodles 70.5g,Packaged & Instant Food,Noodles & Instant Food,Noodles,Maggi,Cup Noodles,Nestle India,FMCGF
WB,12431,Nestle Milkybar Its Yummy | 22.5g | Pack of 1,"Chocolates,Desserts & Sweets",Chocolates & Sweets,Chocolates,Nestle Milkybar,White Chocolate,Nestle India,FMCGF
WB,2934,Nestle Munch 17.4g,"Chocolates,Desserts & Sweets",Chocolates & Sweets,Chocolates,Nestle Munch,Wafer Chocolate,Nestle India,FMCGF
WB,72102,Nestlé Munch Max | 37.5g | Pack of 1,"Chocolates,Desserts & Sweets",Chocolates & Sweets,Chocolates,Nestle,Wafer Chocolate,Nestle India,FMCGF
WB,42342,Nestle Nescafe Classic | 3.2g | Pack of 1,Beverages,"Tea, Coffee & Milk Drink",Coffee,Nescafe,Coffee,Nestle India,FMCGF
WB,5190,Nutella Hazelnut Spread With Cocoa 180g,Packaged & Instant Food,Ketchup & Spread,Jams & Spread,Nutella,Chocolate Spread,Ferrero India,FMCGF
WB,95652,Panda Treats Hakka Masala Noodles 400 g,Packaged & Instant Food,Noodles & Instant Food,Noodles,Panda Treats,Hakka Noodles,Emery Foods,FMCGF
WB,95653,Panda Treats Hakka Plain Noodles | 1.2 Kg | Pack of 1,Packaged & Instant Food,Noodles & Instant Food,Noodles,Panda Treats,Hakka Noodles,Emery Foods,FMCGF
WB,97013,Panda Treats Pasta Macaroni | 250g | Buy 1 Get 1 Free,Packaged & Instant Food,Noodles & Instant Food,Pasta,Panda Treats,Macaroni Pasta,Emery Foods,FMCGF
WB,95656,Panda Treats Pasta Spiral | 1 Kg | Pack of 1,Packaged & Instant Food,Noodles & Instant Food,Pasta,Panda Treats,Spirali Pasta,Emery Foods,FMCGF
WB,13366,Bambino Roasted Vermicelli 90 g,Packaged & Instant Food,Noodles & Instant Food,Vermicelli,Bambino,Roasted Vermicelli,Bambino Agro Industries,FMCGF
WB,13368,Bambino Vermicelli 80g,Packaged & Instant Food,Noodles & Instant Food,Vermicelli,Bambino,Vermicelli,Bambino Agro Industries,FMCGF
WB,77179,Parle 20-20 Gold Cashew Cookies | 936 g | Pack of 1,Biscuits & Snacks,Biscuits & Cookies,Cookies,Parle,Cookies,Parle Products,FMCGF
WB,4853,Parle G Biscuits | 90g | Pack of 1,Biscuits & Snacks,Biscuits & Cookies,Glucose & Milk Biscuits,Parle - G,Glucose & Milk Biscuits,Parle Products,FMCGF
WB,66348,Parle G Original Glucose Biscuit | 800g | Pack of 1,Biscuits & Snacks,Biscuits & Cookies,Glucose & Milk Biscuits,Parle - G,Glucose & Milk Biscuits,Parle Products,FMCGF
WB,32985,Parle Happy Happy Choco Chip Cookies 396g | Pack of 1,Biscuits & Snacks,Biscuits & Cookies,Cookies,Parle Happy Happy,Cookies,Parle Products,FMCGF
WB,75582,Parle Hide & Seek Biscuits Chocolate Chip Cookies | 412.5g | Pack of 1,Biscuits & Snacks,Biscuits & Cookies,Cookies,Parle Hide & Seek,Cookies,Parle Products,FMCGF
WB,2943,Parle Hide & Seek With Choco Chip Cookies - 200g,Biscuits & Snacks,Biscuits & Cookies,Cookies,Parle Hide & Seek,Cookies,Parle Products,FMCGF
WB,43504,Parle Marie 4 Stay Fresh Packs Inside | 800g | Pack of 1,Biscuits & Snacks,Biscuits & Cookies,Marie & Digestive,Parle marie,Marie & Digestive Biscuit,Parle Products,FMCGF
WB,10721,Parle Marie Biscuits | 263.2g | Pack of 1,Biscuits & Snacks,Biscuits & Cookies,Marie & Digestive,Parle,Marie & Digestive Biscuit,Parle Products,FMCGF
WB,68867,Parle Monaco Biscuits Classic Regular - 371.2g,Biscuits & Snacks,Biscuits & Cookies,Sweet & Salty Biscuits,Parle Monaco,Flavoured Biscuits,Parle Products,FMCGF
WB,43505,Parle Nutricrunch Digestives | 1 Kg | Pack of 1,Biscuits & Snacks,Biscuits & Cookies,Marie & Digestive,Parle Nutricrunch,Marie & Digestive Biscuit,Parle Products,FMCGF
WB,75588,Parle Nutricrunch Honey & Oats Digestive Cookies | 600g | Pack of 1,Biscuits & Snacks,Biscuits & Cookies,Cookies,Parle Nutricrunch,Cookies,Parle Products,FMCGF
WB,86781,Parle Nutricrunch Sugar Free Lite Crackers 304.2g,Biscuits & Snacks,Biscuits & Cookies,Sweet & Salty Biscuits,Parle Nutricrunch,Sugar Free Cracker Biscuit,Parle Products,FMCGF
WB,23375,Parle Real Elaichi Premium Rusk 291.2g,Biscuits & Snacks,Biscuits & Cookies,"Rusk, Khari & Wafer",Parle Rusk,Flavoured Rusk,Parle Products,FMCGF
WB,66991,Parle Top Rich Buttery Cracker | 250g | Pack of 1,Biscuits & Snacks,Biscuits & Cookies,Sweet & Salty Biscuits,Parle Top,Sweet & Salty Biscuits,Parle Products,FMCGF
WB,4689,Pepsi 750ml,Beverages,Drinks & Juices,Soft Drinks,Pepsi,Black Soft Drink,Pepsico Beverages,FMCGF
WB,4690,Pepsi Pet Bottle 2.25 Ltr,Beverages,Drinks & Juices,Soft Drinks,Pepsi,Black Soft Drink,Pepsico Beverages,FMCGF
WB,2819,Polo Breath Mint With The Hole | 24g | Pack of 1,"Chocolates,Desserts & Sweets",Chocolates & Sweets,Mint & Mouth Freshners,Polo,Mints,Nestle India,FMCGF
WB,81379,Prabhuji Besan Laddu Elaichi Flavour | 336g | Pack of 1,"Chocolates,Desserts & Sweets",Chocolates & Sweets,Sweets & Mithai,Prabhuji,Laddu,Haldiram Snacks Food Private Limited,FMCGF
WB,4670,Prabhuji Elaichi Soan Papdi | 400g | Pack of 1,"Chocolates,Desserts & Sweets",Chocolates & Sweets,Sweets & Mithai,Prabhuji,Soan Papdi,Haldiram Snacks Food Private Limited,FMCGF
WB,68283,Pran Baby Toast Rusk | 250g | Pack of 1,Biscuits & Snacks,Biscuits & Cookies,"Rusk, Khari & Wafer",Pran,Rusk,Pran Beverages India,FMCGF
WB,12523,Pran Family Toast | 200g | Pack of 1,Biscuits & Snacks,Biscuits & Cookies,"Rusk, Khari & Wafer",Pran,Rusk,Pran Beverages India,FMCGF
WB,12522,Pran Garlic Toast | 200g | Pack of 1,Biscuits & Snacks,Biscuits & Cookies,"Rusk, Khari & Wafer",Pran,Flavoured Rusk,Pran Beverages India,FMCGF
WB,67141,Pran Potata Spicy Biscuit | 75g | Pack of 1,Biscuits & Snacks,Biscuits & Cookies,Sweet & Salty Biscuits,Pran,Flavoured Biscuits,Pran Beverages India,FMCGF
WB,14654,Quaker Oats Pouch | 1 kg | Pack of 1,Breakfast,Breakfast & Cereals,Oats,Quaker,Oats,Pepsico Foods,FMCGF
WB,2598,Quaker Wholegrain Oats | 400g | Pack of 1,Breakfast,Breakfast & Cereals,Oats,Quaker,Oats,Pepsico Foods,FMCGF
WB,17442,Rasna Fruit Fun 32 Glass Mango | 20g | Pack of 1,Beverages,Drinks & Juices,"Syrups,Squash & Premixes",Rasna,Instant Drink Mix Powder,Rasna Pvt. Ltd.,FMCGF
WB,27553,Rasna Fruit Fun 32 Glass Orange Flavour | 20g | Pack of 1,Beverages,Drinks & Juices,"Syrups,Squash & Premixes",Rasna,Instant Drink Mix Powder,Rasna Pvt. Ltd.,FMCGF
WB,66301,Rasna Insta Mango - 750g,Beverages,Drinks & Juices,"Syrups,Squash & Premixes",Rasna,Instant Drink Mix Powder,Rasna Pvt. Ltd.,FMCGF
WB,66302,Rasna Insta Orange - 750g,Beverages,Drinks & Juices,"Syrups,Squash & Premixes",Rasna,Instant Drink Mix Powder,Rasna Pvt. Ltd.,FMCGF
WB,4934,Real Fruit Juice Pomegranate | 1 Ltr | Pack of 1,Beverages,Drinks & Juices,Fruit Juices,Real,Pomegranate juice,Dabur India Limited,FMCGF
WB,26556,Real Fruit Power Alphonso Mango Juice - 1L,Beverages,Drinks & Juices,Fruit Juices,Real,Mango Juice,Dabur India Limited,FMCGF
WB,68913,Real Masala Pomegranate Juice - 1L,Beverages,Drinks & Juices,Fruit Juices,Real,Pomegranate juice,Dabur India Limited,FMCGF
WB,4939,Real Mixed Fruit Power | 1 Ltr | Pack of 1,Beverages,Drinks & Juices,Fruit Juices,Real,Mixed Fruit Juice,Dabur India Limited,FMCGF
WB,11519,Red Bull Energy Drink | 250ml | Pack of 1,Beverages,Drinks & Juices,Energy Drinks,Red Bull,Energy Drink,Red Bull India,FMCGF
WB,2599,Saffola Masala Oats Classic | 500g | Pack of 1,Breakfast,Breakfast & Cereals,Oats,Saffola,Oats,Marico limited,FMCGF
WB,14927,Saffola Masala Oats Classic Masala 38g,Breakfast,Breakfast & Cereals,Oats,Saffola,Oats,Marico limited,FMCGF
WB,14056,Saffola Masala Oats Tasty Evening Snack Fibre Rich Veggie Twist | 38g | Pack of 1,Breakfast,Breakfast & Cereals,Oats,Saffola,Oats,Marico limited,FMCGF
WB,2601,Saffola Oats Natural | 1 Kg + 300g Free | Pack of 1,Breakfast,Breakfast & Cereals,Oats,Saffola,Oats,Marico limited,FMCGF
WB,12721,Slice 125ml Tetra Pack,Beverages,Drinks & Juices,Fruit Juices,Slice,Mango Juice,Pepsico Beverages,FMCGF
WB,69206,Slice Thickest Mango Drink 1.75 Ltr,Beverages,Drinks & Juices,Fruit Juices,Slice,Mango Juice,Pepsico Beverages,FMCGF
WB,95034,Sobisco Lemon Puff 125 g,Biscuits & Snacks,Biscuits & Cookies,Sweet & Salty Biscuits,Sobisco,Cream Cracker Biscuit,Sona Biscuits Ltd.,FMCGF
WB,95031,Sobisco Premium Coconut Crunchy Cookies | 225g | Pack of 1,Biscuits & Snacks,Biscuits & Cookies,Cookies,Sobisco,Cookies,Sona Biscuits Ltd.,FMCGF
WB,4872,Sobisco Prime Time Elaichi Flavour Biscuits | 378g | Pack of 1,Biscuits & Snacks,Biscuits & Cookies,Sweet & Salty Biscuits,Sobisco,Flavoured Biscuits,Sona Biscuits Ltd.,FMCGF
WB,4871,Sobisco Sona Biscuit Marie More Tasty More Crispy Marie 270g | Pack of 1,Biscuits & Snacks,Biscuits & Cookies,Marie & Digestive,Sobisco,Marie & Digestive Biscuit,Sona Biscuits Ltd.,FMCGF
WB,76793,Sprite Soft Drink - 2L,Beverages,Drinks & Juices,Soft Drinks,Sprite,Clear Soft Drink,Coca-Cola,FMCGF
WB,4694,Sprite Soft Drink | 250ml | Pack of 1,Beverages,Drinks & Juices,Soft Drinks,Sprite,Clear Soft Drink,Coca-Cola,FMCGF
WB,4696,Sprite Soft Drink | 750ml | Pack of 1,Beverages,Drinks & Juices,Soft Drinks,Sprite,Clear Soft Drink,Coca-Cola,FMCGF
WB,8346,Sting Energy Drinks PET 300ml,Beverages,Drinks & Juices,Energy Drinks,Sting,Energy Drink,Pepsico Beverages,FMCGF
WB,79079,Storia 100% Tender Coconut Water | 1 Ltr | Pack of 1,Beverages,Drinks & Juices,Fruit Juices,Storia,Coconut Water,Storia Foods & Beverages Private Limited,FMCGF
WB,95907,Sundrop Peanut Butter with Honey Crunchy | 300g | Pack of 1,Packaged & Instant Food,Ketchup & Spread,Peanut Butter,Sundrop,Peanut Butter,Agro Tech Foods,FMCGF
WB,34751,Sunfeast Dark Fantasy Bourbon Biscuits | 54 g | Pack of 1,Biscuits & Snacks,Biscuits & Cookies,Cream Biscuits,Sunfeast,Cream Biscuit,ITC Ltd,FMCGF
WB,100914,Sunfeast Dark Fantasy Choco Fills | 230g | Pack of 1,Biscuits & Snacks,Biscuits & Cookies,Cream Biscuits,Sunfeast,Cream Biscuit,ITC Ltd,FMCGF
WB,28755,Sunfeast Dark Fantasy Yumfills Pie | 242g | Pack of 1,"Chocolates,Desserts & Sweets",Chocolates & Sweets,"Cakes, Cream Roll & Pies",Sunfeast,Cream Filled Pie,ITC Ltd,FMCGF
WB,34756,Sunfeast Yippee MagicMasala | 544g-580.8g | Pack of 1,Packaged & Instant Food,Noodles & Instant Food,Noodles,Yippee,Instant Noodles,ITC Ltd,FMCGF
WB,12833,Tata Tea Agni | 1 Kg | Pack of 1,Beverages,"Tea, Coffee & Milk Drink",Tea,Tata Tea,Dust Tea,Tata Consumer Products,FMCGF
WB,2491,Tata Tea Agni | 250g | Pack of 1,Beverages,"Tea, Coffee & Milk Drink",Tea,Tata Tea,Dust Tea,Tata Consumer Products,FMCGF
WB,2494,Tata Tea Elaichi Chai 250g | Pack of 1,Beverages,"Tea, Coffee & Milk Drink",Tea,Tata Tea,Dust Tea,Tata Consumer Products,FMCGF
WB,2496,Tata Tea Gold | 500g | Pack of 1,Beverages,"Tea, Coffee & Milk Drink",Tea,Tata Tea,Dust Tea,Tata Consumer Products,FMCGF
WB,2498,Tata Tea Gold 100g,Beverages,"Tea, Coffee & Milk Drink",Tea,Tata Tea,Dust Tea,Tata Consumer Products,FMCGF
WB,2495,Tata Tea Gold 250g | Pack of 1,Beverages,"Tea, Coffee & Milk Drink",Tea,Tata Tea,Dust Tea,Tata Consumer Products,FMCGF
WB,2500,Tata Tea Premium | 250g | Pack of 1,Beverages,"Tea, Coffee & Milk Drink",Tea,Tata Tea,Dust Tea,Tata Consumer Products,FMCGF
WB,4698,Thums Up | 750ml | Pack of 1,Beverages,Drinks & Juices,Soft Drinks,Thums Up,Black Soft Drink,Coca-Cola,FMCGF
WB,68603,Thums Up Drink - 2L,Beverages,Drinks & Juices,Soft Drinks,Thums Up,Black Soft Drink,Coca-Cola,FMCGF
WB,4910,Thums Up Soft Drink | 250ml | Pack of 1,Beverages,Drinks & Juices,Soft Drinks,Thums Up,Black Soft Drink,Coca-Cola,FMCGF
WB,4666,Uncle Chipps Plain Salted Potato Chips 48.1g,Biscuits & Snacks,Chips & Namkeen,"Chips, Puffs & Nachos",Uncle Chipps,Potato Chips,Pepsico Foods,FMCGF
WB,4668,Uncle Chipps Spice Treat Potato Chips | 48.1g | Pack of 1,Biscuits & Snacks,Chips & Namkeen,"Chips, Puffs & Nachos",Uncle Chipps,Potato Chips,Pepsico Foods,FMCGF
WB,4669,Uncle Chips Plain Salted Potato Chips 24g,Biscuits & Snacks,Chips & Namkeen,"Chips, Puffs & Nachos",Uncle Chipps,Potato Chips,Pepsico Foods,FMCGF
WB,8592,Weikfield Baking Powder | 50g | Pack of 1,Packaged & Instant Food,Baking Essentials,Baking Essentials,Weikfield,Baking Powder,Weikfield Foods Private Limited.,FMCGF
WB,13312,Weikfield Baking Soda 100g,Packaged & Instant Food,Baking Essentials,Baking Essentials,Weikfield,Baking Soda,Weikfield Foods Private Limited.,FMCGF
WB,8594,Weikfield Corn Starch | 100g | Pack of 1,Packaged & Instant Food,Baking Essentials,Baking Essentials,Weikfield,Corn Flour,Weikfield Foods Private Limited.,FMCGF
WB,8315,Weikfield Custard Powder Vanilla | 100g | Pack of 1,Packaged & Instant Food,Noodles & Instant Food,Dessert Mixes,Weikfield,Custard Powder,Weikfield Foods Private Limited.,FMCGF
WB,16419,Winkies Chocolate Cake Slice | 100g | Pack of 1,"Chocolates,Desserts & Sweets",Chocolates & Sweets,"Cakes, Cream Roll & Pies",Winkies,Flavoured Cake,Dream Bake Private Limited,FMCGF
WB,30020,Winkies Chocoluv Double Chocolate Vanilla Cream Layer Cake | 18g | Pack of 1,"Chocolates,Desserts & Sweets",Chocolates & Sweets,"Cakes, Cream Roll & Pies",Winkies,Flavoured Cake,Dream Bake Private Limited,FMCGF
WB,27951,Winkies Fruit Cake Sliced | 100g | Pack of 1,"Chocolates,Desserts & Sweets",Chocolates & Sweets,"Cakes, Cream Roll & Pies",Winkies,Fruit Cake,Dream Bake Private Limited,FMCGF
WB,102089,Winkies Love Bite Choco | 50g | Pack of 1,"Chocolates,Desserts & Sweets",Chocolates & Sweets,"Cakes, Cream Roll & Pies",Winkies,Flavoured Cake,Dream Bake Private Limited,FMCGF
WB,16420,Winkies Marble Slice Cake | 100g | Pack of 1,"Chocolates,Desserts & Sweets",Chocolates & Sweets,"Cakes, Cream Roll & Pies",Winkies,Flavoured Cake,Dream Bake Private Limited,FMCGF
WB,2781,Kinder Joy Surprise Growing Generation | 20g | Pack of 1,"Chocolates,Desserts & Sweets",Chocolates & Sweets,Chocolates,Kinder Joy,Wafer Chocolate,Ferrero India,FMCGF
WB,74103,Prabhuji Pure Food Munchy Masti Bhujia | 900g | Pack of 1,Biscuits & Snacks,Chips & Namkeen,Bhujia & Mixture,Prabhuji,Bhujia Sev,Haldiram Snacks Food Private Limited,FMCGF
WB,3064,Maggi Hot & Sweet Tomato Chilli Sauce | 500g | Pack of 1,Packaged & Instant Food,Ketchup & Spread,Chinese Sauce,Maggi,Tomato Chilli Sauce,Nestle India,FMCGF
WB,2477,Brooke Bond Red Label Tea 250g | Pack of 1,Beverages,"Tea, Coffee & Milk Drink",Tea,Brooke Bond,Dust Tea,HUL,FMCGF
WB,22219,Knorr Manchow Veg Soup | 11g | Pack of 1,Packaged & Instant Food,Noodles & Instant Food,Soup,Knorr,Soup (Vegetable),HUL,FMCGF
WB,3098,Knorr Hot & Sour Veg Cup A Soup | 10.5g | Pack of 1,Packaged & Instant Food,Noodles & Instant Food,Soup,Knorr,Soup (Vegetable),HUL,FMCGF
WB,3102,Knorr Tomato Chatpata Soup | 13.5g | Pack of 1,Packaged & Instant Food,Noodles & Instant Food,Soup,Knorr,Soup (Vegetable),HUL,FMCGF
WB,10767,Knorr Sweet Corn Veg Soup | 9.5g | Pack of 1,Packaged & Instant Food,Noodles & Instant Food,Soup,Knorr,Soup (Vegetable),HUL,FMCGF
WB,71046,Britannia 50 50 Maska Chaska Salted Biscuits 100g,Biscuits & Snacks,Biscuits & Cookies,Sweet & Salty Biscuits,Britannia 50-50,Flavoured Biscuits,Britannia Industries Ltd.,FMCGF
WB,13705,Lay's India's Magic Masala Potato Chips | 67g | Pack of 1,Biscuits & Snacks,Chips & Namkeen,"Chips, Puffs & Nachos",Lay's,Potato Chips,Pepsico Foods,FMCGF
WB,756,Pasta Macroni | 500g | Pack of 1,Packaged & Instant Food,Noodles & Instant Food,Pasta,ASM,Macaroni Pasta,ASM,FMCGF
WB,755,Pasta Macroni | 250g | Pack of 1,Packaged & Instant Food,Noodles & Instant Food,Pasta,ASM,Macaroni Pasta,ASM,FMCGF
WB,2777,Kellogg's Muesli Fruit & Nut | 500g | Pack of 1,Breakfast,Breakfast & Cereals,Cornflakes & Muesli,Kellogg's,Choco Flakes,Kellogg's India,FMCGF
WB,90157,Haldirams Indian Snacks Mixture | 400g | Pack of 1,Biscuits & Snacks,Chips & Namkeen,Bhujia & Mixture,Haldiram's,Mixture,Haldiram Snacks Food Private Limited,FMCGF
WB,34477,Haldirams Namkeen Punjabi Tadka | 43g | Pack of 1,Biscuits & Snacks,Chips & Namkeen,Bhujia & Mixture,Haldiram's,Mixture,Haldiram Snacks Food Private Limited,FMCGF
WB,46557,Meri Chai Health Premium Tea Jar | 250g | Pack of 1,Beverages,"Tea, Coffee & Milk Drink",Tea,Meri Chai,Leaf Tea,Balaji Agro,FMCGF
WB,10021,Cadbury Dairy Milk Silk Hazelnut | 54g | Pack of 1,"Chocolates,Desserts & Sweets",Chocolates & Sweets,Chocolates,Dairy Milk,Milk Chocolate,Mondelez India Foods,FMCGF
WB,1251,Cadbury Dairy Milk Fruit And Nut Chocolate Bar | 36g | Pack of 1,"Chocolates,Desserts & Sweets",Chocolates & Sweets,Chocolates,Cadbury Dairy Milk,Milk Chocolate,Mondelez India Foods,FMCGF
WB,1248,Cadbury Dairy Milk Chocolate Bar 40g,"Chocolates,Desserts & Sweets",Chocolates & Sweets,Chocolates,Cadbury,Milk Chocolate,Mondelez India Foods,FMCGF
WB,8476,Kissan Mixed Fruit Jam | 500g | Pack of 1,Packaged & Instant Food,Ketchup & Spread,Jams & Spread,Kissan,Mixed Fruit Jam,HUL,FMCGF
WB,3408,Sat Isabgol | 90g | Pack of 1,Health & Wellness,Immunity & Health Boosters,Ayurveda & Digestive Health,Dabur,Isabgol,Dabur India Limited,FMCGF
WB,17475,Nissin Hot & Spicy Geki Korean Veg Noodles 80g,Packaged & Instant Food,Noodles & Instant Food,Noodles,Nissin,Instant Noodles,Nissin Foods,FMCGF
WB,2412,Maggi Masala Veg Atta Noodles | 72.5g | Pack of 1,Packaged & Instant Food,Noodles & Instant Food,Noodles,Maggi,Instant Noodles,Nestle India,FMCGF
WB,8308,Haldirams Mini Bhakarwadi | 200g | Pack of 1,Biscuits & Snacks,Chips & Namkeen,Bhujia & Mixture,Haldiram's,Bhakarwadi,Haldiram Snacks Food Private Limited,FMCGF
WB,2828,Horlicks Womens Plus Caramel Flavour | 400g | Pack of 1,Beverages,"Tea, Coffee & Milk Drink",Health Drinks,Horlicks,Health Drink Powder,HUL,FMCGF
WB,2842,Horlicks Junior Vanilla | 450g Pouch | Pack of 1,Beverages,"Tea, Coffee & Milk Drink",Health Drinks,Junior Horlicks,Health Drink Powder,HUL,FMCGF
WB,8437,Glucon D Original Refill | 1 Kg | Pack of 1,Beverages,Drinks & Juices,Energy Drinks,Glucon-D,Glucose Drink,Zydus Wellness Products Ltd,FMCGF
WB,30683,Cipla Prolyte ORS Orange Drink 200ml,Health & Wellness,Immunity & Health Boosters,ORS,Cipla,Glucose Drink,Cipla Health Limited,FMCGF
WB,4854,Parle G Glucos Biscuits | 250g | Pack of 1,Biscuits & Snacks,Biscuits & Cookies,Glucose & Milk Biscuits,Parle - G,Glucose & Milk Biscuits,Parle Products,FMCGF
WB,10098,Maaza Mango Drink | 250ml | Pack of 1,Beverages,Drinks & Juices,Fruit Juices,Maaza,Mango Juice,Coca-Cola,FMCGF
WB,4929,Maaza Refresh Mango Fruit Drink Rs.10 Tetra Pack,Beverages,Drinks & Juices,Fruit Juices,Maaza,Mango Juice,Coca-Cola,FMCGF
WB,10736,Sunfeast Bounce Orange Creme Biscuits | 56g | Pack of 1,Biscuits & Snacks,Biscuits & Cookies,Cream Biscuits,Sunfeast,Cream Biscuit,ITC Ltd,FMCGF
WB,30606,Bisleri Water Bottle 5 Ltr,Beverages,Drinks & Juices,Water & Soda,Bisleri,Drinking Water,Bisleri India,FMCGF
WB,46556,Meri Chai Elaichi Tea 250g,Beverages,"Tea, Coffee & Milk Drink",Tea,Meri Chai,Flavoured Tea,Balaji Agro,FMCGF
WB,88518,Haldirams Nagpur Khari Boondi 200g,Biscuits & Snacks,Chips & Namkeen,Bhujia & Mixture,Haldiram's,Boondi,Haldiram Snacks Food Private Limited,FMCGF
WB,96349,Nestle Lactogen Pro 2 After 6 Months Upto 12 Months Box 400g,Baby Care,Baby Food & Formula,Baby Food,Nestle Lactogen,Baby Formula Food,Nestle India,FMCGF
WB,96350,Nestle Lactogen Pro 1 Upto 6 Month Box 400g,Baby Care,Baby Food & Formula,Baby Food,Nestle Lactogen,Baby Formula Food,Nestle India,FMCGF
WB,97037,Nestle Cerelac Wheat Apple 6-24 Months 350g,Baby Care,Baby Food & Formula,Baby Food,Nestle,Baby Formula Food,Nestle India,FMCGF
WB,4614,Sugar Free Natural - 100 Pellets,"Salt, Sugar & Sweeteners",Sugar & Sweeteners,Sweetener,Sugar Free,Artificial Sweetener,Zydus Wellness Products Ltd,FMCGF
WB,4631,Haldirams Aloo Bhujia | 350g + 50g Free | Pack of 1,Biscuits & Snacks,Chips & Namkeen,Bhujia & Mixture,Haldiram's,Aloo Bhujia,Haldiram Snacks Food Private Limited,FMCGF
WB,10457,Chings Secret Chilli Vinegar 170ml,Packaged & Instant Food,Ketchup & Spread,Chinese Sauce,Chings,Vinegar,Tata Consumer Products,FMCGF
WB,84,Chings Dark Soya Sauce Pouch | 90g | Pack of 1,Packaged & Instant Food,Ketchup & Spread,Chinese Sauce,Chings,Soya Sauce,Tata Consumer Products,FMCGF
WB,87054,Pepsi Black Can 300ml,Beverages,Drinks & Juices,Soft Drinks,Pepsi,Black Soft Drink,Pepsico Beverages,FMCGF
WB,93823,Nissin Hot & Spicy Korean Kimchi Flavour Instant Noodles 80 g,Packaged & Instant Food,Noodles & Instant Food,Noodles,Nissin,Instant Noodles,Nissin Foods,FMCGF
WB,10587,Cadbury Dairy Milk Silk Fruit & Nut Chocolate Bar | 129g | Pack of 1,"Chocolates,Desserts & Sweets",Chocolates & Sweets,Chocolates,Cadbury,Milk Chocolate,Mondelez India Foods,FMCGF
WB,1245,Cadbury Chocobakes Choco Filled Cookies 57.5g,Biscuits & Snacks,Biscuits & Cookies,Cookies,Cadbury Chocobakes,Cream Filled Cookie,Mondelez India Foods,FMCGF
WB,2604,Saffola Oats Delicious Creamy Oats 100% Natural High Protein & Fibre Healthy Cereal 500g,Breakfast,Breakfast & Cereals,Oats,Saffola,Oats,Marico limited,FMCGF
JH,3437,Himalaya Gentle Baby Powder 100g,Baby Care,Baby Skin Care,Baby Body Powders,Himalaya,Baby Body Powder,The Himalaya Drug Company,FMCGNF
JH,3594,Johnson Baby Powder 100g,Baby Care,Baby Skin Care,Baby Body Powders,Johnson's,Baby Body Powder,Johnson & Johnson,FMCGNF
JH,3566,Himalaya Gentle Baby Cream 100ml,Baby Care,Baby Skin Care,Baby Creams,Himalaya,Baby Cream,The Himalaya Drug Company,FMCGNF
JH,3568,Himalaya Gentle Baby Cream - 50ml,Baby Care,Baby Skin Care,Baby Creams,Himalaya,Baby Cream,The Himalaya Drug Company,FMCGNF
JH,4958,Johnsons Baby Cream 50g,Baby Care,Baby Skin Care,Baby Creams,Johnson's,Baby Cream,Johnson & Johnson,FMCGNF
JH,3569,Himalaya Gentle Baby Lotion 100ml,Baby Care,Baby Skin Care,Baby Lotion,Himalaya,Baby Lotion,The Himalaya Drug Company,FMCGNF
JH,8474,Johnson's Baby Lotion | 100ml | Pack of 1,Baby Care,Baby Skin Care,Baby Lotion,Johnson's,Baby Lotion,Johnson & Johnson,FMCGNF
JH,1456,Dabur Lal Tail 100ml,Baby Care,Baby Skin Care,Baby Massage Oils,Dabur,Baby Massage Oil,Dabur India Limited,FMCGNF
JH,3436,Himalaya Baby Massage Oil With Olive Oil & Winter Cherry | 100ml | Pack of 1,Baby Care,Baby Skin Care,Baby Massage Oils,Himalaya,Baby Massage Oil,The Himalaya Drug Company,FMCGNF
JH,3595,Johnson Vitamin E Baby Oil 100ml,Baby Care,Baby Skin Care,Baby Massage Oils,Johnson's,Baby Massage Oil,Johnson & Johnson,FMCGNF
JH,3787,Himalaya Gentle Baby Shampoo 100ml,Baby Care,Baby Bath,Baby Shampoo,Himalaya,Baby Shampoo,The Himalaya Drug Company,FMCGNF
JH,3788,Himalaya Gentle Baby Shampoo 200ml | Pack of 1,Baby Care,Baby Bath,Baby Shampoo,Himalaya,Baby Shampoo,The Himalaya Drug Company,FMCGNF
JH,2416,Johnsons Baby No More Tears Shampoo 100ml,Baby Care,Baby Bath,Baby Shampoo,Johnson's,Baby Shampoo,Johnson & Johnson,FMCGNF
JH,4128,Himalaya Extra Moisturizing Baby Soap Aloe Vera Olive & Milk 75g,Baby Care,Baby Bath,Baby Soaps,Himalaya,Baby Soap,The Himalaya Drug Company,FMCGNF
JH,4124,Himalaya Refreshing Baby Soap 75g,Baby Care,Baby Bath,Baby Soaps,Himalaya,Baby Soap,The Himalaya Drug Company,FMCGNF
JH,10068,Johnsons Baby Soap With Baby Lotion & Vitamin E 75g,Baby Care,Baby Bath,Baby Soaps,Johnson's,Baby Soap,Johnson & Johnson,FMCGNF
JH,4403,Himalaya Gentle Baby Wipes 72N,Baby Care,Baby Hygiene,Diapers & Wipes,Himalaya,Baby Wipes,The Himalaya Drug Company,FMCGNF
JH,4405,Johnson Baby Skincare Wipes 20N,Baby Care,Baby Hygiene,Diapers & Wipes,Johnson's,Baby Wipes,Johnson & Johnson,FMCGNF
JH,13697,Mamy Poko Pants All Night Absorb | M | Pack of 15,Baby Care,Baby Hygiene,Diapers & Wipes,MamyPoko,Diaper Pants,Unicharm India Pvt Ltd,FMCGNF
JH,104515,"MamyPoko All Night Absorb Baby Diaper Pants (NB, Up to 5 kg, 20 Diapers)",Baby Care,Baby Hygiene,Diapers & Wipes,MamyPoko,Diaper Pants,Unicharm India Pvt Ltd,FMCGNF
JH,12622,MamyPoko Pants All Night Absorb | Large | Pack of 13,Baby Care,Baby Hygiene,Diapers & Wipes,MamyPoko,Diaper Pants,Unicharm India Pvt Ltd,FMCGNF
JH,16242,MamyPoko Pants All Night Absorb | Small | Pack of 18,Baby Care,Baby Hygiene,Diapers & Wipes,MamyPoko,Diaper Pants,Unicharm India Pvt Ltd,FMCGNF
JH,91129,"MamyPoko Standard Crisscross Baby Diaper Pants (L, 9-14 kg, 40 Diapers)",Baby Care,Baby Hygiene,Diapers & Wipes,MamyPoko,Diaper Pants,Unicharm India Pvt Ltd,FMCGNF
JH,91128,"MamyPoko Standard Crisscross Baby Diaper Pants (M, 7-12 kg, 46 Diapers)",Baby Care,Baby Hygiene,Diapers & Wipes,MamyPoko,Diaper Pants,Unicharm India Pvt Ltd,FMCGNF
JH,11582,"Pampers Baby Dry Pant Diapers (M, 7-12 kg, 8 Diapers)",Baby Care,Baby Hygiene,Diapers & Wipes,Pampers,Diaper Pants,Procter & Gamble,FMCGNF
JH,83958,"Pampers Happy Skin Baby Diaper Pants (L, 9-14 kg, 26 Diapers)",Baby Care,Baby Hygiene,Diapers & Wipes,Pampers,Diaper Pants,Procter & Gamble,FMCGNF
JH,82804,"Pampers Happy Skin Baby Diaper Pants (M, 7-12 kg, 30 Diapers)",Baby Care,Baby Hygiene,Diapers & Wipes,Pampers,Diaper Pants,Procter & Gamble,FMCGNF
JH,4550,"Pampers Happy Skin Baby Diaper Pants (NB, 0-5 kg, 10 Diapers)",Baby Care,Baby Hygiene,Diapers & Wipes,Pampers,Diaper Pants,Procter & Gamble,FMCGNF
JH,82803,"Pampers Happy Skin Baby Diaper Pants (S, 4-8 kg, 38 Diapers)",Baby Care,Baby Hygiene,Diapers & Wipes,Pampers,Diaper Pants,Procter & Gamble,FMCGNF
JH,8211,"Pampers Happy Skin Diaper Pants (L, 9 - 14 kg - 7 Diapers)",Baby Care,Baby Hygiene,Diapers & Wipes,Pampers,Diaper Pants,Procter & Gamble,FMCGNF
JH,82789,"Pampers Happy Skin Diaper Pants (S, 4 - 8 kg - 10 Diapers)",Baby Care,Baby Hygiene,Diapers & Wipes,Pampers,Diaper Pants,Procter & Gamble,FMCGNF
JH,30404,Colgate Barbie Extra Soft 5Years+ Kids Toothbrush Pack of 1,Baby Care,Baby Oral and Hair Care,Baby Toothbrushes,Colgate,Kids Toothbrush,Colgate Palmolive,FMCGNF
JH,13769,Colgate Kids 0 to 2 Years Extra Soft Toothbrush 1N,Baby Care,Baby Oral and Hair Care,Baby Toothbrushes,Colgate,Kids Toothbrush,Colgate Palmolive,FMCGNF
JH,10825,Colgate Kids 2+ Years Extra Soft Toothbrush | Pack of 1,Baby Care,Baby Oral and Hair Care,Baby Toothbrushes,Colgate,Kids Toothbrush,Colgate Palmolive,FMCGNF
JH,4445,Gillette Guard Cartridges Pouch 4Pc,Personal Care,Mens Grooming,"Razors, Blades & Cartridges",Gillette,Blades & Cartridges,Procter & Gamble,FMCGNF
JH,86537,Gillette Guard Platinum Coated Razor Blade Cartridge 1N,Personal Care,Mens Grooming,"Razors, Blades & Cartridges",Gillette Guard,Blades & Cartridges,Procter & Gamble,FMCGNF
JH,5033,Gillette Guard Shaving Cream 125g,Personal Care,Mens Grooming,"Shaving Foam, Gel & Cream",Gillette Guard,Shaving Cream,Procter & Gamble,FMCGNF
JH,4442,Gillette Razor Guard 1N,Personal Care,Mens Grooming,"Razors, Blades & Cartridges",Gillette,Razor,Procter & Gamble,FMCGNF
JH,3552,Gillette Razor Presto B3G1 Free,Personal Care,Mens Grooming,"Razors, Blades & Cartridges",Gillette,Razor,Procter & Gamble,FMCGNF
JH,10420,Gillette Shave Brush 1N,Personal Care,Mens Grooming,Grooming Essentials,Gillette,Shaving Brush,Procter & Gamble,FMCGNF
JH,4458,Gillette Wilkinson Sword Razor Blades 5N,Personal Care,Mens Grooming,"Razors, Blades & Cartridges",Gillette,Blades & Cartridges,Procter & Gamble,FMCGNF
JH,11306,Moov Active Spray 35g,Health & Wellness,Pain Relief,Pain Relief Sprays,Moov,Pain Relief Spray,Reckitt Benckiser,FMCGNF
JH,3403,Moov Pain Relief Cream 20g,Health & Wellness,Pain Relief,Pain Relief Creams,Moov,Pain Relief Cream,Reckitt Benckiser,FMCGNF
JH,15692,All Out Ultra | 2 Refills | Pack of 2,Cleaning & Household Needs,Repellents,Mosquito Repellants,All Out,Mosquito Repellent Liquid,S C Johnson Products Pvt. Ltd,FMCGNF
JH,850,All Out Ultra Power Slider Machine + Refill 45ml | Pack of 1,Cleaning & Household Needs,Repellents,Mosquito Repellants,All Out,Mosquito Repellent Liquid,S C Johnson Products Pvt. Ltd,FMCGNF
JH,4334,Good Knight Flash Combo Pack Machine + Refill 1 N,Cleaning & Household Needs,Repellents,Mosquito Repellants,Good Knight,Mosquito Repellent Liquid,Godrej Consumer Products,FMCGNF
JH,76434,Good Knight Flash Mosquito Repellent Refill | 45ml x 2 | Pack of 2,Cleaning & Household Needs,Repellents,Mosquito Repellants,Good Knight,Mosquito Repellent Liquid,Godrej Consumer Products,FMCGNF
JH,4337,HIT Hidden Cockroach Repellent Spray | 200ml | Pack of 1,Cleaning & Household Needs,Repellents,Cockroach Repellants,Hit,Cockroach Repellant Spray,Godrej Consumer Products,FMCGNF
JH,8279,HIT Mosquito and Flies Killer Spray | 625ml | Pack of 1,Cleaning & Household Needs,Repellents,Mosquito Repellants,Hit,Flying Insects Spray,Godrej Consumer Products,FMCGNF
JH,8112,Mortein Power Booster Mosquito Coils 10 Pcs,Cleaning & Household Needs,Repellents,Mosquito Repellants,Mortein,Mosquito Coil,Reckitt Benckiser,FMCGNF
JH,8305,Dabur Red Toothpaste | 200g | Pack of 1,Personal Care,Oral Care,Toothpaste & Tooth Powder,Dabur Red,Toothpaste,Dabur India Limited,FMCGNF
JH,4765,Himalaya Herbals Complete Care Toothpaste 150g,Personal Care,Oral Care,Toothpaste & Tooth Powder,Himalaya,Toothpaste,The Himalaya Drug Company,FMCGNF
JH,5005,Patanjali Dant Kanti Medicated Toothpaste 100g,Personal Care,Oral Care,Toothpaste & Tooth Powder,Patanjali,Toothpaste,Patanjali Ayurved,FMCGNF
JH,5013,Patanjali Dant Kanti Natural Toothpaste - 200g,Personal Care,Oral Care,Toothpaste & Tooth Powder,Patanjali,Toothpaste,Patanjali Ayurved,FMCGNF
JH,11947,Patanjali Dant Kanti Natural Toothpaste | 100g | Pack of 1,Personal Care,Oral Care,Toothpaste & Tooth Powder,Patanjali,Toothpaste,Patanjali Ayurved,FMCGNF
JH,33011,Closeup Everfresh Triple Fresh Formula Toothpaste | 150g | Pack of 1,Personal Care,Oral Care,Toothpaste & Tooth Powder,Close Up,Toothpaste,HUL,FMCGNF
JH,67616,Colgate Max Fresh Toothpaste 81g,Personal Care,Oral Care,Toothpaste & Tooth Powder,Colgate,Toothpaste,Colgate Palmolive,FMCGNF
JH,1353,Colgate Maxfresh Red 150g,Personal Care,Oral Care,Toothpaste & Tooth Powder,Colgate,Toothpaste,Colgate Palmolive,FMCGNF
JH,1346,Colgate Active Salt Toothpaste 100g,Personal Care,Oral Care,Toothpaste & Tooth Powder,Colgate,Toothpaste,Colgate Palmolive,FMCGNF
JH,1362,Colgate Cibaca Toothpaste 175g,Personal Care,Oral Care,Toothpaste & Tooth Powder,Colgate,Toothpaste,Colgate Palmolive,FMCGNF
JH,1363,Colgate Dental Cream Strong Teeth Toothpaste | 200g | Pack of 1,Personal Care,Oral Care,Toothpaste & Tooth Powder,Colgate,Toothpaste,Colgate Palmolive,FMCGNF
JH,11272,Colgate Strong Teeth Toothpaste (Free 15% Extra) 100g | Pack of 1,Personal Care,Oral Care,Toothpaste & Tooth Powder,Colgate,Toothpaste,Colgate Palmolive,FMCGNF
JH,1355,Colgate Strong Teeth Toothpaste 36g,Personal Care,Oral Care,Toothpaste & Tooth Powder,Colgate,Toothpaste,Colgate Palmolive,FMCGNF
JH,5024,Sensodyne Repair & Protect Toothpaste | 100g | Pack of 1,Personal Care,Oral Care,Toothpaste & Tooth Powder,Sensodyne,Toothpaste,GSK,FMCGNF
JH,5026,Sensodyne Toothpaste Fresh Gel | 150g | Pack of 1,Personal Care,Oral Care,Toothpaste & Tooth Powder,Sensodyne,Toothpaste,GSK,FMCGNF
JH,5028,Sensodyne Toothpaste Fresh Gel | 75g | Pack of 1,Personal Care,Oral Care,Toothpaste & Tooth Powder,Sensodyne,Toothpaste,GSK,FMCGNF
JH,5030,Sensodyne Toothpaste Fresh Mint 75g,Personal Care,Oral Care,Toothpaste & Tooth Powder,Sensodyne,Toothpaste,GSK,FMCGNF
JH,10824,Colgate Gentle Sensitive Ultra Soft Pack Of 4 Pcs,Personal Care,Oral Care,Tooth Brush,Colgate,Toothbrush,Colgate Palmolive,FMCGNF
JH,10819,Colgate Super Flexi Gentle Toothbrush 1N,Personal Care,Oral Care,Tooth Brush,Colgate,Toothbrush,Colgate Palmolive,FMCGNF
JH,68281,Oral B Sensitive Care Extra Soft Toothbrush | 5N | Pack of 1,Personal Care,Oral Care,Tooth Brush,Oral B,Toothbrush,Procter & Gamble,FMCGNF
JH,23327,Sensodyne Daily Care Toothbrush 1N,Personal Care,Oral Care,Tooth Brush,Sensodyne,Toothbrush,GSK,FMCGNF
JH,23525,Sensodyne Sensitive Soft | B2G1 Free | Pack of 1,Personal Care,Oral Care,Tooth Brush,Sensodyne,Toothbrush,GSK,FMCGNF
JH,23407,Sensodyne Sensitive Toothbrush 1N,Personal Care,Oral Care,Tooth Brush,Sensodyne,Toothbrush,GSK,FMCGNF
JH,1468,Dabur Red Toothpaste 100g,Personal Care,Oral Care,Toothpaste & Tooth Powder,Dabur Red,Toothpaste,Dabur India Limited,FMCGNF
JH,5023,Sensodyne Rapid Relief Toothpaste 80g,Personal Care,Oral Care,Toothpaste & Tooth Powder,Sensodyne,Toothpaste,GSK,FMCGNF
JH,3514,Boroline Antiseptic Ayurvedic Cream 20g,Health & Wellness,Home Medicines,Antiseptic Cream & Liquid,Boroline,Antiseptic Cream,G D Pharmaceuticals,FMCGNF
JH,3497,Himani Antiseptic Cream Boro Plus 19ml,Health & Wellness,Home Medicines,Antiseptic Cream & Liquid,Boro Plus,Antiseptic Cream,Emami Ltd,FMCGNF
JH,1503,Dettol Antiseptic Liquid 125ml,Health & Wellness,Home Medicines,Antiseptic Cream & Liquid,Dettol,Antiseptic Liquid,Reckitt Benckiser,FMCGNF
JH,4089,Dettol Antiseptic Liquid 550ml | Pack of 1,Health & Wellness,Home Medicines,Antiseptic Cream & Liquid,Dettol,Antiseptic Liquid,Reckitt Benckiser,FMCGNF
JH,3373,Vaseline Skin Protecting Jelly - 40g,Personal Care,Makeup & Cosmetics,Lip Care,Vaseline,Lip Balm,HUL,FMCGNF
JH,3585,Himalaya Lip Balm 10g,Personal Care,Makeup & Cosmetics,Lip Care,Himalaya,Lip Balm,The Himalaya Drug Company,FMCGNF
JH,23979,Vaseline Rosy Lips Care 10g,Personal Care,Makeup & Cosmetics,Lip Care,Vaseline,Lip Balm,HUL,FMCGNF
JH,10665,Dettol Original Liquid Hand Wash | 650ml | Pack of 1,Personal Care,Hand Cleaning Essentials,Liquid Handwash,Dettol,Hand Wash,Reckitt Benckiser,FMCGNF
JH,12261,Dettol Original Liquid Handwash 200ml,Personal Care,Hand Cleaning Essentials,Liquid Handwash,Dettol,Hand Wash,Reckitt Benckiser,FMCGNF
JH,10666,Dettol Skincare Liquid Hand Wash | 675ml | Pack of 1,Personal Care,Hand Cleaning Essentials,Liquid Handwash,Dettol,Hand Wash,Reckitt Benckiser,FMCGNF
JH,14452,Santoor Classic Gentle Hand Wash 650ml,Personal Care,Hand Cleaning Essentials,Liquid Handwash,Santoor,Hand Wash,Wipro Enterprises,FMCGNF
JH,4202,Santoor Hand Wash 200ml (1+1) | Pack of 1,Personal Care,Hand Cleaning Essentials,Liquid Handwash,Santoor,Hand Wash,Wipro Enterprises,FMCGNF
JH,78135,Dettol Powder to Liqud Handwash Refill 8g,Personal Care,Hand Cleaning Essentials,Liquid Handwash,Dettol,Hand Wash,Reckitt Benckiser,FMCGNF
JH,10177,Godrej Magic Power Neem And Aloevera Handwash Refill 9g,Personal Care,Hand Cleaning Essentials,Liquid Handwash,Godrej,Hand Wash,Godrej Consumer Products,FMCGNF
JH,10070,Johnsons Cotton Buds | 75 Stems / 150 Swabs | Pack of 1,Personal Care,Cottons,Cotton Buds,Johnson's,Baby Buds,Johnson & Johnson,FMCGNF
JH,10065,Vicks Vapo Rub 10ml,Health & Wellness,Cough & Cold Relief,Cold Balm,Vicks,Cold Balm,Procter & Gamble,FMCGNF
JH,4315,Vim Bar Best Ever Tub | 480g| Pack of 1,Cleaning & Household Needs,Dish Washing,Dishwash Bars,Vim,Dishwash Bar,HUL,FMCGNF
JH,8582,Vim Dishwash Bar | 110 g + 20 g Free | Pack of 1,Cleaning & Household Needs,Dish Washing,Dishwash Bars,Vim,Dishwash Bar,HUL,FMCGNF
JH,8583,Vim Dishwash Bar With Power of Lemons | 60g | Pack of 1,Cleaning & Household Needs,Dish Washing,Dishwash Bars,Vim,Dishwash Bar,HUL,FMCGNF
JH,14426,Vim Dishwash Liquid Gel Lemon Refill 500ml,Cleaning & Household Needs,Dish Washing,Dishwash Liquid & Gel,Vim,Dishwash Liquid,HUL,FMCGNF
JH,13047,Vim Dishwasher Liquid Bottle 500ml,Cleaning & Household Needs,Dish Washing,Dishwash Liquid & Gel,Vim,Dishwash Liquid,HUL,FMCGNF
JH,11997,Vim Drop Dish Wash Liquid 130ml,Cleaning & Household Needs,Dish Washing,Dishwash Liquid & Gel,Vim,Dishwash Liquid,HUL,FMCGNF
JH,8580,Vim Liquid Dish Washing Gel | 250ml | Pack of 1,Cleaning & Household Needs,Dish Washing,Dishwash Liquid & Gel,Vim,Dishwash Liquid,HUL,FMCGNF
JH,4261,Pitambari Copper & Brass Cleaner | 200g | Pack of 1,Cleaning & Household Needs,Dish Washing,Dishwash Powder,Pitambari,Dishwash Powder,Pitambari Products,FMCGNF
JH,8348,Vim Lemon Dishwash Bar 300g,Cleaning & Household Needs,Dish Washing,Dishwash Bars,Vim,Dishwash Bar,HUL,FMCGNF
JH,8090,Colin House Cleaner 250ml,Cleaning & Household Needs,Disinfectant & Cleaners,Multipurpose Cleaner,Colin,Multipurpose Cleaner,Reckitt Benckiser,FMCGNF
JH,77772,Colin Sparkling Shine Glass & Multi-Surface Cleaner | 500ml | Pack of 1,Cleaning & Household Needs,Disinfectant & Cleaners,Multipurpose Cleaner,Colin,Multipurpose Cleaner,Reckitt Benckiser,FMCGNF
JH,75390,Harpic Drain Xpert Powder | 50g | Pack of 1,Cleaning & Household Needs,Disinfectant & Cleaners,Drain Cleaners,Harpic,Drain Cleaner,Reckitt Benckiser,FMCGNF
JH,8064,Harpic Flushmatic Aqua Marine 100g,Cleaning & Household Needs,Disinfectant & Cleaners,Toilet Cleaner,Harpic,Toilet Cleaning Tablet,Reckitt Benckiser,FMCGNF
JH,11207,Harpic Lemon Bathroom Cleaner | 500ml | Pack of 1,Cleaning & Household Needs,Disinfectant & Cleaners,Bathroom Cleaners,Harpic,Bathroom Cleaner,Reckitt Benckiser,FMCGNF
JH,8063,Harpic Power Plus 10X Max Toilet Cleaner | 900ml | Pack of 1,Cleaning & Household Needs,Disinfectant & Cleaners,Toilet Cleaner,Harpic,Toilet Cleaner,Reckitt Benckiser,FMCGNF
JH,8328,Harpic Power Plus Original Toilet Cleaner | 500ml | Pack of 1,Cleaning & Household Needs,Disinfectant & Cleaners,Toilet Cleaner,Harpic,Toilet Cleaner,Reckitt Benckiser,FMCGNF
JH,8082,Harpic Power Plus Original Toilet Cleaner 200ml,Cleaning & Household Needs,Disinfectant & Cleaners,Toilet Cleaner,Harpic,Toilet Cleaner,Reckitt Benckiser,FMCGNF
JH,4251,Lizol Citrus Surface Cleaner | 500ml | Pack of 1,Cleaning & Household Needs,Disinfectant & Cleaners,Floor & Surface Cleaners,Lizol,Floor Cleaner,Reckitt Benckiser,FMCGNF
JH,4248,Lizol Citrus Surface Cleaner | 975ml | Pack of 1,Cleaning & Household Needs,Disinfectant & Cleaners,Floor & Surface Cleaners,Lizol,Floor Cleaner,Reckitt Benckiser,FMCGNF
JH,4247,Lizol Floral All In 1 Disinfectant Surface Cleaner | 500ml | Pack of 1,Cleaning & Household Needs,Disinfectant & Cleaners,Floor & Surface Cleaners,Lizol,Floor Cleaner,Reckitt Benckiser,FMCGNF
JH,4253,Nimyle Floor Cleaner Citro | 890ml | Pack of 1,Cleaning & Household Needs,Disinfectant & Cleaners,Floor & Surface Cleaners,Nimyle,Floor Cleaner,ITC Ltd,FMCGNF
JH,8091,Patanjali Gonyle Floor Cleaner | 1 L | Pack of 1,Cleaning & Household Needs,Disinfectant & Cleaners,Floor & Surface Cleaners,Patanjali,Floor Cleaner,Patanjali Ayurved,FMCGNF
JH,23404,Trishul Black Disinfectant Phenyle 450ml,Cleaning & Household Needs,Disinfectant & Cleaners,Floor & Surface Cleaners,Trishul,Floor Cleaner,Ambey Laboratories,FMCGNF
JH,70507,Rin Detergent Bar | 4 x 250g | Pack of 1,Cleaning & Household Needs,Laundry Care,Detergent Bars,Rin,Detergent Bar,HUL,FMCGNF
JH,840,Active Wheel 2in1 Detergent Powder 500g,Cleaning & Household Needs,Laundry Care,Detergent Powder,Active Wheel,Detergent Powder,HUL,FMCGNF
JH,4198,Rin Detergent Bar 145g,Cleaning & Household Needs,Laundry Care,Detergent Bars,Rin,Detergent Bar,HUL,FMCGNF
JH,9954,Surf Excel Big Bar 150g,Cleaning & Household Needs,Laundry Care,Detergent Bars,Surf Excel,Detergent Bar,HUL,FMCGNF
JH,9953,Surf Excel Big Bar 250g,Cleaning & Household Needs,Laundry Care,Detergent Bars,Surf Excel,Detergent Bar,HUL,FMCGNF
JH,15846,Surf Excel Detergent Bar | 200g x 4 | Pack of 4,Cleaning & Household Needs,Laundry Care,Detergent Bars,Surf Excel,Detergent Bar,HUL,FMCGNF
JH,4760,Surf Excel Stain Eraser Detergent Bar 80g,Cleaning & Household Needs,Laundry Care,Detergent Bars,Surf Excel,Detergent Bar,HUL,FMCGNF
JH,838,Active Wheel 2 in 1 Clean & Fresh Detergent Powder | 1 Kg | Pack of 1,Cleaning & Household Needs,Laundry Care,Detergent Powder,Active Wheel,Detergent Powder,HUL,FMCGNF
JH,8087,Ariel Perfect Wash Blue Detergent Powder 1Kg | Pack of 1,Cleaning & Household Needs,Laundry Care,Detergent Powder,Ariel,Detergent Powder,Procter & Gamble,FMCGNF
JH,4267,Revive Liquid Stiffener 200g,Cleaning & Household Needs,Laundry Care,Fabric Conditioner & Whitener,Revive,Fabric Stiffener liquid,Marico limited,FMCGNF
JH,10588,Ghadi Detergent Powder | 1 Kg | Pack of 1,Cleaning & Household Needs,Laundry Care,Detergent Powder,Ghadi,Detergent Powder,RSPL Group,FMCGNF
JH,22682,Ghadi Detergent Powder | 3kg | Pack of 1,Cleaning & Household Needs,Laundry Care,Detergent Powder,Ghadi,Detergent Powder,RSPL Group,FMCGNF
JH,7997,Patanjali Herbal Wash Detergent Powder - 900g,Cleaning & Household Needs,Laundry Care,Detergent Powder,Patanjali,Detergent Powder,Patanjali Ayurved,FMCGNF
JH,4286,Surf Excel Easy Wash Detergent Powder | 1 Kg | Pack of 1,Cleaning & Household Needs,Laundry Care,Detergent Powder,Surf Excel,Detergent Powder,HUL,FMCGNF
JH,5185,Surf Excel Easy Wash Detergent Powder | 3kg | Pack of 1,Cleaning & Household Needs,Laundry Care,Detergent Powder,Surf Excel,Detergent Powder,HUL,FMCGNF
JH,8080,Surf Excel Easy Wash Detergent Powder | 500g | Pack of 1,Cleaning & Household Needs,Laundry Care,Detergent Powder,Surf Excel,Detergent Powder,HUL,FMCGNF
JH,8097,Surf Excel Easy Wash Detergent Powder 70g,Cleaning & Household Needs,Laundry Care,Detergent Powder,Surf Excel,Detergent Powder,HUL,FMCGNF
JH,17864,Tide Double Power Jasmine & Rose 1Kg | Pack of 1,Cleaning & Household Needs,Laundry Care,Detergent Powder,Tide,Detergent Powder,Procter & Gamble,FMCGNF
JH,8066,Tide Fresh & Clean Detergent Powder 1 Kg,Cleaning & Household Needs,Laundry Care,Detergent Powder,Tide,Detergent Powder,Procter & Gamble,FMCGNF
JH,10716,Tide Naturals Lemon and Chandan | 1 Kg | Pack of 1,Cleaning & Household Needs,Laundry Care,Detergent Powder,Tide,Detergent Powder,Procter & Gamble,FMCGNF
JH,1368,Comfort Fabric Conditioner Morning Fresh | 210ml | Pack of 1,Cleaning & Household Needs,Laundry Care,Fabric Conditioner & Whitener,Comfort,Fabric Conditioner,HUL,FMCGNF
JH,12872,Comfort Morning Fresh (Blue) Fabric Conditioner | 860ml | Pack of 1,Cleaning & Household Needs,Laundry Care,Fabric Conditioner & Whitener,Comfort,Fabric Conditioner,HUL,FMCGNF
JH,9952,Rin Fabric Whitener | 500ml | Pack of 1,Cleaning & Household Needs,Laundry Care,Fabric Conditioner & Whitener,Rin,Fabric Whitener,HUL,FMCGNF
JH,8347,Ujala Supreme | 250ml | Pack of 1,Cleaning & Household Needs,Laundry Care,Fabric Conditioner & Whitener,Ujala,Fabric Whitener,Jyothy Labs,FMCGNF
JH,42940,Godrej Ezee Liquid Detergent | 470 ml | Pack of 1,Cleaning & Household Needs,Laundry Care,Detergent Liquid,Godrej,Liquid Detergent,Godrej Consumer Products,FMCGNF
JH,98416,Godrej Fab Liquid Detergent Refill Pouch For Machine & Hand Wash | 950ml | Pack of 1,Cleaning & Household Needs,Laundry Care,Detergent Liquid,Godrej,Liquid Detergent,Godrej Consumer Products,FMCGNF
JH,35727,Surf Excel Matic Front Load Liquid Detergent Pouch | 2L | Pack of 1,Cleaning & Household Needs,Laundry Care,Detergent Liquid,Surf Excel,Liquid Detergent,HUL,FMCGNF
JH,30265,Surf Excel Matic Top Load Liquid Detergent Pouch | 2L | Pack of 1,Cleaning & Household Needs,Laundry Care,Detergent Liquid,Surf Excel,Liquid Detergent,HUL,FMCGNF
JH,8299,Aer power Pocket Floral Delight - 10g,Cleaning & Household Needs,Fresheners,Air Fresheners,Godrej Aer,Air Freshener,Godrej Consumer Products,FMCGNF
JH,1489,Denver Black Code Body Spray 150ml,Personal Care,Fragrances,Deodorants,Denver,Men's Deodorant,Vanesa Care Pvt Ltd,FMCGNF
JH,1492,Denver Hamilton Deodorant 150ml | Pack of 1,Personal Care,Fragrances,Deodorants,Denver,Men's Deodorant,Vanesa Care Pvt Ltd,FMCGNF
JH,1497,Denver Imperial Deodorant Spray For Men 150ml | Pack of 1,Personal Care,Fragrances,Deodorants,Denver,Men's Deodorant,Vanesa Care Pvt Ltd,FMCGNF
JH,1602,Godrej Aer Pocket Air Freshner Bright Tangy 10g,Cleaning & Household Needs,Fresheners,Air Fresheners,Godrej Aer,Air Freshener,Godrej Consumer Products,FMCGNF
JH,3986,Godrej Aer Power Pocket Blossom 10g,Cleaning & Household Needs,Fresheners,Air Fresheners,Godrej Aer,Air Freshener,Godrej Consumer Products,FMCGNF
JH,1606,Godrej Aer Room Freshener Fresh Lush Green - 220ml,Cleaning & Household Needs,Fresheners,Air Fresheners,Godrej Aer,Air Freshener,Godrej Consumer Products,FMCGNF
JH,1607,Godrej Aer Room Freshener Rose Blossom | 200ml | Pack of 1,Cleaning & Household Needs,Fresheners,Air Fresheners,Godrej,Air Freshener,Godrej Consumer Products,FMCGNF
JH,8297,Godrej Aer Spray Lavender Bloom Room Freshener | 200ml | Pack of 1,Cleaning & Household Needs,Fresheners,Air Fresheners,Godrej,Air Freshener,Godrej Consumer Products,FMCGNF
JH,3993,Godrej Lavender Bloom Power Pocket Aer | 10g | Pack of 1,Cleaning & Household Needs,Fresheners,Air Fresheners,Godrej Aer,Air Freshener,Godrej Consumer Products,FMCGNF
JH,14421,Nivea Pearl & Beauty Radiance White Pearl Deodorant Roll On | 25ml | Pack of 1,Personal Care,Fragrances,Roll On,Nivea,Womens Roll On,Nivea India Pvt. Ltd.,FMCGNF
JH,12451,Odonil Air Freshener Jasmine Mint 48 g,Cleaning & Household Needs,Fresheners,Air Fresheners,Odonil,Air Freshener,Dabur India Limited,FMCGNF
JH,74090,Odonil Air Freshener Lavendar Meadows 72g,Cleaning & Household Needs,Fresheners,Air Fresheners,Odonil,Air Freshener,Dabur India Limited,FMCGNF
JH,29164,Odonil Assorted Air Freshener | 192g | Pack of 4,Cleaning & Household Needs,Fresheners,Air Fresheners,Odonil,Air Freshener,Dabur India Limited,FMCGNF
JH,10702,Odonil Lavender Air Freshner 48g,Cleaning & Household Needs,Fresheners,Air Fresheners,Odonil,Air Freshener,Dabur India Limited,FMCGNF
JH,13107,Himalaya Aloe Vera Face Gel 100ml,Personal Care,Face & Skin Care,Face Cream & Gel,Himalaya,Face Gel,The Himalaya Drug Company,FMCGNF
JH,2983,Patanjali Soundarya Aloe Vera Gel 150ml,Personal Care,Face & Skin Care,Face Cream & Gel,Patanjali,Face Gel,Patanjali Ayurved,FMCGNF
JH,3608,Joy Honey & Almond Body Lotion | 300ml | Pack of 1,Personal Care,Face & Skin Care,"Body Oil, Lotion & Moisturizer",Joy,Body Lotion,RSH Global Pvt Ltd,FMCGNF
JH,4310,Vaseline Intensive Care Deep Moisture Body Lotion | 85ml | Pack of 1,Personal Care,Face & Skin Care,"Body Oil, Lotion & Moisturizer",Vaseline,Body Lotion,HUL,FMCGNF
JH,12824,Vaseline Intensive Care Deep Restore With Pure Oat Extract | 400ml | Pack of 1,Personal Care,Face & Skin Care,"Body Oil, Lotion & Moisturizer",Vaseline,Body Lotion,HUL,FMCGNF
JH,3537,Fem Fairness Naturals Gold Bleach 24g,Personal Care,Face & Skin Care,Bleach Creams,Fem,Bleach Cream,Dabur India Limited,FMCGNF
JH,2629,Jac Olivol Body Oil 100ml,Personal Care,Face & Skin Care,"Body Oil, Lotion & Moisturizer",Jac Olivol,Body Oil,Hahnemann Pharmaceuticals,FMCGNF
JH,72289,Glow & Lovely Natural Glow Face Cream Ayurvedic Care+ 50g,Personal Care,Face & Skin Care,Face Cream & Gel,Glow & Lovely,Face Cream,HUL,FMCGNF
JH,11588,Garnier Men Turbo Bright Anti Pollution Face Wash 50g,Personal Care,Face & Skin Care,Face Wash & Cleanser,Garnier Men,Mens Face Wash,L'Oreal India Pvt. Ltd.,FMCGNF
JH,83208,Lakme Peach Milk Cream Moisturiser | 100g | Pack of 1,Personal Care,Face & Skin Care,Face Cream & Gel,Lakme,Face Cream,HUL,FMCGNF
JH,79399,Lakme Peach Milk 24 Hour Moisture Lock Non Sticky Soft Creme 50g,Personal Care,Face & Skin Care,Face Cream & Gel,Lakme,Face Cream,HUL,FMCGNF
JH,3673,Nivea Creme 60ml,Personal Care,Face & Skin Care,Face Cream & Gel,Nivea,Face Cream,Nivea India Pvt. Ltd.,FMCGNF
JH,3684,Nivea Soft Light Moisture | 100ml | Pack of 1,Personal Care,Face & Skin Care,Face Cream & Gel,Nivea,Face Cream,Nivea India Pvt. Ltd.,FMCGNF
JH,87576,Pond's Bright Beauty Serum Cream | 24 g | Pack of 1,Personal Care,Face & Skin Care,Face Cream & Gel,Pond's,Face Cream,HUL,FMCGNF
JH,67638,Ponds Super Light Gel Hydrated Glow 50ml | Pack of 1,Personal Care,Face & Skin Care,Face Cream & Gel,Pond's,Face Cream,HUL,FMCGNF
JH,2628,Jac Olivol Body Oil 300ml,Personal Care,Face & Skin Care,"Body Oil, Lotion & Moisturizer",Jac Olivol,Body Oil,Hahnemann Pharmaceuticals,FMCGNF
JH,8620,White Tone Soft & Smooth Face Cream 50g,Personal Care,Face & Skin Care,Face Cream & Gel,White Tone,Face Cream,Vini Cosmetics Pvt. Ltd.,FMCGNF
JH,8619,White Tone Soft And Smooth Face Cream 25g,Personal Care,Face & Skin Care,Face Cream & Gel,White Tone,Face Cream,Vini Cosmetics Pvt. Ltd.,FMCGNF
JH,4704,Everyuth Naturals Walnut Scrub | 50g | Pack of 1,Personal Care,Face & Skin Care,Scrub & Exfoliators,EverYuth,Face Scrub,Zydus Wellness Products Ltd,FMCGNF
JH,1326,Clean & Clear Foaming Face Wash | 100ml | Pack of 1,Personal Care,Face & Skin Care,Face Wash & Cleanser,Clean & Clear,Face Wash,Johnson & Johnson,FMCGNF
JH,1327,Clean & Clear Foaming Face Wash 50ml | Pack of 1,Personal Care,Face & Skin Care,Face Wash & Cleanser,Clean & Clear,Face Wash,Johnson & Johnson,FMCGNF
JH,85252,Garnier Bright Complete Vitamin C Foam Face Wash 50g,Personal Care,Face & Skin Care,Face Wash & Cleanser,Garnier,Face Wash,L'Oreal India Pvt. Ltd.,FMCGNF
JH,4714,Garnier Men Acno Fight Face Wash 50g,Personal Care,Face & Skin Care,Face Wash & Cleanser,Garnier Men,Mens Face Wash,L'Oreal India Pvt. Ltd.,FMCGNF
JH,4724,Himalaya Face Wash Purifying Neem Tube 50ml,Personal Care,Face & Skin Care,Face Wash & Cleanser,Himalaya,Face Wash,The Himalaya Drug Company,FMCGNF
JH,4734,Himalaya Purifying Neem Face Wash Tube - 150ml,Personal Care,Face & Skin Care,Face Wash & Cleanser,Himalaya,Face Wash,The Himalaya Drug Company,FMCGNF
JH,96345,Joy Skin Fruits Spots & Tan Clear Face Wash | 100ml | Buy 1 Get 1 Free,Personal Care,Face & Skin Care,Face Wash & Cleanser,Joy,Face Wash,RSH Global Pvt Ltd,FMCGNF
JH,4756,Patanjali Saundarya Face Wash | 60 g | Pack of 1,Personal Care,Face & Skin Care,Face Wash & Cleanser,Patanjali,Face Wash,Patanjali Ayurved,FMCGNF
JH,33003,Ponds Bright Beauty Vitamin B3 Face Wash 50g,Personal Care,Face & Skin Care,Face Wash & Cleanser,Pond's,Face Wash,HUL,FMCGNF
JH,10401,Ponds Bright Miracle Detox Facewash 50g,Personal Care,Face & Skin Care,Face Wash & Cleanser,Pond's,Face Wash,HUL,FMCGNF
JH,67777,Ponds Pure Detox Anti-Pollution Purity Face Wash 100g,Personal Care,Face & Skin Care,Face Wash & Cleanser,Pond's,Face Wash,HUL,FMCGNF
JH,4134,Himalaya Purifying Neem Facial Wipes 10N,Personal Care,Face & Skin Care,"Facial Kit, Mask & Wipes",Himalaya,Facial Wipes,The Himalaya Drug Company,FMCGNF
JH,1439,Dabur Gulabari Face Freshener 100ml,Personal Care,Face & Skin Care,"Face Serum,Toner & Rose Water",Dabur Gulabari,Rose Water,Dabur India Limited,FMCGNF
JH,4179,Ponds Cold Cream | 55ml | Pack of 1,Personal Care,Face & Skin Care,Face Cream & Gel,Pond's,Cold Cream,HUL,FMCGNF
JH,8400,Dabur Gulabari Premium Rose Water 120ml,Personal Care,Face & Skin Care,"Face Serum,Toner & Rose Water",Dabur Gulabari,Rose Water,Dabur India Limited,FMCGNF
JH,43535,Joy Sun Screen Body Lotion 300ml,Personal Care,Face & Skin Care,Sunscreen,Joy,Sunscreen,RSH Global Pvt Ltd,FMCGNF
JH,29491,Lakme Peach Milk SPF 30 Moisturiser 60ml,Personal Care,Face & Skin Care,Sunscreen,Lakme,Sunscreen,HUL,FMCGNF
JH,34717,Ponds Super Light Gel | 25ml | Pack of 1,Personal Care,Face & Skin Care,Face Cream & Gel,Pond's,Face Cream,HUL,FMCGNF
JH,14755,Lotus Herbals Safe Sun 3in1 Matte Look Daily Sun Block Cream SPF 40 50g,Personal Care,Face & Skin Care,Sunscreen,Lotus,Sunscreen,Lotus Herbals,FMCGNF
JH,3712,Vicco Turmeric Skin Cream 30g,Personal Care,Face & Skin Care,Face Cream & Gel,Vicco,Face Cream,Vicco Laboratories,FMCGNF
JH,18175,Navratna Cool Talc Active Deo 400g,Personal Care,Face & Skin Care,Talcum Powder,Navratna,Talcum Powder,Emami Ltd,FMCGNF
JH,3689,Nycil Germ Expert Cool Herbal 150g + Nycil Cool Herbal 50g Free,Personal Care,Face & Skin Care,Talcum Powder,Nycil,Talcum Powder,Zydus Wellness Products Ltd,FMCGNF
JH,33004,Ponds Dream Flower Fragant Talcum Powder 80g,Personal Care,Face & Skin Care,Talcum Powder,Pond's,Talcum Powder,HUL,FMCGNF
JH,70881,Ponds Magic Freshness Talcum Powder | 80g | Pack of 1,Personal Care,Face & Skin Care,Talcum Powder,Pond's,Talcum Powder,HUL,FMCGNF
JH,4575,White Tone Face Powder 30g,Personal Care,Face & Skin Care,Talcum Powder,White Tone,Talcum Powder,Vini Cosmetics Pvt. Ltd.,FMCGNF
JH,8354,White Tone Face Powder With Softshade Formula 70g,Personal Care,Face & Skin Care,Talcum Powder,White Tone,Talcum Powder,Vini Cosmetics Pvt. Ltd.,FMCGNF
JH,10796,Fogg Paradise Womens Body Spray 150ml,Personal Care,Fragrances,Deodorants,Fogg,Womens Deodrant,Vini Cosmetics Pvt. Ltd.,FMCGNF
JH,10794,Fogg Marco Body Spray 120ml,Personal Care,Fragrances,Deodorants,Fogg,Men's Deodorant,Vini Cosmetics Pvt. Ltd.,FMCGNF
JH,13711,Fogg Dynamic Fragrance Body Spray 150ml,Personal Care,Fragrances,Deodorants,Fogg,Men's Deodorant,Vini Cosmetics Pvt. Ltd.,FMCGNF
JH,10790,Fogg Napolean Body Spray 120ml,Personal Care,Fragrances,Deodorants,Fogg,Men's Deodorant,Vini Cosmetics Pvt. Ltd.,FMCGNF
JH,16574,Gillette Venus Razor Pink | 1N | Pack of 1,Personal Care,Feminine Hygiene,"Razors, Blades & Cartridges",Gillette Venus,Women Cartridge Razors,Procter & Gamble,FMCGNF
JH,97946,Prega News Test Kit | 1N | Pack of 1,Personal Care,Feminine Hygiene,Pregnancy Kits,Prega News,Pregnancy Test Kit,Mankind Pharma,FMCGNF
JH,14383,Stayfree Sanitary Pads Dry Max All Night Ultra Dry XXL,Personal Care,Feminine Hygiene,Sanitary Pads,Johnson's,Sanitary Pad,Johnson & Johnson,FMCGNF
JH,4567,Stayfree Secure Cottony Soft Cover Pads With Wings XL 6 N,Personal Care,Feminine Hygiene,Sanitary Pads,Johnson's,Sanitary Pad,Johnson & Johnson,FMCGNF
JH,83918,Stayfree Secure Cottony Soft Cover Regular Sanitary Pads | 18N | Pack of 1,Personal Care,Feminine Hygiene,Sanitary Pads,Stayfree,Sanitary Pad,Johnson & Johnson,FMCGNF
JH,82422,Stayfree Secure Cottony XL | Pack of 18 Pads,Personal Care,Feminine Hygiene,Sanitary Pads,Stayfree,Sanitary Pad,Johnson & Johnson,FMCGNF
JH,17696,Veet Hair Removal Cream For Normal Skin 30g,Personal Care,Feminine Hygiene,Hair Removal Creams & Sprays,Veet,Hair Removal Cream,Reckitt Benckiser,FMCGNF
JH,9963,Stayfree Cottony XL Sanitary Pads | Pack of 40 Pads,Personal Care,Feminine Hygiene,Sanitary Pads,Stayfree,Sanitary Pad,Johnson & Johnson,FMCGNF
JH,79074,Ultra Whisper No Gap No Leaks Xl+ 7N | Pack of 1,Personal Care,Feminine Hygiene,Sanitary Pads,Whisper,Sanitary Pad,Procter & Gamble,FMCGNF
JH,10717,Whisper Bindazzz Night XXL | 30 Pads | Pack of 1,Personal Care,Feminine Hygiene,Sanitary Pads,Whisper,Sanitary Pad,Procter & Gamble,FMCGNF
JH,11577,Whisper Ultra Bindazzz Nights XXL | 15 Pads | Pack of 1,Personal Care,Feminine Hygiene,Sanitary Pads,Whisper,Sanitary Pad,Procter & Gamble,FMCGNF
JH,81308,Whisper Choice Night Sanitary Pads XXL 16 N,Personal Care,Feminine Hygiene,Sanitary Pads,Whisper,Sanitary Pad,Procter & Gamble,FMCGNF
JH,42781,Whisper Choice Regular | 15 Pads | Pack of 1,Personal Care,Feminine Hygiene,Sanitary Pads,Whisper,Sanitary Pad,Procter & Gamble,FMCGNF
JH,11578,Whisper Choice Ultra XL - 6 Pads,Personal Care,Feminine Hygiene,Sanitary Pads,Whisper,Sanitary Pad,Procter & Gamble,FMCGNF
JH,8605,Whisper Choice Ultra XL | Pack of 20 Pads,Personal Care,Feminine Hygiene,Sanitary Pads,Whisper,Sanitary Pad,Procter & Gamble,FMCGNF
JH,15737,Whisper Choice XL Sanitary Pads 280mm | Pack of 18 Pads,Personal Care,Feminine Hygiene,Sanitary Pads,Whisper,Sanitary Pad,Procter & Gamble,FMCGNF
JH,964,Bajaj Almond Drops Hair Oil | 180ml | Pack of 1,Personal Care,Hair Care,Hair Oil,Bajaj,Almond Hair Oil,Bajaj Consumer Care Ltd.,FMCGNF
JH,963,Bajaj Almond Drops Hair Oil 95ml,Personal Care,Hair Care,Hair Oil,Bajaj,Almond Hair Oil,Bajaj Consumer Care Ltd.,FMCGNF
JH,1332,Clinic Plus Strong & Long Health Shampoo | 175ml | Pack of 1,Personal Care,Hair Care,Shampoo,Clinic Plus,Shampoo,HUL,FMCGNF
JH,8303,Dabur Amla Hair Oil | 180ml | Pack of 1,Personal Care,Hair Care,Hair Oil,Dabur,Amla Hair Oil,Dabur India Limited,FMCGNF
JH,73485,Dabur Sarso Amla Hair Oil 300ml,Personal Care,Hair Care,Hair Oil,Dabur,Amla Hair Oil,Dabur India Limited,FMCGNF
JH,1476,Dabur Sarson Amla Hair Oil | 170ml | Pack of 1,Personal Care,Hair Care,Hair Oil,Dabur,Amla Hair Oil,Dabur India Limited,FMCGNF
JH,13058,Clinic Plus Strong & Thick Shampoo 175ml,Personal Care,Hair Care,Shampoo,Clinic Plus,Shampoo,HUL,FMCGNF
JH,1561,Dove Hair Fall Rescue Conditioner 75ml,Personal Care,Hair Care,Hair Conditioner,Dove,Conditioner,HUL,FMCGNF
JH,8391,Clinic Plus Strong & Long Health Shampoo 355ml | Pack of 1,Personal Care,Hair Care,Shampoo,Clinic Plus,Shampoo,HUL,FMCGNF
JH,3732,Garnier Black Creamy 3 Brown Black Hair Color 20M+20g,Personal Care,Hair Care,Hair Colour & Dyes,Garnier,Hair Colour,L'Oreal India Pvt. Ltd.,FMCGNF
JH,3729,Garnier Black Natural 3.16 Burgndy Hair Color 20ml,Personal Care,Hair Care,Hair Colour & Dyes,Garnier,Hair Colour,L'Oreal India Pvt. Ltd.,FMCGNF
JH,3733,Garnier Black Natural Cream 2 Original Black Hair Color 20M+20g,Personal Care,Hair Care,Hair Colour & Dyes,Garnier,Hair Colour,L'Oreal India Pvt. Ltd.,FMCGNF
JH,11591,Garnier Black Naturals 1.0 Hair Color 20ml + 20g,Personal Care,Hair Care,Hair Colour & Dyes,Garnier,Hair Colour,L'Oreal India Pvt. Ltd.,FMCGNF
JH,29559,Godrej Expert Rich Creme Hair Color 11g+11ml,Personal Care,Hair Care,Hair Colour & Dyes,Godrej,Hair Colour,Godrej Consumer Products,FMCGNF
JH,3688,Godrej Nupur Henna Mehendi | 65 g | Pack of 1,Personal Care,Hair Care,Hair Colour & Dyes,Godrej,Mehendi,Godrej Consumer Products,FMCGNF
JH,10326,Hair & Care Aloe Vera Hair Oil 100ml,Personal Care,Hair Care,Hair Oil,Hair & Care,Hair Oil,Marico limited,FMCGNF
JH,1578,Dove Daily Shine Shampoo | 180ml | Pack of 1,Personal Care,Hair Care,Shampoo,Dove,Shampoo,HUL,FMCGNF
JH,4972,Himani Cool Hair Oil Navratna 90ml,Personal Care,Hair Care,Hair Oil,Navratna,Hair Oil,Emami Ltd,FMCGNF
JH,3798,L'Oreal Hair Total Repair Hair Conditioner | 175ml | Pack of 1,Personal Care,Hair Care,Hair Conditioner,L'Oreal Paris,Conditioner,L'Oreal India Pvt. Ltd.,FMCGNF
JH,12963,Dove Nutritive Solution Hair Fall Rescue Shampoo | 180ml | Pack of 1,Personal Care,Hair Care,Shampoo,Dove,Shampoo,HUL,FMCGNF
JH,3810,Livon Silky Hair Serum 50ml,Personal Care,Hair Care,Hair Serum,Livon,Hair Serum,Marico limited,FMCGNF
JH,4981,Nihar Naturals Coconut Hair Oil | 200ml | Pack of 1,Personal Care,Hair Care,Hair Oil,Nihar,Coconut Hair Oil,Marico limited,FMCGNF
JH,1570,Dove Anti Dandruff Care Shampoo 180ml,Personal Care,Hair Care,Shampoo,Dove,Shampoo,HUL,FMCGNF
JH,10712,Head & Shoulder Anti Dandruff Smooth & Silky Shampoo 72ml,Personal Care,Hair Care,Shampoo,Head & Shoulders,Shampoo,Procter & Gamble,FMCGNF
JH,3730,Garnier Black Natural 4 + Natural Brown Hair Color 20ml,Personal Care,Hair Care,Hair Colour & Dyes,Garnier,Hair Colour,L'Oreal India Pvt. Ltd.,FMCGNF
JH,9219,Hair & Care Non Sticky Hair Oil For Damage Repair Aloe Vera Olive Oil & Green Tea 200ml,Personal Care,Hair Care,Hair Oil,Hair & Care,Hair Oil,Marico limited,FMCGNF
JH,11600,L'Oreal Paris Total Repair 5 Damaged Hair Shampoo | 180ml | Pack of 1,Personal Care,Hair Care,Shampoo,L'Oreal Paris,Shampoo,L'Oreal India Pvt. Ltd.,FMCGNF
JH,3819,Loreal Paris 6 Oil Nourishing Conditioner 180ml,Personal Care,Hair Care,Hair Conditioner,L'Oreal Paris,Conditioner,L'Oreal India Pvt. Ltd.,FMCGNF
JH,9206,Nihar Naturals Shanti Badam Amla Hair Oil 240ml,Personal Care,Hair Care,Hair Oil,Nihar,Amla Hair Oil,Marico limited,FMCGNF
JH,96843,Nisha Hair Color Powder Natural Brown 25g,Personal Care,Hair Care,Hair Colour & Dyes,Nisha,Hair Colour,Yutika Natural Pvt Ltd,FMCGNF
JH,46933,Nisha Natural Black Herbal Care 25g,Personal Care,Hair Care,Hair Colour & Dyes,Nisha,Hair Colour,Yutika Natural Pvt Ltd,FMCGNF
JH,4996,Parachute Advanced Jasmine Coconut Hair Oil 90ml,Personal Care,Hair Care,Hair Oil,Parachute Advansed,Coconut Hair Oil,Marico limited,FMCGNF
JH,5003,Parachute Coconut Oil Bottle | 100ml | Pack of 1,Personal Care,Hair Care,Hair Oil,Parachute,Coconut Hair Oil,Marico limited,FMCGNF
JH,23642,Parachute Coconut Oil Bottle | 600ml | Pack of 1,Personal Care,Hair Care,Hair Oil,Parachute,Coconut Hair Oil,Marico limited,FMCGNF
JH,12463,Parachute Coconut Oil Bottle 200ml,Personal Care,Hair Care,Hair Oil,Parachute,Coconut Hair Oil,Marico limited,FMCGNF
JH,27354,Parachute Coconut Oil Bottle | 300ml | Pack of 1,Personal Care,Hair Care,Hair Oil,Parachute,Coconut Hair Oil,Marico limited,FMCGNF
JH,77843,L'Oreal Paris Hyaluron Moisture Hyaluronic Acid Shampoo | 180ml | Pack of 1,Personal Care,Hair Care,Shampoo,L'Oreal Paris,Shampoo,L'Oreal India Pvt. Ltd.,FMCGNF
JH,3892,Streax Hair Serum Vitamin C with Walnut Oil 45ml,Personal Care,Hair Care,Hair Serum,Streax,Hair Serum,Hygienic Research Institute,FMCGNF
JH,12585,Streax Insta 1 Natural Black Colour Shampoo 18ml,Personal Care,Hair Care,Hair Colour & Dyes,Streax,Hair Colour,Hygienic Research Institute,FMCGNF
JH,14320,Patanjali Kesh Kanti Natural Hair Cleanser Shampoo 180ml,Personal Care,Hair Care,Shampoo,Patanjali,Shampoo,Patanjali Ayurved,FMCGNF
JH,8555,Sunsilk Black Shampoo | 180ml | Pack of 1,Personal Care,Hair Care,Shampoo,Sunsilk,Shampoo,HUL,FMCGNF
JH,10028,Sunslik Lusciosly Thick & Long Sampoo 180ml,Personal Care,Hair Care,Shampoo,Sunsilk,Shampoo,HUL,FMCGNF
JH,35735,Tresemme Keratin Smooth Conditioner | 80ml | Pack of 1,Personal Care,Hair Care,Hair Conditioner,Tresemme,Conditioner,HUL,FMCGNF
JH,3893,Streax Insta Burgundy 3.16 Shampoo Hair Color 18ml,Personal Care,Hair Care,Hair Colour & Dyes,Streax,Hair Colour,Hygienic Research Institute,FMCGNF
JH,10031,Sunsilk Stunning Black Shine Shampoo - 350ml,Personal Care,Hair Care,Shampoo,Sunsilk,Shampoo,HUL,FMCGNF
JH,3911,Tresemme Keratin Smooth Argan Oil Shampoo | 180ml | Pack of 1,Personal Care,Hair Care,Shampoo,Tresemme,Shampoo,HUL,FMCGNF
JH,15865,Tresemme Keratin Smooth With Keratin & Argan Shampoo - 340ml,Personal Care,Hair Care,Shampoo,Tresemme,Shampoo,HUL,FMCGNF
JH,4988,Parachute Advansed Hair Oil Aloe Vera + Enriched Coconut 150ml,Personal Care,Hair Care,Hair Oil,Parachute Advansed,Coconut Hair Oil,Marico limited,FMCGNF
JH,97027,Dettol Icy Cool Soap 100g x 5N,Personal Care,Bath & Body Wash,Soaps,Dettol,Soap,Reckitt Benckiser,FMCGNF
JH,1513,Dettol Original Soap Bar | 100g x 5 | Pack of 5,Personal Care,Bath & Body Wash,Soaps,Dettol,Soap,Reckitt Benckiser,FMCGNF
JH,97140,Dettol Orignal Soap 100g,Personal Care,Bath & Body Wash,Soaps,Dettol,Soap,Reckitt Benckiser,FMCGNF
JH,11994,Lifebuoy Silver Defence Soap 40g,Personal Care,Bath & Body Wash,Soaps,Lifebuoy,Soap,HUL,FMCGNF
JH,104374,Lifebuoy Expert Defense Bathing Bar | 4 x 100g + 100g Free | Pack of 5,Personal Care,Bath & Body Wash,Soaps,Lifebuoy,Soap,HUL,FMCGNF
JH,10739,Margo Neem Body Soap | 43g | Pack of 1,Personal Care,Bath & Body Wash,Soaps,Margo,Soap,Jyothy Labs,FMCGNF
JH,4143,Margo Original Neem Bathing Soap 100g,Personal Care,Bath & Body Wash,Soaps,Margo,Soap,Jyothy Labs,FMCGNF
JH,4144,Margo Original Neem Vitamin E Moisturizing Soap | 500g | Buy 4 Get 1 Free | Pack of 5,Personal Care,Bath & Body Wash,Soaps,Margo,Soap,Jyothy Labs,FMCGNF
JH,4708,Fiama Blackcurrant & Bearberry Shower Gel 250ml | Pack of 1,Personal Care,Bath & Body Wash,Shower Gel & Body Wash,Fiama,Body Wash,ITC Ltd,FMCGNF
JH,13570,Lux Body Wash Fragrant Skin Orchid Scent & Juniper Oil | 245ml | Pack of 1,Personal Care,Bath & Body Wash,Shower Gel & Body Wash,Lux,Body Wash,HUL,FMCGNF
JH,13569,Lux Body Wash Soft Skin French Rose & Almond Oil | 240ml | Pack of 1,Personal Care,Bath & Body Wash,Shower Gel & Body Wash,Lux,Body Wash,HUL,FMCGNF
JH,4172,Pears Pure And Gentle Body Wash | 250ml | Pack of 1,Personal Care,Bath & Body Wash,Shower Gel & Body Wash,Pears,Body Wash,HUL,FMCGNF
JH,13290,Cinthol Lime Refreshing Soap 100g,Personal Care,Bath & Body Wash,Soaps,Cinthol,Soap,Godrej Consumer Products,FMCGNF
JH,1611,Godrej Cinthol Cool Soap 75g*4,Personal Care,Bath & Body Wash,Soaps,Cinthol,Soap,Godrej Consumer Products,FMCGNF
JH,1613,Godrej Cinthol Lime Soap 75g Set Of 4,Personal Care,Bath & Body Wash,Soaps,Cinthol,Soap,Godrej Consumer Products,FMCGNF
JH,1562,Dove Cream Beauty Bathing Bar 100g,Personal Care,Bath & Body Wash,Soaps,Dove,Soap,HUL,FMCGNF
JH,1564,Dove Cream Beauty Bathing Bar 50g,Personal Care,Bath & Body Wash,Soaps,Dove,Soap,HUL,FMCGNF
JH,4170,Pears Pure And Gentle | 100g | Pack of 1,Personal Care,Bath & Body Wash,Soaps,Pears,Soap,HUL,FMCGNF
JH,9225,Pears Pure And Gentle Soap 60g,Personal Care,Bath & Body Wash,Soaps,Pears,Soap,HUL,FMCGNF
JH,4168,Pears Pure And Gentle Value Pack 125gx3N,Personal Care,Bath & Body Wash,Soaps,Pears,Soap,HUL,FMCGNF
JH,4173,Pears Soft & Fresh Soap Bar 100g,Personal Care,Bath & Body Wash,Soaps,Pears,Soap,HUL,FMCGNF
JH,4707,Fiama Bearberry & Blackcurrant Gel Bar - 125g,Personal Care,Bath & Body Wash,Soaps,Fiama,Soap,ITC Ltd,FMCGNF
JH,104557,Fiama Gel Bar Celebration Pack - 125g x 5,Personal Care,Bath & Body Wash,Soaps,Fiama,Soap,ITC Ltd,FMCGNF
JH,8275,Liril Lime And Tea Tree Oil Soap 75g,Personal Care,Bath & Body Wash,Soaps,Liril,Soap,HUL,FMCGNF
JH,13786,Lux Fresh Glow Soap 100g,Personal Care,Bath & Body Wash,Soaps,Lux,Soap,HUL,FMCGNF
JH,86569,Lux Ultimate Glow Jasmine Vitamin C+E Soap | 100g x 4N | Pack of 4,Personal Care,Bath & Body Wash,Soaps,Lux,Soap,HUL,FMCGNF
JH,4114,Godrej No. 1 Lime And Aloe Vera Soap | 5 x 100g | Pack of 5,Personal Care,Bath & Body Wash,Soaps,Godrej No.1,Soap,Godrej Consumer Products,FMCGNF
JH,5045,Liril Lime All Day Freshness Soap | 125g | Pack of 1,Personal Care,Bath & Body Wash,Soaps,Liril,Soap,HUL,FMCGNF
JH,4115,Godrej No. 1 Sandal Turmeric Soap | 100g x 5 Pcs | Pack of 5,Personal Care,Bath & Body Wash,Soaps,Godrej,Soap,Godrej Consumer Products,FMCGNF
JH,4149,Mysore Sandal Bathing Soap 75g,Personal Care,Bath & Body Wash,Soaps,Mysore Sandal,Soap,Karnataka Soaps & Detergents,FMCGNF
JH,4199,Santoor Total Skin Care Sandal & Turmeric 4x46g,Personal Care,Bath & Body Wash,Soaps,Santoor,Soap,Wipro Enterprises,FMCGNF
JH,4201,Santoor Sandal & Turmeric Soap | 4x100g | Pack of 1,Personal Care,Bath & Body Wash,Soaps,Santoor,Soap,Wipro Enterprises,FMCGNF
JH,29398,Nivea Frangipani & Oil Shower Gel 250ml,Personal Care,Bath & Body Wash,Shower Gel & Body Wash,Nivea,Body Wash,Nivea India Pvt. Ltd.,FMCGNF
JH,88117,Vim Lemon Dishwash Liquid Gel Refill Pouch | 900ml | Pack of 1,Cleaning & Household Needs,Dish Washing,Dishwash Liquid & Gel,Vim,Dishwash Liquid,HUL,FMCGNF
JH,4329,Good Knight Power Activ+ Refills | 45ml | Pack of 2,Cleaning & Household Needs,Repellents,Mosquito Repellants,Good Knight,Mosquito Repellent Liquid,Godrej Consumer Products,FMCGNF
JH,13646,Godrej Hit Anti Roach Gel | 20g | Pack of 1,Cleaning & Household Needs,Repellents,Cockroach Repellants,Hit,Cockroach Repellant Gel,Godrej Consumer Products,FMCGNF
JH,24204,Colgate Glow In Dark Toothpaste for Children 80g,Baby Care,Baby Oral and Hair Care,Baby Toothpastes,Colgate,Kids Toothpaste,Colgate Palmolive,FMCGNF
JH,33000,Lux International Creamy Perfection Plus Soap 125g,Personal Care,Bath & Body Wash,Soaps,Lux,Soap,HUL,FMCGNF
JH,74366,Emami Fair And Handsome Long Lasting Radiance Cream 30g,Personal Care,Face & Skin Care,Face Cream & Gel,Fair And Handsome,Face Cream,Emami Ltd,FMCGNF
JH,104516,Mamypoko pants All night absorb | XL | Pack of 11,Baby Care,Baby Hygiene,Diapers & Wipes,MamyPoko,Diaper Pants,Unicharm India Pvt Ltd,FMCGNF
JH,103295,"MamyPoko Pants All Night Absorb Baby Diaper Pants (S, 4-8 kg, 56 Diapers)",Baby Care,Baby Hygiene,Diapers & Wipes,MamyPoko,Diaper Pants,Unicharm India Pvt Ltd,FMCGNF
JH,104790,Senu Disinfectant Citrus Surface Cleaner - 500ml,Cleaning & Household Needs,Disinfectant & Cleaners,Floor & Surface Cleaners,Senu,Surface Cleaner,Neerava hygiene Products India Pvt.Ltd,FMCGNF
JH,104791,Senu Disinfectant Floral Surface Cleaner - 500ml,Cleaning & Household Needs,Disinfectant & Cleaners,Floor & Surface Cleaners,Senu,Surface Cleaner,Neerava hygiene Products India Pvt.Ltd,FMCGNF
JH,104792,Senu Disinfectant Citrus Surface Cleaner - 975ml,Cleaning & Household Needs,Disinfectant & Cleaners,Floor & Surface Cleaners,Senu,Surface Cleaner,Neerava hygiene Products India Pvt.Ltd,FMCGNF
JH,104793,Senu Disinfectant Floral Surface Cleaner - 975ml,Cleaning & Household Needs,Disinfectant & Cleaners,Floor & Surface Cleaners,Senu,Surface Cleaner,Neerava hygiene Products India Pvt.Ltd,FMCGNF
JH,104794,Senu Disinfectant Toilet Cleaner - 500ml,Cleaning & Household Needs,Disinfectant & Cleaners,Toilet Cleaner,Senu,Toilet Cleaner,Neerava hygiene Products India Pvt.Ltd,FMCGNF
JH,104795,Senu Disinfectant Toilet Cleaner - 1L,Cleaning & Household Needs,Disinfectant & Cleaners,Toilet Cleaner,Senu,Toilet Cleaner,Neerava hygiene Products India Pvt.Ltd,FMCGNF
JH,104796,Senu Classic Perfumed White Floor Cleaner - 1L,Cleaning & Household Needs,Disinfectant & Cleaners,Floor & Surface Cleaners,Senu,Floor Cleaner,Neerava hygiene Products India Pvt.Ltd,FMCGNF
JH,104797,Senu Classic Perfumed White Floor Cleaner - 5L,Cleaning & Household Needs,Disinfectant & Cleaners,Floor & Surface Cleaners,Senu,Floor Cleaner,Neerava hygiene Products India Pvt.Ltd,FMCGNF
JH,104798,Senu Dishwash Concentrated Gel Lemon Power - 500ml,Cleaning & Household Needs,Dish Washing,Dishwash Liquid & Gel,Senu,Dishwash Liquid,Neerava hygiene Products India Pvt.Ltd,FMCGNF
CG,3437,Himalaya Gentle Baby Powder 100g,Baby Care,Baby Skin Care,Baby Body Powders,Himalaya,Baby Body Powder,The Himalaya Drug Company,FMCGNF
CG,3594,Johnson Baby Powder 100g,Baby Care,Baby Skin Care,Baby Body Powders,Johnson's,Baby Body Powder,Johnson & Johnson,FMCGNF
CG,3566,Himalaya Gentle Baby Cream 100ml,Baby Care,Baby Skin Care,Baby Creams,Himalaya,Baby Cream,The Himalaya Drug Company,FMCGNF
CG,3568,Himalaya Gentle Baby Cream - 50ml,Baby Care,Baby Skin Care,Baby Creams,Himalaya,Baby Cream,The Himalaya Drug Company,FMCGNF
CG,4958,Johnsons Baby Cream 50g,Baby Care,Baby Skin Care,Baby Creams,Johnson's,Baby Cream,Johnson & Johnson,FMCGNF
CG,3569,Himalaya Gentle Baby Lotion 100ml,Baby Care,Baby Skin Care,Baby Lotion,Himalaya,Baby Lotion,The Himalaya Drug Company,FMCGNF
CG,8474,Johnson's Baby Lotion | 100ml | Pack of 1,Baby Care,Baby Skin Care,Baby Lotion,Johnson's,Baby Lotion,Johnson & Johnson,FMCGNF
CG,1456,Dabur Lal Tail 100ml,Baby Care,Baby Skin Care,Baby Massage Oils,Dabur,Baby Massage Oil,Dabur India Limited,FMCGNF
CG,3436,Himalaya Baby Massage Oil With Olive Oil & Winter Cherry | 100ml | Pack of 1,Baby Care,Baby Skin Care,Baby Massage Oils,Himalaya,Baby Massage Oil,The Himalaya Drug Company,FMCGNF
CG,3595,Johnson Vitamin E Baby Oil 100ml,Baby Care,Baby Skin Care,Baby Massage Oils,Johnson's,Baby Massage Oil,Johnson & Johnson,FMCGNF
CG,3787,Himalaya Gentle Baby Shampoo 100ml,Baby Care,Baby Bath,Baby Shampoo,Himalaya,Baby Shampoo,The Himalaya Drug Company,FMCGNF
CG,3788,Himalaya Gentle Baby Shampoo 200ml | Pack of 1,Baby Care,Baby Bath,Baby Shampoo,Himalaya,Baby Shampoo,The Himalaya Drug Company,FMCGNF
CG,2416,Johnsons Baby No More Tears Shampoo 100ml,Baby Care,Baby Bath,Baby Shampoo,Johnson's,Baby Shampoo,Johnson & Johnson,FMCGNF
CG,4128,Himalaya Extra Moisturizing Baby Soap Aloe Vera Olive & Milk 75g,Baby Care,Baby Bath,Baby Soaps,Himalaya,Baby Soap,The Himalaya Drug Company,FMCGNF
CG,4124,Himalaya Refreshing Baby Soap 75g,Baby Care,Baby Bath,Baby Soaps,Himalaya,Baby Soap,The Himalaya Drug Company,FMCGNF
CG,10068,Johnsons Baby Soap With Baby Lotion & Vitamin E 75g,Baby Care,Baby Bath,Baby Soaps,Johnson's,Baby Soap,Johnson & Johnson,FMCGNF
CG,4403,Himalaya Gentle Baby Wipes 72N,Baby Care,Baby Hygiene,Diapers & Wipes,Himalaya,Baby Wipes,The Himalaya Drug Company,FMCGNF
CG,4405,Johnson Baby Skincare Wipes 20N,Baby Care,Baby Hygiene,Diapers & Wipes,Johnson's,Baby Wipes,Johnson & Johnson,FMCGNF
CG,13697,Mamy Poko Pants All Night Absorb | M | Pack of 15,Baby Care,Baby Hygiene,Diapers & Wipes,MamyPoko,Diaper Pants,Unicharm India Pvt Ltd,FMCGNF
CG,104515,"MamyPoko All Night Absorb Baby Diaper Pants (NB, Up to 5 kg, 20 Diapers)",Baby Care,Baby Hygiene,Diapers & Wipes,MamyPoko,Diaper Pants,Unicharm India Pvt Ltd,FMCGNF
CG,12622,MamyPoko Pants All Night Absorb | Large | Pack of 13,Baby Care,Baby Hygiene,Diapers & Wipes,MamyPoko,Diaper Pants,Unicharm India Pvt Ltd,FMCGNF
CG,16242,MamyPoko Pants All Night Absorb | Small | Pack of 18,Baby Care,Baby Hygiene,Diapers & Wipes,MamyPoko,Diaper Pants,Unicharm India Pvt Ltd,FMCGNF
CG,91129,"MamyPoko Standard Crisscross Baby Diaper Pants (L, 9-14 kg, 40 Diapers)",Baby Care,Baby Hygiene,Diapers & Wipes,MamyPoko,Diaper Pants,Unicharm India Pvt Ltd,FMCGNF
CG,91128,"MamyPoko Standard Crisscross Baby Diaper Pants (M, 7-12 kg, 46 Diapers)",Baby Care,Baby Hygiene,Diapers & Wipes,MamyPoko,Diaper Pants,Unicharm India Pvt Ltd,FMCGNF
CG,11582,"Pampers Baby Dry Pant Diapers (M, 7-12 kg, 8 Diapers)",Baby Care,Baby Hygiene,Diapers & Wipes,Pampers,Diaper Pants,Procter & Gamble,FMCGNF
CG,83958,"Pampers Happy Skin Baby Diaper Pants (L, 9-14 kg, 26 Diapers)",Baby Care,Baby Hygiene,Diapers & Wipes,Pampers,Diaper Pants,Procter & Gamble,FMCGNF
CG,82804,"Pampers Happy Skin Baby Diaper Pants (M, 7-12 kg, 30 Diapers)",Baby Care,Baby Hygiene,Diapers & Wipes,Pampers,Diaper Pants,Procter & Gamble,FMCGNF
CG,4550,"Pampers Happy Skin Baby Diaper Pants (NB, 0-5 kg, 10 Diapers)",Baby Care,Baby Hygiene,Diapers & Wipes,Pampers,Diaper Pants,Procter & Gamble,FMCGNF
CG,82803,"Pampers Happy Skin Baby Diaper Pants (S, 4-8 kg, 38 Diapers)",Baby Care,Baby Hygiene,Diapers & Wipes,Pampers,Diaper Pants,Procter & Gamble,FMCGNF
CG,8211,"Pampers Happy Skin Diaper Pants (L, 9 - 14 kg - 7 Diapers)",Baby Care,Baby Hygiene,Diapers & Wipes,Pampers,Diaper Pants,Procter & Gamble,FMCGNF
CG,82789,"Pampers Happy Skin Diaper Pants (S, 4 - 8 kg - 10 Diapers)",Baby Care,Baby Hygiene,Diapers & Wipes,Pampers,Diaper Pants,Procter & Gamble,FMCGNF
CG,30404,Colgate Barbie Extra Soft 5Years+ Kids Toothbrush Pack of 1,Baby Care,Baby Oral and Hair Care,Baby Toothbrushes,Colgate,Kids Toothbrush,Colgate Palmolive,FMCGNF
CG,13769,Colgate Kids 0 to 2 Years Extra Soft Toothbrush 1N,Baby Care,Baby Oral and Hair Care,Baby Toothbrushes,Colgate,Kids Toothbrush,Colgate Palmolive,FMCGNF
CG,10825,Colgate Kids 2+ Years Extra Soft Toothbrush | Pack of 1,Baby Care,Baby Oral and Hair Care,Baby Toothbrushes,Colgate,Kids Toothbrush,Colgate Palmolive,FMCGNF
CG,4445,Gillette Guard Cartridges Pouch 4Pc,Personal Care,Mens Grooming,"Razors, Blades & Cartridges",Gillette,Blades & Cartridges,Procter & Gamble,FMCGNF
CG,86537,Gillette Guard Platinum Coated Razor Blade Cartridge 1N,Personal Care,Mens Grooming,"Razors, Blades & Cartridges",Gillette Guard,Blades & Cartridges,Procter & Gamble,FMCGNF
CG,5033,Gillette Guard Shaving Cream 125g,Personal Care,Mens Grooming,"Shaving Foam, Gel & Cream",Gillette Guard,Shaving Cream,Procter & Gamble,FMCGNF
CG,4442,Gillette Razor Guard 1N,Personal Care,Mens Grooming,"Razors, Blades & Cartridges",Gillette,Razor,Procter & Gamble,FMCGNF
CG,3552,Gillette Razor Presto B3G1 Free,Personal Care,Mens Grooming,"Razors, Blades & Cartridges",Gillette,Razor,Procter & Gamble,FMCGNF
CG,10420,Gillette Shave Brush 1N,Personal Care,Mens Grooming,Grooming Essentials,Gillette,Shaving Brush,Procter & Gamble,FMCGNF
CG,4458,Gillette Wilkinson Sword Razor Blades 5N,Personal Care,Mens Grooming,"Razors, Blades & Cartridges",Gillette,Blades & Cartridges,Procter & Gamble,FMCGNF
CG,11306,Moov Active Spray 35g,Health & Wellness,Pain Relief,Pain Relief Sprays,Moov,Pain Relief Spray,Reckitt Benckiser,FMCGNF
CG,3403,Moov Pain Relief Cream 20g,Health & Wellness,Pain Relief,Pain Relief Creams,Moov,Pain Relief Cream,Reckitt Benckiser,FMCGNF
CG,15692,All Out Ultra | 2 Refills | Pack of 2,Cleaning & Household Needs,Repellents,Mosquito Repellants,All Out,Mosquito Repellent Liquid,S C Johnson Products Pvt. Ltd,FMCGNF
CG,850,All Out Ultra Power Slider Machine + Refill 45ml | Pack of 1,Cleaning & Household Needs,Repellents,Mosquito Repellants,All Out,Mosquito Repellent Liquid,S C Johnson Products Pvt. Ltd,FMCGNF
CG,4334,Good Knight Flash Combo Pack Machine + Refill 1 N,Cleaning & Household Needs,Repellents,Mosquito Repellants,Good Knight,Mosquito Repellent Liquid,Godrej Consumer Products,FMCGNF
CG,76434,Good Knight Flash Mosquito Repellent Refill | 45ml x 2 | Pack of 2,Cleaning & Household Needs,Repellents,Mosquito Repellants,Good Knight,Mosquito Repellent Liquid,Godrej Consumer Products,FMCGNF
CG,4337,HIT Hidden Cockroach Repellent Spray | 200ml | Pack of 1,Cleaning & Household Needs,Repellents,Cockroach Repellants,Hit,Cockroach Repellant Spray,Godrej Consumer Products,FMCGNF
CG,8279,HIT Mosquito and Flies Killer Spray | 625ml | Pack of 1,Cleaning & Household Needs,Repellents,Mosquito Repellants,Hit,Flying Insects Spray,Godrej Consumer Products,FMCGNF
CG,8112,Mortein Power Booster Mosquito Coils 10 Pcs,Cleaning & Household Needs,Repellents,Mosquito Repellants,Mortein,Mosquito Coil,Reckitt Benckiser,FMCGNF
CG,8305,Dabur Red Toothpaste | 200g | Pack of 1,Personal Care,Oral Care,Toothpaste & Tooth Powder,Dabur Red,Toothpaste,Dabur India Limited,FMCGNF
CG,4765,Himalaya Herbals Complete Care Toothpaste 150g,Personal Care,Oral Care,Toothpaste & Tooth Powder,Himalaya,Toothpaste,The Himalaya Drug Company,FMCGNF
CG,5005,Patanjali Dant Kanti Medicated Toothpaste 100g,Personal Care,Oral Care,Toothpaste & Tooth Powder,Patanjali,Toothpaste,Patanjali Ayurved,FMCGNF
CG,5013,Patanjali Dant Kanti Natural Toothpaste - 200g,Personal Care,Oral Care,Toothpaste & Tooth Powder,Patanjali,Toothpaste,Patanjali Ayurved,FMCGNF
CG,11947,Patanjali Dant Kanti Natural Toothpaste | 100g | Pack of 1,Personal Care,Oral Care,Toothpaste & Tooth Powder,Patanjali,Toothpaste,Patanjali Ayurved,FMCGNF
CG,33011,Closeup Everfresh Triple Fresh Formula Toothpaste | 150g | Pack of 1,Personal Care,Oral Care,Toothpaste & Tooth Powder,Close Up,Toothpaste,HUL,FMCGNF
CG,67616,Colgate Max Fresh Toothpaste 81g,Personal Care,Oral Care,Toothpaste & Tooth Powder,Colgate,Toothpaste,Colgate Palmolive,FMCGNF
CG,1353,Colgate Maxfresh Red 150g,Personal Care,Oral Care,Toothpaste & Tooth Powder,Colgate,Toothpaste,Colgate Palmolive,FMCGNF
CG,1346,Colgate Active Salt Toothpaste 100g,Personal Care,Oral Care,Toothpaste & Tooth Powder,Colgate,Toothpaste,Colgate Palmolive,FMCGNF
CG,1362,Colgate Cibaca Toothpaste 175g,Personal Care,Oral Care,Toothpaste & Tooth Powder,Colgate,Toothpaste,Colgate Palmolive,FMCGNF
CG,1363,Colgate Dental Cream Strong Teeth Toothpaste | 200g | Pack of 1,Personal Care,Oral Care,Toothpaste & Tooth Powder,Colgate,Toothpaste,Colgate Palmolive,FMCGNF
CG,11272,Colgate Strong Teeth Toothpaste (Free 15% Extra) 100g | Pack of 1,Personal Care,Oral Care,Toothpaste & Tooth Powder,Colgate,Toothpaste,Colgate Palmolive,FMCGNF
CG,1355,Colgate Strong Teeth Toothpaste 36g,Personal Care,Oral Care,Toothpaste & Tooth Powder,Colgate,Toothpaste,Colgate Palmolive,FMCGNF
CG,5024,Sensodyne Repair & Protect Toothpaste | 100g | Pack of 1,Personal Care,Oral Care,Toothpaste & Tooth Powder,Sensodyne,Toothpaste,GSK,FMCGNF
CG,5026,Sensodyne Toothpaste Fresh Gel | 150g | Pack of 1,Personal Care,Oral Care,Toothpaste & Tooth Powder,Sensodyne,Toothpaste,GSK,FMCGNF
CG,5028,Sensodyne Toothpaste Fresh Gel | 75g | Pack of 1,Personal Care,Oral Care,Toothpaste & Tooth Powder,Sensodyne,Toothpaste,GSK,FMCGNF
CG,5030,Sensodyne Toothpaste Fresh Mint 75g,Personal Care,Oral Care,Toothpaste & Tooth Powder,Sensodyne,Toothpaste,GSK,FMCGNF
CG,10824,Colgate Gentle Sensitive Ultra Soft Pack Of 4 Pcs,Personal Care,Oral Care,Tooth Brush,Colgate,Toothbrush,Colgate Palmolive,FMCGNF
CG,10819,Colgate Super Flexi Gentle Toothbrush 1N,Personal Care,Oral Care,Tooth Brush,Colgate,Toothbrush,Colgate Palmolive,FMCGNF
CG,68281,Oral B Sensitive Care Extra Soft Toothbrush | 5N | Pack of 1,Personal Care,Oral Care,Tooth Brush,Oral B,Toothbrush,Procter & Gamble,FMCGNF
CG,23327,Sensodyne Daily Care Toothbrush 1N,Personal Care,Oral Care,Tooth Brush,Sensodyne,Toothbrush,GSK,FMCGNF
CG,23525,Sensodyne Sensitive Soft | B2G1 Free | Pack of 1,Personal Care,Oral Care,Tooth Brush,Sensodyne,Toothbrush,GSK,FMCGNF
CG,23407,Sensodyne Sensitive Toothbrush 1N,Personal Care,Oral Care,Tooth Brush,Sensodyne,Toothbrush,GSK,FMCGNF
CG,1468,Dabur Red Toothpaste 100g,Personal Care,Oral Care,Toothpaste & Tooth Powder,Dabur Red,Toothpaste,Dabur India Limited,FMCGNF
CG,5023,Sensodyne Rapid Relief Toothpaste 80g,Personal Care,Oral Care,Toothpaste & Tooth Powder,Sensodyne,Toothpaste,GSK,FMCGNF
CG,3514,Boroline Antiseptic Ayurvedic Cream 20g,Health & Wellness,Home Medicines,Antiseptic Cream & Liquid,Boroline,Antiseptic Cream,G D Pharmaceuticals,FMCGNF
CG,3497,Himani Antiseptic Cream Boro Plus 19ml,Health & Wellness,Home Medicines,Antiseptic Cream & Liquid,Boro Plus,Antiseptic Cream,Emami Ltd,FMCGNF
CG,1503,Dettol Antiseptic Liquid 125ml,Health & Wellness,Home Medicines,Antiseptic Cream & Liquid,Dettol,Antiseptic Liquid,Reckitt Benckiser,FMCGNF
CG,4089,Dettol Antiseptic Liquid 550ml | Pack of 1,Health & Wellness,Home Medicines,Antiseptic Cream & Liquid,Dettol,Antiseptic Liquid,Reckitt Benckiser,FMCGNF
CG,3373,Vaseline Skin Protecting Jelly - 40g,Personal Care,Makeup & Cosmetics,Lip Care,Vaseline,Lip Balm,HUL,FMCGNF
CG,3585,Himalaya Lip Balm 10g,Personal Care,Makeup & Cosmetics,Lip Care,Himalaya,Lip Balm,The Himalaya Drug Company,FMCGNF
CG,23979,Vaseline Rosy Lips Care 10g,Personal Care,Makeup & Cosmetics,Lip Care,Vaseline,Lip Balm,HUL,FMCGNF
CG,10665,Dettol Original Liquid Hand Wash | 650ml | Pack of 1,Personal Care,Hand Cleaning Essentials,Liquid Handwash,Dettol,Hand Wash,Reckitt Benckiser,FMCGNF
CG,12261,Dettol Original Liquid Handwash 200ml,Personal Care,Hand Cleaning Essentials,Liquid Handwash,Dettol,Hand Wash,Reckitt Benckiser,FMCGNF
CG,10666,Dettol Skincare Liquid Hand Wash | 675ml | Pack of 1,Personal Care,Hand Cleaning Essentials,Liquid Handwash,Dettol,Hand Wash,Reckitt Benckiser,FMCGNF
CG,14452,Santoor Classic Gentle Hand Wash 650ml,Personal Care,Hand Cleaning Essentials,Liquid Handwash,Santoor,Hand Wash,Wipro Enterprises,FMCGNF
CG,4202,Santoor Hand Wash 200ml (1+1) | Pack of 1,Personal Care,Hand Cleaning Essentials,Liquid Handwash,Santoor,Hand Wash,Wipro Enterprises,FMCGNF
CG,78135,Dettol Powder to Liqud Handwash Refill 8g,Personal Care,Hand Cleaning Essentials,Liquid Handwash,Dettol,Hand Wash,Reckitt Benckiser,FMCGNF
CG,10177,Godrej Magic Power Neem And Aloevera Handwash Refill 9g,Personal Care,Hand Cleaning Essentials,Liquid Handwash,Godrej,Hand Wash,Godrej Consumer Products,FMCGNF
CG,10070,Johnsons Cotton Buds | 75 Stems / 150 Swabs | Pack of 1,Personal Care,Cottons,Cotton Buds,Johnson's,Baby Buds,Johnson & Johnson,FMCGNF
CG,10065,Vicks Vapo Rub 10ml,Health & Wellness,Cough & Cold Relief,Cold Balm,Vicks,Cold Balm,Procter & Gamble,FMCGNF
CG,4315,Vim Bar Best Ever Tub | 480g| Pack of 1,Cleaning & Household Needs,Dish Washing,Dishwash Bars,Vim,Dishwash Bar,HUL,FMCGNF
CG,8582,Vim Dishwash Bar | 110 g + 20 g Free | Pack of 1,Cleaning & Household Needs,Dish Washing,Dishwash Bars,Vim,Dishwash Bar,HUL,FMCGNF
CG,8583,Vim Dishwash Bar With Power of Lemons | 60g | Pack of 1,Cleaning & Household Needs,Dish Washing,Dishwash Bars,Vim,Dishwash Bar,HUL,FMCGNF
CG,14426,Vim Dishwash Liquid Gel Lemon Refill 500ml,Cleaning & Household Needs,Dish Washing,Dishwash Liquid & Gel,Vim,Dishwash Liquid,HUL,FMCGNF
CG,13047,Vim Dishwasher Liquid Bottle 500ml,Cleaning & Household Needs,Dish Washing,Dishwash Liquid & Gel,Vim,Dishwash Liquid,HUL,FMCGNF
CG,11997,Vim Drop Dish Wash Liquid 130ml,Cleaning & Household Needs,Dish Washing,Dishwash Liquid & Gel,Vim,Dishwash Liquid,HUL,FMCGNF
CG,8580,Vim Liquid Dish Washing Gel | 250ml | Pack of 1,Cleaning & Household Needs,Dish Washing,Dishwash Liquid & Gel,Vim,Dishwash Liquid,HUL,FMCGNF
CG,4261,Pitambari Copper & Brass Cleaner | 200g | Pack of 1,Cleaning & Household Needs,Dish Washing,Dishwash Powder,Pitambari,Dishwash Powder,Pitambari Products,FMCGNF
CG,8348,Vim Lemon Dishwash Bar 300g,Cleaning & Household Needs,Dish Washing,Dishwash Bars,Vim,Dishwash Bar,HUL,FMCGNF
CG,8090,Colin House Cleaner 250ml,Cleaning & Household Needs,Disinfectant & Cleaners,Multipurpose Cleaner,Colin,Multipurpose Cleaner,Reckitt Benckiser,FMCGNF
CG,77772,Colin Sparkling Shine Glass & Multi-Surface Cleaner | 500ml | Pack of 1,Cleaning & Household Needs,Disinfectant & Cleaners,Multipurpose Cleaner,Colin,Multipurpose Cleaner,Reckitt Benckiser,FMCGNF
CG,75390,Harpic Drain Xpert Powder | 50g | Pack of 1,Cleaning & Household Needs,Disinfectant & Cleaners,Drain Cleaners,Harpic,Drain Cleaner,Reckitt Benckiser,FMCGNF
CG,8064,Harpic Flushmatic Aqua Marine 100g,Cleaning & Household Needs,Disinfectant & Cleaners,Toilet Cleaner,Harpic,Toilet Cleaning Tablet,Reckitt Benckiser,FMCGNF
CG,11207,Harpic Lemon Bathroom Cleaner | 500ml | Pack of 1,Cleaning & Household Needs,Disinfectant & Cleaners,Bathroom Cleaners,Harpic,Bathroom Cleaner,Reckitt Benckiser,FMCGNF
CG,8063,Harpic Power Plus 10X Max Toilet Cleaner | 900ml | Pack of 1,Cleaning & Household Needs,Disinfectant & Cleaners,Toilet Cleaner,Harpic,Toilet Cleaner,Reckitt Benckiser,FMCGNF
CG,8328,Harpic Power Plus Original Toilet Cleaner | 500ml | Pack of 1,Cleaning & Household Needs,Disinfectant & Cleaners,Toilet Cleaner,Harpic,Toilet Cleaner,Reckitt Benckiser,FMCGNF
CG,8082,Harpic Power Plus Original Toilet Cleaner 200ml,Cleaning & Household Needs,Disinfectant & Cleaners,Toilet Cleaner,Harpic,Toilet Cleaner,Reckitt Benckiser,FMCGNF
CG,4251,Lizol Citrus Surface Cleaner | 500ml | Pack of 1,Cleaning & Household Needs,Disinfectant & Cleaners,Floor & Surface Cleaners,Lizol,Floor Cleaner,Reckitt Benckiser,FMCGNF
CG,4248,Lizol Citrus Surface Cleaner | 975ml | Pack of 1,Cleaning & Household Needs,Disinfectant & Cleaners,Floor & Surface Cleaners,Lizol,Floor Cleaner,Reckitt Benckiser,FMCGNF
CG,4247,Lizol Floral All In 1 Disinfectant Surface Cleaner | 500ml | Pack of 1,Cleaning & Household Needs,Disinfectant & Cleaners,Floor & Surface Cleaners,Lizol,Floor Cleaner,Reckitt Benckiser,FMCGNF
CG,4253,Nimyle Floor Cleaner Citro | 890ml | Pack of 1,Cleaning & Household Needs,Disinfectant & Cleaners,Floor & Surface Cleaners,Nimyle,Floor Cleaner,ITC Ltd,FMCGNF
CG,8091,Patanjali Gonyle Floor Cleaner | 1 L | Pack of 1,Cleaning & Household Needs,Disinfectant & Cleaners,Floor & Surface Cleaners,Patanjali,Floor Cleaner,Patanjali Ayurved,FMCGNF
CG,70507,Rin Detergent Bar | 4 x 250g | Pack of 1,Cleaning & Household Needs,Laundry Care,Detergent Bars,Rin,Detergent Bar,HUL,FMCGNF
CG,840,Active Wheel 2in1 Detergent Powder 500g,Cleaning & Household Needs,Laundry Care,Detergent Powder,Active Wheel,Detergent Powder,HUL,FMCGNF
CG,4198,Rin Detergent Bar 145g,Cleaning & Household Needs,Laundry Care,Detergent Bars,Rin,Detergent Bar,HUL,FMCGNF
CG,9954,Surf Excel Big Bar 150g,Cleaning & Household Needs,Laundry Care,Detergent Bars,Surf Excel,Detergent Bar,HUL,FMCGNF
CG,9953,Surf Excel Big Bar 250g,Cleaning & Household Needs,Laundry Care,Detergent Bars,Surf Excel,Detergent Bar,HUL,FMCGNF
CG,15846,Surf Excel Detergent Bar | 200g x 4 | Pack of 4,Cleaning & Household Needs,Laundry Care,Detergent Bars,Surf Excel,Detergent Bar,HUL,FMCGNF
CG,4760,Surf Excel Stain Eraser Detergent Bar 80g,Cleaning & Household Needs,Laundry Care,Detergent Bars,Surf Excel,Detergent Bar,HUL,FMCGNF
CG,838,Active Wheel 2 in 1 Clean & Fresh Detergent Powder | 1 Kg | Pack of 1,Cleaning & Household Needs,Laundry Care,Detergent Powder,Active Wheel,Detergent Powder,HUL,FMCGNF
CG,8087,Ariel Perfect Wash Blue Detergent Powder 1Kg | Pack of 1,Cleaning & Household Needs,Laundry Care,Detergent Powder,Ariel,Detergent Powder,Procter & Gamble,FMCGNF
CG,4267,Revive Liquid Stiffener 200g,Cleaning & Household Needs,Laundry Care,Fabric Conditioner & Whitener,Revive,Fabric Stiffener liquid,Marico limited,FMCGNF
CG,10588,Ghadi Detergent Powder | 1 Kg | Pack of 1,Cleaning & Household Needs,Laundry Care,Detergent Powder,Ghadi,Detergent Powder,RSPL Group,FMCGNF
CG,22682,Ghadi Detergent Powder | 3kg | Pack of 1,Cleaning & Household Needs,Laundry Care,Detergent Powder,Ghadi,Detergent Powder,RSPL Group,FMCGNF
CG,7997,Patanjali Herbal Wash Detergent Powder - 900g,Cleaning & Household Needs,Laundry Care,Detergent Powder,Patanjali,Detergent Powder,Patanjali Ayurved,FMCGNF
CG,4286,Surf Excel Easy Wash Detergent Powder | 1 Kg | Pack of 1,Cleaning & Household Needs,Laundry Care,Detergent Powder,Surf Excel,Detergent Powder,HUL,FMCGNF
CG,5185,Surf Excel Easy Wash Detergent Powder | 3kg | Pack of 1,Cleaning & Household Needs,Laundry Care,Detergent Powder,Surf Excel,Detergent Powder,HUL,FMCGNF
CG,8080,Surf Excel Easy Wash Detergent Powder | 500g | Pack of 1,Cleaning & Household Needs,Laundry Care,Detergent Powder,Surf Excel,Detergent Powder,HUL,FMCGNF
CG,8097,Surf Excel Easy Wash Detergent Powder 70g,Cleaning & Household Needs,Laundry Care,Detergent Powder,Surf Excel,Detergent Powder,HUL,FMCGNF
CG,17864,Tide Double Power Jasmine & Rose 1Kg | Pack of 1,Cleaning & Household Needs,Laundry Care,Detergent Powder,Tide,Detergent Powder,Procter & Gamble,FMCGNF
CG,8066,Tide Fresh & Clean Detergent Powder 1 Kg,Cleaning & Household Needs,Laundry Care,Detergent Powder,Tide,Detergent Powder,Procter & Gamble,FMCGNF
CG,10716,Tide Naturals Lemon and Chandan | 1 Kg | Pack of 1,Cleaning & Household Needs,Laundry Care,Detergent Powder,Tide,Detergent Powder,Procter & Gamble,FMCGNF
CG,1368,Comfort Fabric Conditioner Morning Fresh | 210ml | Pack of 1,Cleaning & Household Needs,Laundry Care,Fabric Conditioner & Whitener,Comfort,Fabric Conditioner,HUL,FMCGNF
CG,12872,Comfort Morning Fresh (Blue) Fabric Conditioner | 860ml | Pack of 1,Cleaning & Household Needs,Laundry Care,Fabric Conditioner & Whitener,Comfort,Fabric Conditioner,HUL,FMCGNF
CG,9952,Rin Fabric Whitener | 500ml | Pack of 1,Cleaning & Household Needs,Laundry Care,Fabric Conditioner & Whitener,Rin,Fabric Whitener,HUL,FMCGNF
CG,8347,Ujala Supreme | 250ml | Pack of 1,Cleaning & Household Needs,Laundry Care,Fabric Conditioner & Whitener,Ujala,Fabric Whitener,Jyothy Labs,FMCGNF
CG,42940,Godrej Ezee Liquid Detergent | 470 ml | Pack of 1,Cleaning & Household Needs,Laundry Care,Detergent Liquid,Godrej,Liquid Detergent,Godrej Consumer Products,FMCGNF
CG,98416,Godrej Fab Liquid Detergent Refill Pouch For Machine & Hand Wash | 950ml | Pack of 1,Cleaning & Household Needs,Laundry Care,Detergent Liquid,Godrej,Liquid Detergent,Godrej Consumer Products,FMCGNF
CG,35727,Surf Excel Matic Front Load Liquid Detergent Pouch | 2L | Pack of 1,Cleaning & Household Needs,Laundry Care,Detergent Liquid,Surf Excel,Liquid Detergent,HUL,FMCGNF
CG,30265,Surf Excel Matic Top Load Liquid Detergent Pouch | 2L | Pack of 1,Cleaning & Household Needs,Laundry Care,Detergent Liquid,Surf Excel,Liquid Detergent,HUL,FMCGNF
CG,8299,Aer power Pocket Floral Delight - 10g,Cleaning & Household Needs,Fresheners,Air Fresheners,Godrej Aer,Air Freshener,Godrej Consumer Products,FMCGNF
CG,1489,Denver Black Code Body Spray 150ml,Personal Care,Fragrances,Deodorants,Denver,Men's Deodorant,Vanesa Care Pvt Ltd,FMCGNF
CG,1492,Denver Hamilton Deodorant 150ml | Pack of 1,Personal Care,Fragrances,Deodorants,Denver,Men's Deodorant,Vanesa Care Pvt Ltd,FMCGNF
CG,1497,Denver Imperial Deodorant Spray For Men 150ml | Pack of 1,Personal Care,Fragrances,Deodorants,Denver,Men's Deodorant,Vanesa Care Pvt Ltd,FMCGNF
CG,1602,Godrej Aer Pocket Air Freshner Bright Tangy 10g,Cleaning & Household Needs,Fresheners,Air Fresheners,Godrej Aer,Air Freshener,Godrej Consumer Products,FMCGNF
CG,3986,Godrej Aer Power Pocket Blossom 10g,Cleaning & Household Needs,Fresheners,Air Fresheners,Godrej Aer,Air Freshener,Godrej Consumer Products,FMCGNF
CG,1606,Godrej Aer Room Freshener Fresh Lush Green - 220ml,Cleaning & Household Needs,Fresheners,Air Fresheners,Godrej Aer,Air Freshener,Godrej Consumer Products,FMCGNF
CG,1607,Godrej Aer Room Freshener Rose Blossom | 200ml | Pack of 1,Cleaning & Household Needs,Fresheners,Air Fresheners,Godrej,Air Freshener,Godrej Consumer Products,FMCGNF
CG,8297,Godrej Aer Spray Lavender Bloom Room Freshener | 200ml | Pack of 1,Cleaning & Household Needs,Fresheners,Air Fresheners,Godrej,Air Freshener,Godrej Consumer Products,FMCGNF
CG,3993,Godrej Lavender Bloom Power Pocket Aer | 10g | Pack of 1,Cleaning & Household Needs,Fresheners,Air Fresheners,Godrej Aer,Air Freshener,Godrej Consumer Products,FMCGNF
CG,14421,Nivea Pearl & Beauty Radiance White Pearl Deodorant Roll On | 25ml | Pack of 1,Personal Care,Fragrances,Roll On,Nivea,Womens Roll On,Nivea India Pvt. Ltd.,FMCGNF
CG,12451,Odonil Air Freshener Jasmine Mint 48 g,Cleaning & Household Needs,Fresheners,Air Fresheners,Odonil,Air Freshener,Dabur India Limited,FMCGNF
CG,74090,Odonil Air Freshener Lavendar Meadows 72g,Cleaning & Household Needs,Fresheners,Air Fresheners,Odonil,Air Freshener,Dabur India Limited,FMCGNF
CG,29164,Odonil Assorted Air Freshener | 192g | Pack of 4,Cleaning & Household Needs,Fresheners,Air Fresheners,Odonil,Air Freshener,Dabur India Limited,FMCGNF
CG,10702,Odonil Lavender Air Freshner 48g,Cleaning & Household Needs,Fresheners,Air Fresheners,Odonil,Air Freshener,Dabur India Limited,FMCGNF
CG,13107,Himalaya Aloe Vera Face Gel 100ml,Personal Care,Face & Skin Care,Face Cream & Gel,Himalaya,Face Gel,The Himalaya Drug Company,FMCGNF
CG,2983,Patanjali Soundarya Aloe Vera Gel 150ml,Personal Care,Face & Skin Care,Face Cream & Gel,Patanjali,Face Gel,Patanjali Ayurved,FMCGNF
CG,3608,Joy Honey & Almond Body Lotion | 300ml | Pack of 1,Personal Care,Face & Skin Care,"Body Oil, Lotion & Moisturizer",Joy,Body Lotion,RSH Global Pvt Ltd,FMCGNF
CG,4310,Vaseline Intensive Care Deep Moisture Body Lotion | 85ml | Pack of 1,Personal Care,Face & Skin Care,"Body Oil, Lotion & Moisturizer",Vaseline,Body Lotion,HUL,FMCGNF
CG,12824,Vaseline Intensive Care Deep Restore With Pure Oat Extract | 400ml | Pack of 1,Personal Care,Face & Skin Care,"Body Oil, Lotion & Moisturizer",Vaseline,Body Lotion,HUL,FMCGNF
CG,3537,Fem Fairness Naturals Gold Bleach 24g,Personal Care,Face & Skin Care,Bleach Creams,Fem,Bleach Cream,Dabur India Limited,FMCGNF
CG,72289,Glow & Lovely Natural Glow Face Cream Ayurvedic Care+ 50g,Personal Care,Face & Skin Care,Face Cream & Gel,Glow & Lovely,Face Cream,HUL,FMCGNF
CG,11588,Garnier Men Turbo Bright Anti Pollution Face Wash 50g,Personal Care,Face & Skin Care,Face Wash & Cleanser,Garnier Men,Mens Face Wash,L'Oreal India Pvt. Ltd.,FMCGNF
CG,83208,Lakme Peach Milk Cream Moisturiser | 100g | Pack of 1,Personal Care,Face & Skin Care,Face Cream & Gel,Lakme,Face Cream,HUL,FMCGNF
CG,79399,Lakme Peach Milk 24 Hour Moisture Lock Non Sticky Soft Creme 50g,Personal Care,Face & Skin Care,Face Cream & Gel,Lakme,Face Cream,HUL,FMCGNF
CG,3673,Nivea Creme 60ml,Personal Care,Face & Skin Care,Face Cream & Gel,Nivea,Face Cream,Nivea India Pvt. Ltd.,FMCGNF
CG,3684,Nivea Soft Light Moisture | 100ml | Pack of 1,Personal Care,Face & Skin Care,Face Cream & Gel,Nivea,Face Cream,Nivea India Pvt. Ltd.,FMCGNF
CG,87576,Pond's Bright Beauty Serum Cream | 24 g | Pack of 1,Personal Care,Face & Skin Care,Face Cream & Gel,Pond's,Face Cream,HUL,FMCGNF
CG,67638,Ponds Super Light Gel Hydrated Glow 50ml | Pack of 1,Personal Care,Face & Skin Care,Face Cream & Gel,Pond's,Face Cream,HUL,FMCGNF
CG,8620,White Tone Soft & Smooth Face Cream 50g,Personal Care,Face & Skin Care,Face Cream & Gel,White Tone,Face Cream,Vini Cosmetics Pvt. Ltd.,FMCGNF
CG,8619,White Tone Soft And Smooth Face Cream 25g,Personal Care,Face & Skin Care,Face Cream & Gel,White Tone,Face Cream,Vini Cosmetics Pvt. Ltd.,FMCGNF
CG,4704,Everyuth Naturals Walnut Scrub | 50g | Pack of 1,Personal Care,Face & Skin Care,Scrub & Exfoliators,EverYuth,Face Scrub,Zydus Wellness Products Ltd,FMCGNF
CG,1326,Clean & Clear Foaming Face Wash | 100ml | Pack of 1,Personal Care,Face & Skin Care,Face Wash & Cleanser,Clean & Clear,Face Wash,Johnson & Johnson,FMCGNF
CG,1327,Clean & Clear Foaming Face Wash 50ml | Pack of 1,Personal Care,Face & Skin Care,Face Wash & Cleanser,Clean & Clear,Face Wash,Johnson & Johnson,FMCGNF
CG,85252,Garnier Bright Complete Vitamin C Foam Face Wash 50g,Personal Care,Face & Skin Care,Face Wash & Cleanser,Garnier,Face Wash,L'Oreal India Pvt. Ltd.,FMCGNF
CG,4714,Garnier Men Acno Fight Face Wash 50g,Personal Care,Face & Skin Care,Face Wash & Cleanser,Garnier Men,Mens Face Wash,L'Oreal India Pvt. Ltd.,FMCGNF
CG,4724,Himalaya Face Wash Purifying Neem Tube 50ml,Personal Care,Face & Skin Care,Face Wash & Cleanser,Himalaya,Face Wash,The Himalaya Drug Company,FMCGNF
CG,4734,Himalaya Purifying Neem Face Wash Tube - 150ml,Personal Care,Face & Skin Care,Face Wash & Cleanser,Himalaya,Face Wash,The Himalaya Drug Company,FMCGNF
CG,96345,Joy Skin Fruits Spots & Tan Clear Face Wash | 100ml | Buy 1 Get 1 Free,Personal Care,Face & Skin Care,Face Wash & Cleanser,Joy,Face Wash,RSH Global Pvt Ltd,FMCGNF
CG,4756,Patanjali Saundarya Face Wash | 60 g | Pack of 1,Personal Care,Face & Skin Care,Face Wash & Cleanser,Patanjali,Face Wash,Patanjali Ayurved,FMCGNF
CG,33003,Ponds Bright Beauty Vitamin B3 Face Wash 50g,Personal Care,Face & Skin Care,Face Wash & Cleanser,Pond's,Face Wash,HUL,FMCGNF
CG,10401,Ponds Bright Miracle Detox Facewash 50g,Personal Care,Face & Skin Care,Face Wash & Cleanser,Pond's,Face Wash,HUL,FMCGNF
CG,67777,Ponds Pure Detox Anti-Pollution Purity Face Wash 100g,Personal Care,Face & Skin Care,Face Wash & Cleanser,Pond's,Face Wash,HUL,FMCGNF
CG,4134,Himalaya Purifying Neem Facial Wipes 10N,Personal Care,Face & Skin Care,"Facial Kit, Mask & Wipes",Himalaya,Facial Wipes,The Himalaya Drug Company,FMCGNF
CG,1439,Dabur Gulabari Face Freshener 100ml,Personal Care,Face & Skin Care,"Face Serum,Toner & Rose Water",Dabur Gulabari,Rose Water,Dabur India Limited,FMCGNF
CG,4179,Ponds Cold Cream | 55ml | Pack of 1,Personal Care,Face & Skin Care,Face Cream & Gel,Pond's,Cold Cream,HUL,FMCGNF
CG,8400,Dabur Gulabari Premium Rose Water 120ml,Personal Care,Face & Skin Care,"Face Serum,Toner & Rose Water",Dabur Gulabari,Rose Water,Dabur India Limited,FMCGNF
CG,43535,Joy Sun Screen Body Lotion 300ml,Personal Care,Face & Skin Care,Sunscreen,Joy,Sunscreen,RSH Global Pvt Ltd,FMCGNF
CG,29491,Lakme Peach Milk SPF 30 Moisturiser 60ml,Personal Care,Face & Skin Care,Sunscreen,Lakme,Sunscreen,HUL,FMCGNF
CG,34717,Ponds Super Light Gel | 25ml | Pack of 1,Personal Care,Face & Skin Care,Face Cream & Gel,Pond's,Face Cream,HUL,FMCGNF
CG,14755,Lotus Herbals Safe Sun 3in1 Matte Look Daily Sun Block Cream SPF 40 50g,Personal Care,Face & Skin Care,Sunscreen,Lotus,Sunscreen,Lotus Herbals,FMCGNF
CG,3712,Vicco Turmeric Skin Cream 30g,Personal Care,Face & Skin Care,Face Cream & Gel,Vicco,Face Cream,Vicco Laboratories,FMCGNF
CG,18175,Navratna Cool Talc Active Deo 400g,Personal Care,Face & Skin Care,Talcum Powder,Navratna,Talcum Powder,Emami Ltd,FMCGNF
CG,3689,Nycil Germ Expert Cool Herbal 150g + Nycil Cool Herbal 50g Free,Personal Care,Face & Skin Care,Talcum Powder,Nycil,Talcum Powder,Zydus Wellness Products Ltd,FMCGNF
CG,33004,Ponds Dream Flower Fragant Talcum Powder 80g,Personal Care,Face & Skin Care,Talcum Powder,Pond's,Talcum Powder,HUL,FMCGNF
CG,70881,Ponds Magic Freshness Talcum Powder | 80g | Pack of 1,Personal Care,Face & Skin Care,Talcum Powder,Pond's,Talcum Powder,HUL,FMCGNF
CG,4575,White Tone Face Powder 30g,Personal Care,Face & Skin Care,Talcum Powder,White Tone,Talcum Powder,Vini Cosmetics Pvt. Ltd.,FMCGNF
CG,8354,White Tone Face Powder With Softshade Formula 70g,Personal Care,Face & Skin Care,Talcum Powder,White Tone,Talcum Powder,Vini Cosmetics Pvt. Ltd.,FMCGNF
CG,10796,Fogg Paradise Womens Body Spray 150ml,Personal Care,Fragrances,Deodorants,Fogg,Womens Deodrant,Vini Cosmetics Pvt. Ltd.,FMCGNF
CG,10794,Fogg Marco Body Spray 120ml,Personal Care,Fragrances,Deodorants,Fogg,Men's Deodorant,Vini Cosmetics Pvt. Ltd.,FMCGNF
CG,13711,Fogg Dynamic Fragrance Body Spray 150ml,Personal Care,Fragrances,Deodorants,Fogg,Men's Deodorant,Vini Cosmetics Pvt. Ltd.,FMCGNF
CG,10790,Fogg Napolean Body Spray 120ml,Personal Care,Fragrances,Deodorants,Fogg,Men's Deodorant,Vini Cosmetics Pvt. Ltd.,FMCGNF
CG,16574,Gillette Venus Razor Pink | 1N | Pack of 1,Personal Care,Feminine Hygiene,"Razors, Blades & Cartridges",Gillette Venus,Women Cartridge Razors,Procter & Gamble,FMCGNF
CG,14383,Stayfree Sanitary Pads Dry Max All Night Ultra Dry XXL,Personal Care,Feminine Hygiene,Sanitary Pads,Johnson's,Sanitary Pad,Johnson & Johnson,FMCGNF
CG,4567,Stayfree Secure Cottony Soft Cover Pads With Wings XL 6 N,Personal Care,Feminine Hygiene,Sanitary Pads,Johnson's,Sanitary Pad,Johnson & Johnson,FMCGNF
CG,83918,Stayfree Secure Cottony Soft Cover Regular Sanitary Pads | 18N | Pack of 1,Personal Care,Feminine Hygiene,Sanitary Pads,Stayfree,Sanitary Pad,Johnson & Johnson,FMCGNF
CG,82422,Stayfree Secure Cottony XL | Pack of 18 Pads,Personal Care,Feminine Hygiene,Sanitary Pads,Stayfree,Sanitary Pad,Johnson & Johnson,FMCGNF
CG,17696,Veet Hair Removal Cream For Normal Skin 30g,Personal Care,Feminine Hygiene,Hair Removal Creams & Sprays,Veet,Hair Removal Cream,Reckitt Benckiser,FMCGNF
CG,9963,Stayfree Cottony XL Sanitary Pads | Pack of 40 Pads,Personal Care,Feminine Hygiene,Sanitary Pads,Stayfree,Sanitary Pad,Johnson & Johnson,FMCGNF
CG,79074,Ultra Whisper No Gap No Leaks Xl+ 7N | Pack of 1,Personal Care,Feminine Hygiene,Sanitary Pads,Whisper,Sanitary Pad,Procter & Gamble,FMCGNF
CG,10717,Whisper Bindazzz Night XXL | 30 Pads | Pack of 1,Personal Care,Feminine Hygiene,Sanitary Pads,Whisper,Sanitary Pad,Procter & Gamble,FMCGNF
CG,11577,Whisper Ultra Bindazzz Nights XXL | 15 Pads | Pack of 1,Personal Care,Feminine Hygiene,Sanitary Pads,Whisper,Sanitary Pad,Procter & Gamble,FMCGNF
CG,81308,Whisper Choice Night Sanitary Pads XXL 16 N,Personal Care,Feminine Hygiene,Sanitary Pads,Whisper,Sanitary Pad,Procter & Gamble,FMCGNF
CG,42781,Whisper Choice Regular | 15 Pads | Pack of 1,Personal Care,Feminine Hygiene,Sanitary Pads,Whisper,Sanitary Pad,Procter & Gamble,FMCGNF
CG,11578,Whisper Choice Ultra XL - 6 Pads,Personal Care,Feminine Hygiene,Sanitary Pads,Whisper,Sanitary Pad,Procter & Gamble,FMCGNF
CG,8605,Whisper Choice Ultra XL | Pack of 20 Pads,Personal Care,Feminine Hygiene,Sanitary Pads,Whisper,Sanitary Pad,Procter & Gamble,FMCGNF
CG,15737,Whisper Choice XL Sanitary Pads 280mm | Pack of 18 Pads,Personal Care,Feminine Hygiene,Sanitary Pads,Whisper,Sanitary Pad,Procter & Gamble,FMCGNF
CG,964,Bajaj Almond Drops Hair Oil | 180ml | Pack of 1,Personal Care,Hair Care,Hair Oil,Bajaj,Almond Hair Oil,Bajaj Consumer Care Ltd.,FMCGNF
CG,963,Bajaj Almond Drops Hair Oil 95ml,Personal Care,Hair Care,Hair Oil,Bajaj,Almond Hair Oil,Bajaj Consumer Care Ltd.,FMCGNF
CG,1332,Clinic Plus Strong & Long Health Shampoo | 175ml | Pack of 1,Personal Care,Hair Care,Shampoo,Clinic Plus,Shampoo,HUL,FMCGNF
CG,8303,Dabur Amla Hair Oil | 180ml | Pack of 1,Personal Care,Hair Care,Hair Oil,Dabur,Amla Hair Oil,Dabur India Limited,FMCGNF
CG,73485,Dabur Sarso Amla Hair Oil 300ml,Personal Care,Hair Care,Hair Oil,Dabur,Amla Hair Oil,Dabur India Limited,FMCGNF
CG,1476,Dabur Sarson Amla Hair Oil | 170ml | Pack of 1,Personal Care,Hair Care,Hair Oil,Dabur,Amla Hair Oil,Dabur India Limited,FMCGNF
CG,13058,Clinic Plus Strong & Thick Shampoo 175ml,Personal Care,Hair Care,Shampoo,Clinic Plus,Shampoo,HUL,FMCGNF
CG,1561,Dove Hair Fall Rescue Conditioner 75ml,Personal Care,Hair Care,Hair Conditioner,Dove,Conditioner,HUL,FMCGNF
CG,8391,Clinic Plus Strong & Long Health Shampoo 355ml | Pack of 1,Personal Care,Hair Care,Shampoo,Clinic Plus,Shampoo,HUL,FMCGNF
CG,3732,Garnier Black Creamy 3 Brown Black Hair Color 20M+20g,Personal Care,Hair Care,Hair Colour & Dyes,Garnier,Hair Colour,L'Oreal India Pvt. Ltd.,FMCGNF
CG,3729,Garnier Black Natural 3.16 Burgndy Hair Color 20ml,Personal Care,Hair Care,Hair Colour & Dyes,Garnier,Hair Colour,L'Oreal India Pvt. Ltd.,FMCGNF
CG,3733,Garnier Black Natural Cream 2 Original Black Hair Color 20M+20g,Personal Care,Hair Care,Hair Colour & Dyes,Garnier,Hair Colour,L'Oreal India Pvt. Ltd.,FMCGNF
CG,11591,Garnier Black Naturals 1.0 Hair Color 20ml + 20g,Personal Care,Hair Care,Hair Colour & Dyes,Garnier,Hair Colour,L'Oreal India Pvt. Ltd.,FMCGNF
CG,29559,Godrej Expert Rich Creme Hair Color 11g+11ml,Personal Care,Hair Care,Hair Colour & Dyes,Godrej,Hair Colour,Godrej Consumer Products,FMCGNF
CG,3688,Godrej Nupur Henna Mehendi | 65 g | Pack of 1,Personal Care,Hair Care,Hair Colour & Dyes,Godrej,Mehendi,Godrej Consumer Products,FMCGNF
CG,10326,Hair & Care Aloe Vera Hair Oil 100ml,Personal Care,Hair Care,Hair Oil,Hair & Care,Hair Oil,Marico limited,FMCGNF
CG,1578,Dove Daily Shine Shampoo | 180ml | Pack of 1,Personal Care,Hair Care,Shampoo,Dove,Shampoo,HUL,FMCGNF
CG,4972,Himani Cool Hair Oil Navratna 90ml,Personal Care,Hair Care,Hair Oil,Navratna,Hair Oil,Emami Ltd,FMCGNF
CG,3798,L'Oreal Hair Total Repair Hair Conditioner | 175ml | Pack of 1,Personal Care,Hair Care,Hair Conditioner,L'Oreal Paris,Conditioner,L'Oreal India Pvt. Ltd.,FMCGNF
CG,12963,Dove Nutritive Solution Hair Fall Rescue Shampoo | 180ml | Pack of 1,Personal Care,Hair Care,Shampoo,Dove,Shampoo,HUL,FMCGNF
CG,3810,Livon Silky Hair Serum 50ml,Personal Care,Hair Care,Hair Serum,Livon,Hair Serum,Marico limited,FMCGNF
CG,4981,Nihar Naturals Coconut Hair Oil | 200ml | Pack of 1,Personal Care,Hair Care,Hair Oil,Nihar,Coconut Hair Oil,Marico limited,FMCGNF
CG,1570,Dove Anti Dandruff Care Shampoo 180ml,Personal Care,Hair Care,Shampoo,Dove,Shampoo,HUL,FMCGNF
CG,10712,Head & Shoulder Anti Dandruff Smooth & Silky Shampoo 72ml,Personal Care,Hair Care,Shampoo,Head & Shoulders,Shampoo,Procter & Gamble,FMCGNF
CG,3730,Garnier Black Natural 4 + Natural Brown Hair Color 20ml,Personal Care,Hair Care,Hair Colour & Dyes,Garnier,Hair Colour,L'Oreal India Pvt. Ltd.,FMCGNF
CG,9219,Hair & Care Non Sticky Hair Oil For Damage Repair Aloe Vera Olive Oil & Green Tea 200ml,Personal Care,Hair Care,Hair Oil,Hair & Care,Hair Oil,Marico limited,FMCGNF
CG,11600,L'Oreal Paris Total Repair 5 Damaged Hair Shampoo | 180ml | Pack of 1,Personal Care,Hair Care,Shampoo,L'Oreal Paris,Shampoo,L'Oreal India Pvt. Ltd.,FMCGNF
CG,3819,Loreal Paris 6 Oil Nourishing Conditioner 180ml,Personal Care,Hair Care,Hair Conditioner,L'Oreal Paris,Conditioner,L'Oreal India Pvt. Ltd.,FMCGNF
CG,9206,Nihar Naturals Shanti Badam Amla Hair Oil 240ml,Personal Care,Hair Care,Hair Oil,Nihar,Amla Hair Oil,Marico limited,FMCGNF
CG,96843,Nisha Hair Color Powder Natural Brown 25g,Personal Care,Hair Care,Hair Colour & Dyes,Nisha,Hair Colour,Yutika Natural Pvt Ltd,FMCGNF
CG,46933,Nisha Natural Black Herbal Care 25g,Personal Care,Hair Care,Hair Colour & Dyes,Nisha,Hair Colour,Yutika Natural Pvt Ltd,FMCGNF
CG,4996,Parachute Advanced Jasmine Coconut Hair Oil 90ml,Personal Care,Hair Care,Hair Oil,Parachute Advansed,Coconut Hair Oil,Marico limited,FMCGNF
CG,5003,Parachute Coconut Oil Bottle | 100ml | Pack of 1,Personal Care,Hair Care,Hair Oil,Parachute,Coconut Hair Oil,Marico limited,FMCGNF
CG,23642,Parachute Coconut Oil Bottle | 600ml | Pack of 1,Personal Care,Hair Care,Hair Oil,Parachute,Coconut Hair Oil,Marico limited,FMCGNF
CG,12463,Parachute Coconut Oil Bottle 200ml,Personal Care,Hair Care,Hair Oil,Parachute,Coconut Hair Oil,Marico limited,FMCGNF
CG,27354,Parachute Coconut Oil Bottle | 300ml | Pack of 1,Personal Care,Hair Care,Hair Oil,Parachute,Coconut Hair Oil,Marico limited,FMCGNF
CG,77843,L'Oreal Paris Hyaluron Moisture Hyaluronic Acid Shampoo | 180ml | Pack of 1,Personal Care,Hair Care,Shampoo,L'Oreal Paris,Shampoo,L'Oreal India Pvt. Ltd.,FMCGNF
CG,3892,Streax Hair Serum Vitamin C with Walnut Oil 45ml,Personal Care,Hair Care,Hair Serum,Streax,Hair Serum,Hygienic Research Institute,FMCGNF
CG,12585,Streax Insta 1 Natural Black Colour Shampoo 18ml,Personal Care,Hair Care,Hair Colour & Dyes,Streax,Hair Colour,Hygienic Research Institute,FMCGNF
CG,14320,Patanjali Kesh Kanti Natural Hair Cleanser Shampoo 180ml,Personal Care,Hair Care,Shampoo,Patanjali,Shampoo,Patanjali Ayurved,FMCGNF
CG,8555,Sunsilk Black Shampoo | 180ml | Pack of 1,Personal Care,Hair Care,Shampoo,Sunsilk,Shampoo,HUL,FMCGNF
CG,10028,Sunslik Lusciosly Thick & Long Sampoo 180ml,Personal Care,Hair Care,Shampoo,Sunsilk,Shampoo,HUL,FMCGNF
CG,35735,Tresemme Keratin Smooth Conditioner | 80ml | Pack of 1,Personal Care,Hair Care,Hair Conditioner,Tresemme,Conditioner,HUL,FMCGNF
CG,3893,Streax Insta Burgundy 3.16 Shampoo Hair Color 18ml,Personal Care,Hair Care,Hair Colour & Dyes,Streax,Hair Colour,Hygienic Research Institute,FMCGNF
CG,10031,Sunsilk Stunning Black Shine Shampoo - 350ml,Personal Care,Hair Care,Shampoo,Sunsilk,Shampoo,HUL,FMCGNF
CG,3911,Tresemme Keratin Smooth Argan Oil Shampoo | 180ml | Pack of 1,Personal Care,Hair Care,Shampoo,Tresemme,Shampoo,HUL,FMCGNF
CG,15865,Tresemme Keratin Smooth With Keratin & Argan Shampoo - 340ml,Personal Care,Hair Care,Shampoo,Tresemme,Shampoo,HUL,FMCGNF
CG,4988,Parachute Advansed Hair Oil Aloe Vera + Enriched Coconut 150ml,Personal Care,Hair Care,Hair Oil,Parachute Advansed,Coconut Hair Oil,Marico limited,FMCGNF
CG,97027,Dettol Icy Cool Soap 100g x 5N,Personal Care,Bath & Body Wash,Soaps,Dettol,Soap,Reckitt Benckiser,FMCGNF
CG,1513,Dettol Original Soap Bar | 100g x 5 | Pack of 5,Personal Care,Bath & Body Wash,Soaps,Dettol,Soap,Reckitt Benckiser,FMCGNF
CG,97140,Dettol Orignal Soap 100g,Personal Care,Bath & Body Wash,Soaps,Dettol,Soap,Reckitt Benckiser,FMCGNF
CG,11994,Lifebuoy Silver Defence Soap 40g,Personal Care,Bath & Body Wash,Soaps,Lifebuoy,Soap,HUL,FMCGNF
CG,104374,Lifebuoy Expert Defense Bathing Bar | 4 x 100g + 100g Free | Pack of 5,Personal Care,Bath & Body Wash,Soaps,Lifebuoy,Soap,HUL,FMCGNF
CG,10739,Margo Neem Body Soap | 43g | Pack of 1,Personal Care,Bath & Body Wash,Soaps,Margo,Soap,Jyothy Labs,FMCGNF
CG,4143,Margo Original Neem Bathing Soap 100g,Personal Care,Bath & Body Wash,Soaps,Margo,Soap,Jyothy Labs,FMCGNF
CG,4144,Margo Original Neem Vitamin E Moisturizing Soap | 500g | Buy 4 Get 1 Free | Pack of 5,Personal Care,Bath & Body Wash,Soaps,Margo,Soap,Jyothy Labs,FMCGNF
CG,4708,Fiama Blackcurrant & Bearberry Shower Gel 250ml | Pack of 1,Personal Care,Bath & Body Wash,Shower Gel & Body Wash,Fiama,Body Wash,ITC Ltd,FMCGNF
CG,13570,Lux Body Wash Fragrant Skin Orchid Scent & Juniper Oil | 245ml | Pack of 1,Personal Care,Bath & Body Wash,Shower Gel & Body Wash,Lux,Body Wash,HUL,FMCGNF
CG,13569,Lux Body Wash Soft Skin French Rose & Almond Oil | 240ml | Pack of 1,Personal Care,Bath & Body Wash,Shower Gel & Body Wash,Lux,Body Wash,HUL,FMCGNF
CG,4172,Pears Pure And Gentle Body Wash | 250ml | Pack of 1,Personal Care,Bath & Body Wash,Shower Gel & Body Wash,Pears,Body Wash,HUL,FMCGNF
CG,13290,Cinthol Lime Refreshing Soap 100g,Personal Care,Bath & Body Wash,Soaps,Cinthol,Soap,Godrej Consumer Products,FMCGNF
CG,1611,Godrej Cinthol Cool Soap 75g*4,Personal Care,Bath & Body Wash,Soaps,Cinthol,Soap,Godrej Consumer Products,FMCGNF
CG,1613,Godrej Cinthol Lime Soap 75g Set Of 4,Personal Care,Bath & Body Wash,Soaps,Cinthol,Soap,Godrej Consumer Products,FMCGNF
CG,1562,Dove Cream Beauty Bathing Bar 100g,Personal Care,Bath & Body Wash,Soaps,Dove,Soap,HUL,FMCGNF
CG,1564,Dove Cream Beauty Bathing Bar 50g,Personal Care,Bath & Body Wash,Soaps,Dove,Soap,HUL,FMCGNF
CG,4170,Pears Pure And Gentle | 100g | Pack of 1,Personal Care,Bath & Body Wash,Soaps,Pears,Soap,HUL,FMCGNF
CG,9225,Pears Pure And Gentle Soap 60g,Personal Care,Bath & Body Wash,Soaps,Pears,Soap,HUL,FMCGNF
CG,4168,Pears Pure And Gentle Value Pack 125gx3N,Personal Care,Bath & Body Wash,Soaps,Pears,Soap,HUL,FMCGNF
CG,4173,Pears Soft & Fresh Soap Bar 100g,Personal Care,Bath & Body Wash,Soaps,Pears,Soap,HUL,FMCGNF
CG,4707,Fiama Bearberry & Blackcurrant Gel Bar - 125g,Personal Care,Bath & Body Wash,Soaps,Fiama,Soap,ITC Ltd,FMCGNF
CG,104557,Fiama Gel Bar Celebration Pack - 125g x 5,Personal Care,Bath & Body Wash,Soaps,Fiama,Soap,ITC Ltd,FMCGNF
CG,8275,Liril Lime And Tea Tree Oil Soap 75g,Personal Care,Bath & Body Wash,Soaps,Liril,Soap,HUL,FMCGNF
CG,13786,Lux Fresh Glow Soap 100g,Personal Care,Bath & Body Wash,Soaps,Lux,Soap,HUL,FMCGNF
CG,86569,Lux Ultimate Glow Jasmine Vitamin C+E Soap | 100g x 4N | Pack of 4,Personal Care,Bath & Body Wash,Soaps,Lux,Soap,HUL,FMCGNF
CG,4114,Godrej No. 1 Lime And Aloe Vera Soap | 5 x 100g | Pack of 5,Personal Care,Bath & Body Wash,Soaps,Godrej No.1,Soap,Godrej Consumer Products,FMCGNF
CG,5045,Liril Lime All Day Freshness Soap | 125g | Pack of 1,Personal Care,Bath & Body Wash,Soaps,Liril,Soap,HUL,FMCGNF
CG,4115,Godrej No. 1 Sandal Turmeric Soap | 100g x 5 Pcs | Pack of 5,Personal Care,Bath & Body Wash,Soaps,Godrej,Soap,Godrej Consumer Products,FMCGNF
CG,4149,Mysore Sandal Bathing Soap 75g,Personal Care,Bath & Body Wash,Soaps,Mysore Sandal,Soap,Karnataka Soaps & Detergents,FMCGNF
CG,4199,Santoor Total Skin Care Sandal & Turmeric 4x46g,Personal Care,Bath & Body Wash,Soaps,Santoor,Soap,Wipro Enterprises,FMCGNF
CG,4201,Santoor Sandal & Turmeric Soap | 4x100g | Pack of 1,Personal Care,Bath & Body Wash,Soaps,Santoor,Soap,Wipro Enterprises,FMCGNF
CG,29398,Nivea Frangipani & Oil Shower Gel 250ml,Personal Care,Bath & Body Wash,Shower Gel & Body Wash,Nivea,Body Wash,Nivea India Pvt. Ltd.,FMCGNF
CG,88117,Vim Lemon Dishwash Liquid Gel Refill Pouch | 900ml | Pack of 1,Cleaning & Household Needs,Dish Washing,Dishwash Liquid & Gel,Vim,Dishwash Liquid,HUL,FMCGNF
CG,4329,Good Knight Power Activ+ Refills | 45ml | Pack of 2,Cleaning & Household Needs,Repellents,Mosquito Repellants,Good Knight,Mosquito Repellent Liquid,Godrej Consumer Products,FMCGNF
CG,13646,Godrej Hit Anti Roach Gel | 20g | Pack of 1,Cleaning & Household Needs,Repellents,Cockroach Repellants,Hit,Cockroach Repellant Gel,Godrej Consumer Products,FMCGNF
CG,24204,Colgate Glow In Dark Toothpaste for Children 80g,Baby Care,Baby Oral and Hair Care,Baby Toothpastes,Colgate,Kids Toothpaste,Colgate Palmolive,FMCGNF
CG,33000,Lux International Creamy Perfection Plus Soap 125g,Personal Care,Bath & Body Wash,Soaps,Lux,Soap,HUL,FMCGNF
CG,74366,Emami Fair And Handsome Long Lasting Radiance Cream 30g,Personal Care,Face & Skin Care,Face Cream & Gel,Fair And Handsome,Face Cream,Emami Ltd,FMCGNF
CG,104516,Mamypoko pants All night absorb | XL | Pack of 11,Baby Care,Baby Hygiene,Diapers & Wipes,MamyPoko,Diaper Pants,Unicharm India Pvt Ltd,FMCGNF
CG,103295,"MamyPoko Pants All Night Absorb Baby Diaper Pants (S, 4-8 kg, 56 Diapers)",Baby Care,Baby Hygiene,Diapers & Wipes,MamyPoko,Diaper Pants,Unicharm India Pvt Ltd,FMCGNF
CG,104790,Senu Disinfectant Citrus Surface Cleaner - 500ml,Cleaning & Household Needs,Disinfectant & Cleaners,Floor & Surface Cleaners,Senu,Surface Cleaner,Neerava hygiene Products India Pvt.Ltd,FMCGNF
CG,104791,Senu Disinfectant Floral Surface Cleaner - 500ml,Cleaning & Household Needs,Disinfectant & Cleaners,Floor & Surface Cleaners,Senu,Surface Cleaner,Neerava hygiene Products India Pvt.Ltd,FMCGNF
CG,104792,Senu Disinfectant Citrus Surface Cleaner - 975ml,Cleaning & Household Needs,Disinfectant & Cleaners,Floor & Surface Cleaners,Senu,Surface Cleaner,Neerava hygiene Products India Pvt.Ltd,FMCGNF
CG,104793,Senu Disinfectant Floral Surface Cleaner - 975ml,Cleaning & Household Needs,Disinfectant & Cleaners,Floor & Surface Cleaners,Senu,Surface Cleaner,Neerava hygiene Products India Pvt.Ltd,FMCGNF
CG,104794,Senu Disinfectant Toilet Cleaner - 500ml,Cleaning & Household Needs,Disinfectant & Cleaners,Toilet Cleaner,Senu,Toilet Cleaner,Neerava hygiene Products India Pvt.Ltd,FMCGNF
CG,104795,Senu Disinfectant Toilet Cleaner - 1L,Cleaning & Household Needs,Disinfectant & Cleaners,Toilet Cleaner,Senu,Toilet Cleaner,Neerava hygiene Products India Pvt.Ltd,FMCGNF
CG,104796,Senu Classic Perfumed White Floor Cleaner - 1L,Cleaning & Household Needs,Disinfectant & Cleaners,Floor & Surface Cleaners,Senu,Floor Cleaner,Neerava hygiene Products India Pvt.Ltd,FMCGNF
CG,104797,Senu Classic Perfumed White Floor Cleaner - 5L,Cleaning & Household Needs,Disinfectant & Cleaners,Floor & Surface Cleaners,Senu,Floor Cleaner,Neerava hygiene Products India Pvt.Ltd,FMCGNF
CG,104798,Senu Dishwash Concentrated Gel Lemon Power - 500ml,Cleaning & Household Needs,Dish Washing,Dishwash Liquid & Gel,Senu,Dishwash Liquid,Neerava hygiene Products India Pvt.Ltd,FMCGNF
WB,3437,Himalaya Gentle Baby Powder 100g,Baby Care,Baby Skin Care,Baby Body Powders,Himalaya,Baby Body Powder,The Himalaya Drug Company,FMCGNF
WB,3594,Johnson Baby Powder 100g,Baby Care,Baby Skin Care,Baby Body Powders,Johnson's,Baby Body Powder,Johnson & Johnson,FMCGNF
WB,3566,Himalaya Gentle Baby Cream 100ml,Baby Care,Baby Skin Care,Baby Creams,Himalaya,Baby Cream,The Himalaya Drug Company,FMCGNF
WB,3568,Himalaya Gentle Baby Cream - 50ml,Baby Care,Baby Skin Care,Baby Creams,Himalaya,Baby Cream,The Himalaya Drug Company,FMCGNF
WB,4958,Johnsons Baby Cream 50g,Baby Care,Baby Skin Care,Baby Creams,Johnson's,Baby Cream,Johnson & Johnson,FMCGNF
WB,3569,Himalaya Gentle Baby Lotion 100ml,Baby Care,Baby Skin Care,Baby Lotion,Himalaya,Baby Lotion,The Himalaya Drug Company,FMCGNF
WB,8474,Johnson's Baby Lotion | 100ml | Pack of 1,Baby Care,Baby Skin Care,Baby Lotion,Johnson's,Baby Lotion,Johnson & Johnson,FMCGNF
WB,1456,Dabur Lal Tail 100ml,Baby Care,Baby Skin Care,Baby Massage Oils,Dabur,Baby Massage Oil,Dabur India Limited,FMCGNF
WB,3436,Himalaya Baby Massage Oil With Olive Oil & Winter Cherry | 100ml | Pack of 1,Baby Care,Baby Skin Care,Baby Massage Oils,Himalaya,Baby Massage Oil,The Himalaya Drug Company,FMCGNF
WB,3595,Johnson Vitamin E Baby Oil 100ml,Baby Care,Baby Skin Care,Baby Massage Oils,Johnson's,Baby Massage Oil,Johnson & Johnson,FMCGNF
WB,3787,Himalaya Gentle Baby Shampoo 100ml,Baby Care,Baby Bath,Baby Shampoo,Himalaya,Baby Shampoo,The Himalaya Drug Company,FMCGNF
WB,3788,Himalaya Gentle Baby Shampoo 200ml | Pack of 1,Baby Care,Baby Bath,Baby Shampoo,Himalaya,Baby Shampoo,The Himalaya Drug Company,FMCGNF
WB,2416,Johnsons Baby No More Tears Shampoo 100ml,Baby Care,Baby Bath,Baby Shampoo,Johnson's,Baby Shampoo,Johnson & Johnson,FMCGNF
WB,4128,Himalaya Extra Moisturizing Baby Soap Aloe Vera Olive & Milk 75g,Baby Care,Baby Bath,Baby Soaps,Himalaya,Baby Soap,The Himalaya Drug Company,FMCGNF
WB,4124,Himalaya Refreshing Baby Soap 75g,Baby Care,Baby Bath,Baby Soaps,Himalaya,Baby Soap,The Himalaya Drug Company,FMCGNF
WB,10068,Johnsons Baby Soap With Baby Lotion & Vitamin E 75g,Baby Care,Baby Bath,Baby Soaps,Johnson's,Baby Soap,Johnson & Johnson,FMCGNF
WB,4403,Himalaya Gentle Baby Wipes 72N,Baby Care,Baby Hygiene,Diapers & Wipes,Himalaya,Baby Wipes,The Himalaya Drug Company,FMCGNF
WB,4405,Johnson Baby Skincare Wipes 20N,Baby Care,Baby Hygiene,Diapers & Wipes,Johnson's,Baby Wipes,Johnson & Johnson,FMCGNF
WB,13697,Mamy Poko Pants All Night Absorb | M | Pack of 15,Baby Care,Baby Hygiene,Diapers & Wipes,MamyPoko,Diaper Pants,Unicharm India Pvt Ltd,FMCGNF
WB,104515,"MamyPoko All Night Absorb Baby Diaper Pants (NB, Up to 5 kg, 20 Diapers)",Baby Care,Baby Hygiene,Diapers & Wipes,MamyPoko,Diaper Pants,Unicharm India Pvt Ltd,FMCGNF
WB,12622,MamyPoko Pants All Night Absorb | Large | Pack of 13,Baby Care,Baby Hygiene,Diapers & Wipes,MamyPoko,Diaper Pants,Unicharm India Pvt Ltd,FMCGNF
WB,16242,MamyPoko Pants All Night Absorb | Small | Pack of 18,Baby Care,Baby Hygiene,Diapers & Wipes,MamyPoko,Diaper Pants,Unicharm India Pvt Ltd,FMCGNF
WB,91129,"MamyPoko Standard Crisscross Baby Diaper Pants (L, 9-14 kg, 40 Diapers)",Baby Care,Baby Hygiene,Diapers & Wipes,MamyPoko,Diaper Pants,Unicharm India Pvt Ltd,FMCGNF
WB,91128,"MamyPoko Standard Crisscross Baby Diaper Pants (M, 7-12 kg, 46 Diapers)",Baby Care,Baby Hygiene,Diapers & Wipes,MamyPoko,Diaper Pants,Unicharm India Pvt Ltd,FMCGNF
WB,11582,"Pampers Baby Dry Pant Diapers (M, 7-12 kg, 8 Diapers)",Baby Care,Baby Hygiene,Diapers & Wipes,Pampers,Diaper Pants,Procter & Gamble,FMCGNF
WB,83958,"Pampers Happy Skin Baby Diaper Pants (L, 9-14 kg, 26 Diapers)",Baby Care,Baby Hygiene,Diapers & Wipes,Pampers,Diaper Pants,Procter & Gamble,FMCGNF
WB,82804,"Pampers Happy Skin Baby Diaper Pants (M, 7-12 kg, 30 Diapers)",Baby Care,Baby Hygiene,Diapers & Wipes,Pampers,Diaper Pants,Procter & Gamble,FMCGNF
WB,4550,"Pampers Happy Skin Baby Diaper Pants (NB, 0-5 kg, 10 Diapers)",Baby Care,Baby Hygiene,Diapers & Wipes,Pampers,Diaper Pants,Procter & Gamble,FMCGNF
WB,82803,"Pampers Happy Skin Baby Diaper Pants (S, 4-8 kg, 38 Diapers)",Baby Care,Baby Hygiene,Diapers & Wipes,Pampers,Diaper Pants,Procter & Gamble,FMCGNF
WB,8211,"Pampers Happy Skin Diaper Pants (L, 9 - 14 kg - 7 Diapers)",Baby Care,Baby Hygiene,Diapers & Wipes,Pampers,Diaper Pants,Procter & Gamble,FMCGNF
WB,82789,"Pampers Happy Skin Diaper Pants (S, 4 - 8 kg - 10 Diapers)",Baby Care,Baby Hygiene,Diapers & Wipes,Pampers,Diaper Pants,Procter & Gamble,FMCGNF
WB,30404,Colgate Barbie Extra Soft 5Years+ Kids Toothbrush Pack of 1,Baby Care,Baby Oral and Hair Care,Baby Toothbrushes,Colgate,Kids Toothbrush,Colgate Palmolive,FMCGNF
WB,13769,Colgate Kids 0 to 2 Years Extra Soft Toothbrush 1N,Baby Care,Baby Oral and Hair Care,Baby Toothbrushes,Colgate,Kids Toothbrush,Colgate Palmolive,FMCGNF
WB,10825,Colgate Kids 2+ Years Extra Soft Toothbrush | Pack of 1,Baby Care,Baby Oral and Hair Care,Baby Toothbrushes,Colgate,Kids Toothbrush,Colgate Palmolive,FMCGNF
WB,4445,Gillette Guard Cartridges Pouch 4Pc,Personal Care,Mens Grooming,"Razors, Blades & Cartridges",Gillette,Blades & Cartridges,Procter & Gamble,FMCGNF
WB,86537,Gillette Guard Platinum Coated Razor Blade Cartridge 1N,Personal Care,Mens Grooming,"Razors, Blades & Cartridges",Gillette Guard,Blades & Cartridges,Procter & Gamble,FMCGNF
WB,5033,Gillette Guard Shaving Cream 125g,Personal Care,Mens Grooming,"Shaving Foam, Gel & Cream",Gillette Guard,Shaving Cream,Procter & Gamble,FMCGNF
WB,4442,Gillette Razor Guard 1N,Personal Care,Mens Grooming,"Razors, Blades & Cartridges",Gillette,Razor,Procter & Gamble,FMCGNF
WB,3552,Gillette Razor Presto B3G1 Free,Personal Care,Mens Grooming,"Razors, Blades & Cartridges",Gillette,Razor,Procter & Gamble,FMCGNF
WB,10420,Gillette Shave Brush 1N,Personal Care,Mens Grooming,Grooming Essentials,Gillette,Shaving Brush,Procter & Gamble,FMCGNF
WB,4458,Gillette Wilkinson Sword Razor Blades 5N,Personal Care,Mens Grooming,"Razors, Blades & Cartridges",Gillette,Blades & Cartridges,Procter & Gamble,FMCGNF
WB,11306,Moov Active Spray 35g,Health & Wellness,Pain Relief,Pain Relief Sprays,Moov,Pain Relief Spray,Reckitt Benckiser,FMCGNF
WB,3403,Moov Pain Relief Cream 20g,Health & Wellness,Pain Relief,Pain Relief Creams,Moov,Pain Relief Cream,Reckitt Benckiser,FMCGNF
WB,15692,All Out Ultra | 2 Refills | Pack of 2,Cleaning & Household Needs,Repellents,Mosquito Repellants,All Out,Mosquito Repellent Liquid,S C Johnson Products Pvt. Ltd,FMCGNF
WB,850,All Out Ultra Power Slider Machine + Refill 45ml | Pack of 1,Cleaning & Household Needs,Repellents,Mosquito Repellants,All Out,Mosquito Repellent Liquid,S C Johnson Products Pvt. Ltd,FMCGNF
WB,4334,Good Knight Flash Combo Pack Machine + Refill 1 N,Cleaning & Household Needs,Repellents,Mosquito Repellants,Good Knight,Mosquito Repellent Liquid,Godrej Consumer Products,FMCGNF
WB,76434,Good Knight Flash Mosquito Repellent Refill | 45ml x 2 | Pack of 2,Cleaning & Household Needs,Repellents,Mosquito Repellants,Good Knight,Mosquito Repellent Liquid,Godrej Consumer Products,FMCGNF
WB,4337,HIT Hidden Cockroach Repellent Spray | 200ml | Pack of 1,Cleaning & Household Needs,Repellents,Cockroach Repellants,Hit,Cockroach Repellant Spray,Godrej Consumer Products,FMCGNF
WB,8279,HIT Mosquito and Flies Killer Spray | 625ml | Pack of 1,Cleaning & Household Needs,Repellents,Mosquito Repellants,Hit,Flying Insects Spray,Godrej Consumer Products,FMCGNF
WB,8112,Mortein Power Booster Mosquito Coils 10 Pcs,Cleaning & Household Needs,Repellents,Mosquito Repellants,Mortein,Mosquito Coil,Reckitt Benckiser,FMCGNF
WB,8305,Dabur Red Toothpaste | 200g | Pack of 1,Personal Care,Oral Care,Toothpaste & Tooth Powder,Dabur Red,Toothpaste,Dabur India Limited,FMCGNF
WB,4765,Himalaya Herbals Complete Care Toothpaste 150g,Personal Care,Oral Care,Toothpaste & Tooth Powder,Himalaya,Toothpaste,The Himalaya Drug Company,FMCGNF
WB,5005,Patanjali Dant Kanti Medicated Toothpaste 100g,Personal Care,Oral Care,Toothpaste & Tooth Powder,Patanjali,Toothpaste,Patanjali Ayurved,FMCGNF
WB,5013,Patanjali Dant Kanti Natural Toothpaste - 200g,Personal Care,Oral Care,Toothpaste & Tooth Powder,Patanjali,Toothpaste,Patanjali Ayurved,FMCGNF
WB,11947,Patanjali Dant Kanti Natural Toothpaste | 100g | Pack of 1,Personal Care,Oral Care,Toothpaste & Tooth Powder,Patanjali,Toothpaste,Patanjali Ayurved,FMCGNF
WB,33011,Closeup Everfresh Triple Fresh Formula Toothpaste | 150g | Pack of 1,Personal Care,Oral Care,Toothpaste & Tooth Powder,Close Up,Toothpaste,HUL,FMCGNF
WB,67616,Colgate Max Fresh Toothpaste 81g,Personal Care,Oral Care,Toothpaste & Tooth Powder,Colgate,Toothpaste,Colgate Palmolive,FMCGNF
WB,1353,Colgate Maxfresh Red 150g,Personal Care,Oral Care,Toothpaste & Tooth Powder,Colgate,Toothpaste,Colgate Palmolive,FMCGNF
WB,1346,Colgate Active Salt Toothpaste 100g,Personal Care,Oral Care,Toothpaste & Tooth Powder,Colgate,Toothpaste,Colgate Palmolive,FMCGNF
WB,1362,Colgate Cibaca Toothpaste 175g,Personal Care,Oral Care,Toothpaste & Tooth Powder,Colgate,Toothpaste,Colgate Palmolive,FMCGNF
WB,1363,Colgate Dental Cream Strong Teeth Toothpaste | 200g | Pack of 1,Personal Care,Oral Care,Toothpaste & Tooth Powder,Colgate,Toothpaste,Colgate Palmolive,FMCGNF
WB,11272,Colgate Strong Teeth Toothpaste (Free 15% Extra) 100g | Pack of 1,Personal Care,Oral Care,Toothpaste & Tooth Powder,Colgate,Toothpaste,Colgate Palmolive,FMCGNF
WB,1355,Colgate Strong Teeth Toothpaste 36g,Personal Care,Oral Care,Toothpaste & Tooth Powder,Colgate,Toothpaste,Colgate Palmolive,FMCGNF
WB,5024,Sensodyne Repair & Protect Toothpaste | 100g | Pack of 1,Personal Care,Oral Care,Toothpaste & Tooth Powder,Sensodyne,Toothpaste,GSK,FMCGNF
WB,5026,Sensodyne Toothpaste Fresh Gel | 150g | Pack of 1,Personal Care,Oral Care,Toothpaste & Tooth Powder,Sensodyne,Toothpaste,GSK,FMCGNF
WB,5028,Sensodyne Toothpaste Fresh Gel | 75g | Pack of 1,Personal Care,Oral Care,Toothpaste & Tooth Powder,Sensodyne,Toothpaste,GSK,FMCGNF
WB,5030,Sensodyne Toothpaste Fresh Mint 75g,Personal Care,Oral Care,Toothpaste & Tooth Powder,Sensodyne,Toothpaste,GSK,FMCGNF
WB,10824,Colgate Gentle Sensitive Ultra Soft Pack Of 4 Pcs,Personal Care,Oral Care,Tooth Brush,Colgate,Toothbrush,Colgate Palmolive,FMCGNF
WB,10819,Colgate Super Flexi Gentle Toothbrush 1N,Personal Care,Oral Care,Tooth Brush,Colgate,Toothbrush,Colgate Palmolive,FMCGNF
WB,68281,Oral B Sensitive Care Extra Soft Toothbrush | 5N | Pack of 1,Personal Care,Oral Care,Tooth Brush,Oral B,Toothbrush,Procter & Gamble,FMCGNF
WB,23327,Sensodyne Daily Care Toothbrush 1N,Personal Care,Oral Care,Tooth Brush,Sensodyne,Toothbrush,GSK,FMCGNF
WB,23525,Sensodyne Sensitive Soft | B2G1 Free | Pack of 1,Personal Care,Oral Care,Tooth Brush,Sensodyne,Toothbrush,GSK,FMCGNF
WB,23407,Sensodyne Sensitive Toothbrush 1N,Personal Care,Oral Care,Tooth Brush,Sensodyne,Toothbrush,GSK,FMCGNF
WB,1468,Dabur Red Toothpaste 100g,Personal Care,Oral Care,Toothpaste & Tooth Powder,Dabur Red,Toothpaste,Dabur India Limited,FMCGNF
WB,5023,Sensodyne Rapid Relief Toothpaste 80g,Personal Care,Oral Care,Toothpaste & Tooth Powder,Sensodyne,Toothpaste,GSK,FMCGNF
WB,3514,Boroline Antiseptic Ayurvedic Cream 20g,Health & Wellness,Home Medicines,Antiseptic Cream & Liquid,Boroline,Antiseptic Cream,G D Pharmaceuticals,FMCGNF
WB,3497,Himani Antiseptic Cream Boro Plus 19ml,Health & Wellness,Home Medicines,Antiseptic Cream & Liquid,Boro Plus,Antiseptic Cream,Emami Ltd,FMCGNF
WB,1503,Dettol Antiseptic Liquid 125ml,Health & Wellness,Home Medicines,Antiseptic Cream & Liquid,Dettol,Antiseptic Liquid,Reckitt Benckiser,FMCGNF
WB,4089,Dettol Antiseptic Liquid 550ml | Pack of 1,Health & Wellness,Home Medicines,Antiseptic Cream & Liquid,Dettol,Antiseptic Liquid,Reckitt Benckiser,FMCGNF
WB,3373,Vaseline Skin Protecting Jelly - 40g,Personal Care,Makeup & Cosmetics,Lip Care,Vaseline,Lip Balm,HUL,FMCGNF
WB,3585,Himalaya Lip Balm 10g,Personal Care,Makeup & Cosmetics,Lip Care,Himalaya,Lip Balm,The Himalaya Drug Company,FMCGNF
WB,23979,Vaseline Rosy Lips Care 10g,Personal Care,Makeup & Cosmetics,Lip Care,Vaseline,Lip Balm,HUL,FMCGNF
WB,10665,Dettol Original Liquid Hand Wash | 650ml | Pack of 1,Personal Care,Hand Cleaning Essentials,Liquid Handwash,Dettol,Hand Wash,Reckitt Benckiser,FMCGNF
WB,12261,Dettol Original Liquid Handwash 200ml,Personal Care,Hand Cleaning Essentials,Liquid Handwash,Dettol,Hand Wash,Reckitt Benckiser,FMCGNF
WB,10666,Dettol Skincare Liquid Hand Wash | 675ml | Pack of 1,Personal Care,Hand Cleaning Essentials,Liquid Handwash,Dettol,Hand Wash,Reckitt Benckiser,FMCGNF
WB,14452,Santoor Classic Gentle Hand Wash 650ml,Personal Care,Hand Cleaning Essentials,Liquid Handwash,Santoor,Hand Wash,Wipro Enterprises,FMCGNF
WB,4202,Santoor Hand Wash 200ml (1+1) | Pack of 1,Personal Care,Hand Cleaning Essentials,Liquid Handwash,Santoor,Hand Wash,Wipro Enterprises,FMCGNF
WB,78135,Dettol Powder to Liqud Handwash Refill 8g,Personal Care,Hand Cleaning Essentials,Liquid Handwash,Dettol,Hand Wash,Reckitt Benckiser,FMCGNF
WB,10177,Godrej Magic Power Neem And Aloevera Handwash Refill 9g,Personal Care,Hand Cleaning Essentials,Liquid Handwash,Godrej,Hand Wash,Godrej Consumer Products,FMCGNF
WB,10070,Johnsons Cotton Buds | 75 Stems / 150 Swabs | Pack of 1,Personal Care,Cottons,Cotton Buds,Johnson's,Baby Buds,Johnson & Johnson,FMCGNF
WB,10065,Vicks Vapo Rub 10ml,Health & Wellness,Cough & Cold Relief,Cold Balm,Vicks,Cold Balm,Procter & Gamble,FMCGNF
WB,4315,Vim Bar Best Ever Tub | 480g| Pack of 1,Cleaning & Household Needs,Dish Washing,Dishwash Bars,Vim,Dishwash Bar,HUL,FMCGNF
WB,8582,Vim Dishwash Bar | 110 g + 20 g Free | Pack of 1,Cleaning & Household Needs,Dish Washing,Dishwash Bars,Vim,Dishwash Bar,HUL,FMCGNF
WB,8583,Vim Dishwash Bar With Power of Lemons | 60g | Pack of 1,Cleaning & Household Needs,Dish Washing,Dishwash Bars,Vim,Dishwash Bar,HUL,FMCGNF
WB,14426,Vim Dishwash Liquid Gel Lemon Refill 500ml,Cleaning & Household Needs,Dish Washing,Dishwash Liquid & Gel,Vim,Dishwash Liquid,HUL,FMCGNF
WB,13047,Vim Dishwasher Liquid Bottle 500ml,Cleaning & Household Needs,Dish Washing,Dishwash Liquid & Gel,Vim,Dishwash Liquid,HUL,FMCGNF
WB,11997,Vim Drop Dish Wash Liquid 130ml,Cleaning & Household Needs,Dish Washing,Dishwash Liquid & Gel,Vim,Dishwash Liquid,HUL,FMCGNF
WB,8580,Vim Liquid Dish Washing Gel | 250ml | Pack of 1,Cleaning & Household Needs,Dish Washing,Dishwash Liquid & Gel,Vim,Dishwash Liquid,HUL,FMCGNF
WB,4261,Pitambari Copper & Brass Cleaner | 200g | Pack of 1,Cleaning & Household Needs,Dish Washing,Dishwash Powder,Pitambari,Dishwash Powder,Pitambari Products,FMCGNF
WB,8348,Vim Lemon Dishwash Bar 300g,Cleaning & Household Needs,Dish Washing,Dishwash Bars,Vim,Dishwash Bar,HUL,FMCGNF
WB,8090,Colin House Cleaner 250ml,Cleaning & Household Needs,Disinfectant & Cleaners,Multipurpose Cleaner,Colin,Multipurpose Cleaner,Reckitt Benckiser,FMCGNF
WB,77772,Colin Sparkling Shine Glass & Multi-Surface Cleaner | 500ml | Pack of 1,Cleaning & Household Needs,Disinfectant & Cleaners,Multipurpose Cleaner,Colin,Multipurpose Cleaner,Reckitt Benckiser,FMCGNF
WB,75390,Harpic Drain Xpert Powder | 50g | Pack of 1,Cleaning & Household Needs,Disinfectant & Cleaners,Drain Cleaners,Harpic,Drain Cleaner,Reckitt Benckiser,FMCGNF
WB,8064,Harpic Flushmatic Aqua Marine 100g,Cleaning & Household Needs,Disinfectant & Cleaners,Toilet Cleaner,Harpic,Toilet Cleaning Tablet,Reckitt Benckiser,FMCGNF
WB,11207,Harpic Lemon Bathroom Cleaner | 500ml | Pack of 1,Cleaning & Household Needs,Disinfectant & Cleaners,Bathroom Cleaners,Harpic,Bathroom Cleaner,Reckitt Benckiser,FMCGNF
WB,8063,Harpic Power Plus 10X Max Toilet Cleaner | 900ml | Pack of 1,Cleaning & Household Needs,Disinfectant & Cleaners,Toilet Cleaner,Harpic,Toilet Cleaner,Reckitt Benckiser,FMCGNF
WB,8328,Harpic Power Plus Original Toilet Cleaner | 500ml | Pack of 1,Cleaning & Household Needs,Disinfectant & Cleaners,Toilet Cleaner,Harpic,Toilet Cleaner,Reckitt Benckiser,FMCGNF
WB,8082,Harpic Power Plus Original Toilet Cleaner 200ml,Cleaning & Household Needs,Disinfectant & Cleaners,Toilet Cleaner,Harpic,Toilet Cleaner,Reckitt Benckiser,FMCGNF
WB,4251,Lizol Citrus Surface Cleaner | 500ml | Pack of 1,Cleaning & Household Needs,Disinfectant & Cleaners,Floor & Surface Cleaners,Lizol,Floor Cleaner,Reckitt Benckiser,FMCGNF
WB,4248,Lizol Citrus Surface Cleaner | 975ml | Pack of 1,Cleaning & Household Needs,Disinfectant & Cleaners,Floor & Surface Cleaners,Lizol,Floor Cleaner,Reckitt Benckiser,FMCGNF
WB,4247,Lizol Floral All In 1 Disinfectant Surface Cleaner | 500ml | Pack of 1,Cleaning & Household Needs,Disinfectant & Cleaners,Floor & Surface Cleaners,Lizol,Floor Cleaner,Reckitt Benckiser,FMCGNF
WB,4253,Nimyle Floor Cleaner Citro | 890ml | Pack of 1,Cleaning & Household Needs,Disinfectant & Cleaners,Floor & Surface Cleaners,Nimyle,Floor Cleaner,ITC Ltd,FMCGNF
WB,8091,Patanjali Gonyle Floor Cleaner | 1 L | Pack of 1,Cleaning & Household Needs,Disinfectant & Cleaners,Floor & Surface Cleaners,Patanjali,Floor Cleaner,Patanjali Ayurved,FMCGNF
WB,23404,Trishul Black Disinfectant Phenyle 450ml,Cleaning & Household Needs,Disinfectant & Cleaners,Floor & Surface Cleaners,Trishul,Floor Cleaner,Ambey Laboratories,FMCGNF
WB,70507,Rin Detergent Bar | 4 x 250g | Pack of 1,Cleaning & Household Needs,Laundry Care,Detergent Bars,Rin,Detergent Bar,HUL,FMCGNF
WB,840,Active Wheel 2in1 Detergent Powder 500g,Cleaning & Household Needs,Laundry Care,Detergent Powder,Active Wheel,Detergent Powder,HUL,FMCGNF
WB,4198,Rin Detergent Bar 145g,Cleaning & Household Needs,Laundry Care,Detergent Bars,Rin,Detergent Bar,HUL,FMCGNF
WB,9954,Surf Excel Big Bar 150g,Cleaning & Household Needs,Laundry Care,Detergent Bars,Surf Excel,Detergent Bar,HUL,FMCGNF
WB,9953,Surf Excel Big Bar 250g,Cleaning & Household Needs,Laundry Care,Detergent Bars,Surf Excel,Detergent Bar,HUL,FMCGNF
WB,15846,Surf Excel Detergent Bar | 200g x 4 | Pack of 4,Cleaning & Household Needs,Laundry Care,Detergent Bars,Surf Excel,Detergent Bar,HUL,FMCGNF
WB,4760,Surf Excel Stain Eraser Detergent Bar 80g,Cleaning & Household Needs,Laundry Care,Detergent Bars,Surf Excel,Detergent Bar,HUL,FMCGNF
WB,8087,Ariel Perfect Wash Blue Detergent Powder 1Kg | Pack of 1,Cleaning & Household Needs,Laundry Care,Detergent Powder,Ariel,Detergent Powder,Procter & Gamble,FMCGNF
WB,4267,Revive Liquid Stiffener 200g,Cleaning & Household Needs,Laundry Care,Fabric Conditioner & Whitener,Revive,Fabric Stiffener liquid,Marico limited,FMCGNF
WB,10588,Ghadi Detergent Powder | 1 Kg | Pack of 1,Cleaning & Household Needs,Laundry Care,Detergent Powder,Ghadi,Detergent Powder,RSPL Group,FMCGNF
WB,22682,Ghadi Detergent Powder | 3kg | Pack of 1,Cleaning & Household Needs,Laundry Care,Detergent Powder,Ghadi,Detergent Powder,RSPL Group,FMCGNF
WB,7997,Patanjali Herbal Wash Detergent Powder - 900g,Cleaning & Household Needs,Laundry Care,Detergent Powder,Patanjali,Detergent Powder,Patanjali Ayurved,FMCGNF
WB,4286,Surf Excel Easy Wash Detergent Powder | 1 Kg | Pack of 1,Cleaning & Household Needs,Laundry Care,Detergent Powder,Surf Excel,Detergent Powder,HUL,FMCGNF
WB,5185,Surf Excel Easy Wash Detergent Powder | 3kg | Pack of 1,Cleaning & Household Needs,Laundry Care,Detergent Powder,Surf Excel,Detergent Powder,HUL,FMCGNF
WB,8080,Surf Excel Easy Wash Detergent Powder | 500g | Pack of 1,Cleaning & Household Needs,Laundry Care,Detergent Powder,Surf Excel,Detergent Powder,HUL,FMCGNF
WB,8097,Surf Excel Easy Wash Detergent Powder 70g,Cleaning & Household Needs,Laundry Care,Detergent Powder,Surf Excel,Detergent Powder,HUL,FMCGNF
WB,17864,Tide Double Power Jasmine & Rose 1Kg | Pack of 1,Cleaning & Household Needs,Laundry Care,Detergent Powder,Tide,Detergent Powder,Procter & Gamble,FMCGNF
WB,8066,Tide Fresh & Clean Detergent Powder 1 Kg,Cleaning & Household Needs,Laundry Care,Detergent Powder,Tide,Detergent Powder,Procter & Gamble,FMCGNF
WB,10716,Tide Naturals Lemon and Chandan | 1 Kg | Pack of 1,Cleaning & Household Needs,Laundry Care,Detergent Powder,Tide,Detergent Powder,Procter & Gamble,FMCGNF
WB,1368,Comfort Fabric Conditioner Morning Fresh | 210ml | Pack of 1,Cleaning & Household Needs,Laundry Care,Fabric Conditioner & Whitener,Comfort,Fabric Conditioner,HUL,FMCGNF
WB,12872,Comfort Morning Fresh (Blue) Fabric Conditioner | 860ml | Pack of 1,Cleaning & Household Needs,Laundry Care,Fabric Conditioner & Whitener,Comfort,Fabric Conditioner,HUL,FMCGNF
WB,9952,Rin Fabric Whitener | 500ml | Pack of 1,Cleaning & Household Needs,Laundry Care,Fabric Conditioner & Whitener,Rin,Fabric Whitener,HUL,FMCGNF
WB,8347,Ujala Supreme | 250ml | Pack of 1,Cleaning & Household Needs,Laundry Care,Fabric Conditioner & Whitener,Ujala,Fabric Whitener,Jyothy Labs,FMCGNF
WB,42940,Godrej Ezee Liquid Detergent | 470 ml | Pack of 1,Cleaning & Household Needs,Laundry Care,Detergent Liquid,Godrej,Liquid Detergent,Godrej Consumer Products,FMCGNF
WB,98416,Godrej Fab Liquid Detergent Refill Pouch For Machine & Hand Wash | 950ml | Pack of 1,Cleaning & Household Needs,Laundry Care,Detergent Liquid,Godrej,Liquid Detergent,Godrej Consumer Products,FMCGNF
WB,35727,Surf Excel Matic Front Load Liquid Detergent Pouch | 2L | Pack of 1,Cleaning & Household Needs,Laundry Care,Detergent Liquid,Surf Excel,Liquid Detergent,HUL,FMCGNF
WB,30265,Surf Excel Matic Top Load Liquid Detergent Pouch | 2L | Pack of 1,Cleaning & Household Needs,Laundry Care,Detergent Liquid,Surf Excel,Liquid Detergent,HUL,FMCGNF
WB,8299,Aer power Pocket Floral Delight - 10g,Cleaning & Household Needs,Fresheners,Air Fresheners,Godrej Aer,Air Freshener,Godrej Consumer Products,FMCGNF
WB,1489,Denver Black Code Body Spray 150ml,Personal Care,Fragrances,Deodorants,Denver,Men's Deodorant,Vanesa Care Pvt Ltd,FMCGNF
WB,1492,Denver Hamilton Deodorant 150ml | Pack of 1,Personal Care,Fragrances,Deodorants,Denver,Men's Deodorant,Vanesa Care Pvt Ltd,FMCGNF
WB,1497,Denver Imperial Deodorant Spray For Men 150ml | Pack of 1,Personal Care,Fragrances,Deodorants,Denver,Men's Deodorant,Vanesa Care Pvt Ltd,FMCGNF
WB,1602,Godrej Aer Pocket Air Freshner Bright Tangy 10g,Cleaning & Household Needs,Fresheners,Air Fresheners,Godrej Aer,Air Freshener,Godrej Consumer Products,FMCGNF
WB,3986,Godrej Aer Power Pocket Blossom 10g,Cleaning & Household Needs,Fresheners,Air Fresheners,Godrej Aer,Air Freshener,Godrej Consumer Products,FMCGNF
WB,1606,Godrej Aer Room Freshener Fresh Lush Green - 220ml,Cleaning & Household Needs,Fresheners,Air Fresheners,Godrej Aer,Air Freshener,Godrej Consumer Products,FMCGNF
WB,1607,Godrej Aer Room Freshener Rose Blossom | 200ml | Pack of 1,Cleaning & Household Needs,Fresheners,Air Fresheners,Godrej,Air Freshener,Godrej Consumer Products,FMCGNF
WB,8297,Godrej Aer Spray Lavender Bloom Room Freshener | 200ml | Pack of 1,Cleaning & Household Needs,Fresheners,Air Fresheners,Godrej,Air Freshener,Godrej Consumer Products,FMCGNF
WB,3993,Godrej Lavender Bloom Power Pocket Aer | 10g | Pack of 1,Cleaning & Household Needs,Fresheners,Air Fresheners,Godrej Aer,Air Freshener,Godrej Consumer Products,FMCGNF
WB,14421,Nivea Pearl & Beauty Radiance White Pearl Deodorant Roll On | 25ml | Pack of 1,Personal Care,Fragrances,Roll On,Nivea,Womens Roll On,Nivea India Pvt. Ltd.,FMCGNF
WB,12451,Odonil Air Freshener Jasmine Mint 48 g,Cleaning & Household Needs,Fresheners,Air Fresheners,Odonil,Air Freshener,Dabur India Limited,FMCGNF
WB,74090,Odonil Air Freshener Lavendar Meadows 72g,Cleaning & Household Needs,Fresheners,Air Fresheners,Odonil,Air Freshener,Dabur India Limited,FMCGNF
WB,29164,Odonil Assorted Air Freshener | 192g | Pack of 4,Cleaning & Household Needs,Fresheners,Air Fresheners,Odonil,Air Freshener,Dabur India Limited,FMCGNF
WB,10702,Odonil Lavender Air Freshner 48g,Cleaning & Household Needs,Fresheners,Air Fresheners,Odonil,Air Freshener,Dabur India Limited,FMCGNF
WB,13107,Himalaya Aloe Vera Face Gel 100ml,Personal Care,Face & Skin Care,Face Cream & Gel,Himalaya,Face Gel,The Himalaya Drug Company,FMCGNF
WB,2983,Patanjali Soundarya Aloe Vera Gel 150ml,Personal Care,Face & Skin Care,Face Cream & Gel,Patanjali,Face Gel,Patanjali Ayurved,FMCGNF
WB,3608,Joy Honey & Almond Body Lotion | 300ml | Pack of 1,Personal Care,Face & Skin Care,"Body Oil, Lotion & Moisturizer",Joy,Body Lotion,RSH Global Pvt Ltd,FMCGNF
WB,4310,Vaseline Intensive Care Deep Moisture Body Lotion | 85ml | Pack of 1,Personal Care,Face & Skin Care,"Body Oil, Lotion & Moisturizer",Vaseline,Body Lotion,HUL,FMCGNF
WB,12824,Vaseline Intensive Care Deep Restore With Pure Oat Extract | 400ml | Pack of 1,Personal Care,Face & Skin Care,"Body Oil, Lotion & Moisturizer",Vaseline,Body Lotion,HUL,FMCGNF
WB,3537,Fem Fairness Naturals Gold Bleach 24g,Personal Care,Face & Skin Care,Bleach Creams,Fem,Bleach Cream,Dabur India Limited,FMCGNF
WB,2629,Jac Olivol Body Oil 100ml,Personal Care,Face & Skin Care,"Body Oil, Lotion & Moisturizer",Jac Olivol,Body Oil,Hahnemann Pharmaceuticals,FMCGNF
WB,72289,Glow & Lovely Natural Glow Face Cream Ayurvedic Care+ 50g,Personal Care,Face & Skin Care,Face Cream & Gel,Glow & Lovely,Face Cream,HUL,FMCGNF
WB,11588,Garnier Men Turbo Bright Anti Pollution Face Wash 50g,Personal Care,Face & Skin Care,Face Wash & Cleanser,Garnier Men,Mens Face Wash,L'Oreal India Pvt. Ltd.,FMCGNF
WB,83208,Lakme Peach Milk Cream Moisturiser | 100g | Pack of 1,Personal Care,Face & Skin Care,Face Cream & Gel,Lakme,Face Cream,HUL,FMCGNF
WB,79399,Lakme Peach Milk 24 Hour Moisture Lock Non Sticky Soft Creme 50g,Personal Care,Face & Skin Care,Face Cream & Gel,Lakme,Face Cream,HUL,FMCGNF
WB,3673,Nivea Creme 60ml,Personal Care,Face & Skin Care,Face Cream & Gel,Nivea,Face Cream,Nivea India Pvt. Ltd.,FMCGNF
WB,3684,Nivea Soft Light Moisture | 100ml | Pack of 1,Personal Care,Face & Skin Care,Face Cream & Gel,Nivea,Face Cream,Nivea India Pvt. Ltd.,FMCGNF
WB,87576,Pond's Bright Beauty Serum Cream | 24 g | Pack of 1,Personal Care,Face & Skin Care,Face Cream & Gel,Pond's,Face Cream,HUL,FMCGNF
WB,67638,Ponds Super Light Gel Hydrated Glow 50ml | Pack of 1,Personal Care,Face & Skin Care,Face Cream & Gel,Pond's,Face Cream,HUL,FMCGNF
WB,2628,Jac Olivol Body Oil 300ml,Personal Care,Face & Skin Care,"Body Oil, Lotion & Moisturizer",Jac Olivol,Body Oil,Hahnemann Pharmaceuticals,FMCGNF
WB,8620,White Tone Soft & Smooth Face Cream 50g,Personal Care,Face & Skin Care,Face Cream & Gel,White Tone,Face Cream,Vini Cosmetics Pvt. Ltd.,FMCGNF
WB,8619,White Tone Soft And Smooth Face Cream 25g,Personal Care,Face & Skin Care,Face Cream & Gel,White Tone,Face Cream,Vini Cosmetics Pvt. Ltd.,FMCGNF
WB,4704,Everyuth Naturals Walnut Scrub | 50g | Pack of 1,Personal Care,Face & Skin Care,Scrub & Exfoliators,EverYuth,Face Scrub,Zydus Wellness Products Ltd,FMCGNF
WB,1326,Clean & Clear Foaming Face Wash | 100ml | Pack of 1,Personal Care,Face & Skin Care,Face Wash & Cleanser,Clean & Clear,Face Wash,Johnson & Johnson,FMCGNF
WB,1327,Clean & Clear Foaming Face Wash 50ml | Pack of 1,Personal Care,Face & Skin Care,Face Wash & Cleanser,Clean & Clear,Face Wash,Johnson & Johnson,FMCGNF
WB,85252,Garnier Bright Complete Vitamin C Foam Face Wash 50g,Personal Care,Face & Skin Care,Face Wash & Cleanser,Garnier,Face Wash,L'Oreal India Pvt. Ltd.,FMCGNF
WB,4714,Garnier Men Acno Fight Face Wash 50g,Personal Care,Face & Skin Care,Face Wash & Cleanser,Garnier Men,Mens Face Wash,L'Oreal India Pvt. Ltd.,FMCGNF
WB,4724,Himalaya Face Wash Purifying Neem Tube 50ml,Personal Care,Face & Skin Care,Face Wash & Cleanser,Himalaya,Face Wash,The Himalaya Drug Company,FMCGNF
WB,4734,Himalaya Purifying Neem Face Wash Tube - 150ml,Personal Care,Face & Skin Care,Face Wash & Cleanser,Himalaya,Face Wash,The Himalaya Drug Company,FMCGNF
WB,96345,Joy Skin Fruits Spots & Tan Clear Face Wash | 100ml | Buy 1 Get 1 Free,Personal Care,Face & Skin Care,Face Wash & Cleanser,Joy,Face Wash,RSH Global Pvt Ltd,FMCGNF
WB,4756,Patanjali Saundarya Face Wash | 60 g | Pack of 1,Personal Care,Face & Skin Care,Face Wash & Cleanser,Patanjali,Face Wash,Patanjali Ayurved,FMCGNF
WB,33003,Ponds Bright Beauty Vitamin B3 Face Wash 50g,Personal Care,Face & Skin Care,Face Wash & Cleanser,Pond's,Face Wash,HUL,FMCGNF
WB,10401,Ponds Bright Miracle Detox Facewash 50g,Personal Care,Face & Skin Care,Face Wash & Cleanser,Pond's,Face Wash,HUL,FMCGNF
WB,67777,Ponds Pure Detox Anti-Pollution Purity Face Wash 100g,Personal Care,Face & Skin Care,Face Wash & Cleanser,Pond's,Face Wash,HUL,FMCGNF
WB,4134,Himalaya Purifying Neem Facial Wipes 10N,Personal Care,Face & Skin Care,"Facial Kit, Mask & Wipes",Himalaya,Facial Wipes,The Himalaya Drug Company,FMCGNF
WB,1439,Dabur Gulabari Face Freshener 100ml,Personal Care,Face & Skin Care,"Face Serum,Toner & Rose Water",Dabur Gulabari,Rose Water,Dabur India Limited,FMCGNF
WB,4179,Ponds Cold Cream | 55ml | Pack of 1,Personal Care,Face & Skin Care,Face Cream & Gel,Pond's,Cold Cream,HUL,FMCGNF
WB,8400,Dabur Gulabari Premium Rose Water 120ml,Personal Care,Face & Skin Care,"Face Serum,Toner & Rose Water",Dabur Gulabari,Rose Water,Dabur India Limited,FMCGNF
WB,43535,Joy Sun Screen Body Lotion 300ml,Personal Care,Face & Skin Care,Sunscreen,Joy,Sunscreen,RSH Global Pvt Ltd,FMCGNF
WB,29491,Lakme Peach Milk SPF 30 Moisturiser 60ml,Personal Care,Face & Skin Care,Sunscreen,Lakme,Sunscreen,HUL,FMCGNF
WB,34717,Ponds Super Light Gel | 25ml | Pack of 1,Personal Care,Face & Skin Care,Face Cream & Gel,Pond's,Face Cream,HUL,FMCGNF
WB,14755,Lotus Herbals Safe Sun 3in1 Matte Look Daily Sun Block Cream SPF 40 50g,Personal Care,Face & Skin Care,Sunscreen,Lotus,Sunscreen,Lotus Herbals,FMCGNF
WB,3712,Vicco Turmeric Skin Cream 30g,Personal Care,Face & Skin Care,Face Cream & Gel,Vicco,Face Cream,Vicco Laboratories,FMCGNF
WB,18175,Navratna Cool Talc Active Deo 400g,Personal Care,Face & Skin Care,Talcum Powder,Navratna,Talcum Powder,Emami Ltd,FMCGNF
WB,3689,Nycil Germ Expert Cool Herbal 150g + Nycil Cool Herbal 50g Free,Personal Care,Face & Skin Care,Talcum Powder,Nycil,Talcum Powder,Zydus Wellness Products Ltd,FMCGNF
WB,33004,Ponds Dream Flower Fragant Talcum Powder 80g,Personal Care,Face & Skin Care,Talcum Powder,Pond's,Talcum Powder,HUL,FMCGNF
WB,70881,Ponds Magic Freshness Talcum Powder | 80g | Pack of 1,Personal Care,Face & Skin Care,Talcum Powder,Pond's,Talcum Powder,HUL,FMCGNF
WB,4575,White Tone Face Powder 30g,Personal Care,Face & Skin Care,Talcum Powder,White Tone,Talcum Powder,Vini Cosmetics Pvt. Ltd.,FMCGNF
WB,8354,White Tone Face Powder With Softshade Formula 70g,Personal Care,Face & Skin Care,Talcum Powder,White Tone,Talcum Powder,Vini Cosmetics Pvt. Ltd.,FMCGNF
WB,10796,Fogg Paradise Womens Body Spray 150ml,Personal Care,Fragrances,Deodorants,Fogg,Womens Deodrant,Vini Cosmetics Pvt. Ltd.,FMCGNF
WB,10794,Fogg Marco Body Spray 120ml,Personal Care,Fragrances,Deodorants,Fogg,Men's Deodorant,Vini Cosmetics Pvt. Ltd.,FMCGNF
WB,13711,Fogg Dynamic Fragrance Body Spray 150ml,Personal Care,Fragrances,Deodorants,Fogg,Men's Deodorant,Vini Cosmetics Pvt. Ltd.,FMCGNF
WB,10790,Fogg Napolean Body Spray 120ml,Personal Care,Fragrances,Deodorants,Fogg,Men's Deodorant,Vini Cosmetics Pvt. Ltd.,FMCGNF
WB,16574,Gillette Venus Razor Pink | 1N | Pack of 1,Personal Care,Feminine Hygiene,"Razors, Blades & Cartridges",Gillette Venus,Women Cartridge Razors,Procter & Gamble,FMCGNF
WB,14383,Stayfree Sanitary Pads Dry Max All Night Ultra Dry XXL,Personal Care,Feminine Hygiene,Sanitary Pads,Johnson's,Sanitary Pad,Johnson & Johnson,FMCGNF
WB,4567,Stayfree Secure Cottony Soft Cover Pads With Wings XL 6 N,Personal Care,Feminine Hygiene,Sanitary Pads,Johnson's,Sanitary Pad,Johnson & Johnson,FMCGNF
WB,83918,Stayfree Secure Cottony Soft Cover Regular Sanitary Pads | 18N | Pack of 1,Personal Care,Feminine Hygiene,Sanitary Pads,Stayfree,Sanitary Pad,Johnson & Johnson,FMCGNF
WB,82422,Stayfree Secure Cottony XL | Pack of 18 Pads,Personal Care,Feminine Hygiene,Sanitary Pads,Stayfree,Sanitary Pad,Johnson & Johnson,FMCGNF
WB,17696,Veet Hair Removal Cream For Normal Skin 30g,Personal Care,Feminine Hygiene,Hair Removal Creams & Sprays,Veet,Hair Removal Cream,Reckitt Benckiser,FMCGNF
WB,9963,Stayfree Cottony XL Sanitary Pads | Pack of 40 Pads,Personal Care,Feminine Hygiene,Sanitary Pads,Stayfree,Sanitary Pad,Johnson & Johnson,FMCGNF
WB,79074,Ultra Whisper No Gap No Leaks Xl+ 7N | Pack of 1,Personal Care,Feminine Hygiene,Sanitary Pads,Whisper,Sanitary Pad,Procter & Gamble,FMCGNF
WB,10717,Whisper Bindazzz Night XXL | 30 Pads | Pack of 1,Personal Care,Feminine Hygiene,Sanitary Pads,Whisper,Sanitary Pad,Procter & Gamble,FMCGNF
WB,11577,Whisper Ultra Bindazzz Nights XXL | 15 Pads | Pack of 1,Personal Care,Feminine Hygiene,Sanitary Pads,Whisper,Sanitary Pad,Procter & Gamble,FMCGNF
WB,81308,Whisper Choice Night Sanitary Pads XXL 16 N,Personal Care,Feminine Hygiene,Sanitary Pads,Whisper,Sanitary Pad,Procter & Gamble,FMCGNF
WB,42781,Whisper Choice Regular | 15 Pads | Pack of 1,Personal Care,Feminine Hygiene,Sanitary Pads,Whisper,Sanitary Pad,Procter & Gamble,FMCGNF
WB,11578,Whisper Choice Ultra XL - 6 Pads,Personal Care,Feminine Hygiene,Sanitary Pads,Whisper,Sanitary Pad,Procter & Gamble,FMCGNF
WB,8605,Whisper Choice Ultra XL | Pack of 20 Pads,Personal Care,Feminine Hygiene,Sanitary Pads,Whisper,Sanitary Pad,Procter & Gamble,FMCGNF
WB,15737,Whisper Choice XL Sanitary Pads 280mm | Pack of 18 Pads,Personal Care,Feminine Hygiene,Sanitary Pads,Whisper,Sanitary Pad,Procter & Gamble,FMCGNF
WB,964,Bajaj Almond Drops Hair Oil | 180ml | Pack of 1,Personal Care,Hair Care,Hair Oil,Bajaj,Almond Hair Oil,Bajaj Consumer Care Ltd.,FMCGNF
WB,963,Bajaj Almond Drops Hair Oil 95ml,Personal Care,Hair Care,Hair Oil,Bajaj,Almond Hair Oil,Bajaj Consumer Care Ltd.,FMCGNF
WB,1332,Clinic Plus Strong & Long Health Shampoo | 175ml | Pack of 1,Personal Care,Hair Care,Shampoo,Clinic Plus,Shampoo,HUL,FMCGNF
WB,8303,Dabur Amla Hair Oil | 180ml | Pack of 1,Personal Care,Hair Care,Hair Oil,Dabur,Amla Hair Oil,Dabur India Limited,FMCGNF
WB,73485,Dabur Sarso Amla Hair Oil 300ml,Personal Care,Hair Care,Hair Oil,Dabur,Amla Hair Oil,Dabur India Limited,FMCGNF
WB,1476,Dabur Sarson Amla Hair Oil | 170ml | Pack of 1,Personal Care,Hair Care,Hair Oil,Dabur,Amla Hair Oil,Dabur India Limited,FMCGNF
WB,13058,Clinic Plus Strong & Thick Shampoo 175ml,Personal Care,Hair Care,Shampoo,Clinic Plus,Shampoo,HUL,FMCGNF
WB,1561,Dove Hair Fall Rescue Conditioner 75ml,Personal Care,Hair Care,Hair Conditioner,Dove,Conditioner,HUL,FMCGNF
WB,8391,Clinic Plus Strong & Long Health Shampoo 355ml | Pack of 1,Personal Care,Hair Care,Shampoo,Clinic Plus,Shampoo,HUL,FMCGNF
WB,3732,Garnier Black Creamy 3 Brown Black Hair Color 20M+20g,Personal Care,Hair Care,Hair Colour & Dyes,Garnier,Hair Colour,L'Oreal India Pvt. Ltd.,FMCGNF
WB,3729,Garnier Black Natural 3.16 Burgndy Hair Color 20ml,Personal Care,Hair Care,Hair Colour & Dyes,Garnier,Hair Colour,L'Oreal India Pvt. Ltd.,FMCGNF
WB,3733,Garnier Black Natural Cream 2 Original Black Hair Color 20M+20g,Personal Care,Hair Care,Hair Colour & Dyes,Garnier,Hair Colour,L'Oreal India Pvt. Ltd.,FMCGNF
WB,11591,Garnier Black Naturals 1.0 Hair Color 20ml + 20g,Personal Care,Hair Care,Hair Colour & Dyes,Garnier,Hair Colour,L'Oreal India Pvt. Ltd.,FMCGNF
WB,29559,Godrej Expert Rich Creme Hair Color 11g+11ml,Personal Care,Hair Care,Hair Colour & Dyes,Godrej,Hair Colour,Godrej Consumer Products,FMCGNF
WB,3688,Godrej Nupur Henna Mehendi | 65 g | Pack of 1,Personal Care,Hair Care,Hair Colour & Dyes,Godrej,Mehendi,Godrej Consumer Products,FMCGNF
WB,10326,Hair & Care Aloe Vera Hair Oil 100ml,Personal Care,Hair Care,Hair Oil,Hair & Care,Hair Oil,Marico limited,FMCGNF
WB,1578,Dove Daily Shine Shampoo | 180ml | Pack of 1,Personal Care,Hair Care,Shampoo,Dove,Shampoo,HUL,FMCGNF
WB,4972,Himani Cool Hair Oil Navratna 90ml,Personal Care,Hair Care,Hair Oil,Navratna,Hair Oil,Emami Ltd,FMCGNF
WB,3798,L'Oreal Hair Total Repair Hair Conditioner | 175ml | Pack of 1,Personal Care,Hair Care,Hair Conditioner,L'Oreal Paris,Conditioner,L'Oreal India Pvt. Ltd.,FMCGNF
WB,12963,Dove Nutritive Solution Hair Fall Rescue Shampoo | 180ml | Pack of 1,Personal Care,Hair Care,Shampoo,Dove,Shampoo,HUL,FMCGNF
WB,3810,Livon Silky Hair Serum 50ml,Personal Care,Hair Care,Hair Serum,Livon,Hair Serum,Marico limited,FMCGNF
WB,4981,Nihar Naturals Coconut Hair Oil | 200ml | Pack of 1,Personal Care,Hair Care,Hair Oil,Nihar,Coconut Hair Oil,Marico limited,FMCGNF
WB,1570,Dove Anti Dandruff Care Shampoo 180ml,Personal Care,Hair Care,Shampoo,Dove,Shampoo,HUL,FMCGNF
WB,10712,Head & Shoulder Anti Dandruff Smooth & Silky Shampoo 72ml,Personal Care,Hair Care,Shampoo,Head & Shoulders,Shampoo,Procter & Gamble,FMCGNF
WB,3730,Garnier Black Natural 4 + Natural Brown Hair Color 20ml,Personal Care,Hair Care,Hair Colour & Dyes,Garnier,Hair Colour,L'Oreal India Pvt. Ltd.,FMCGNF
WB,9219,Hair & Care Non Sticky Hair Oil For Damage Repair Aloe Vera Olive Oil & Green Tea 200ml,Personal Care,Hair Care,Hair Oil,Hair & Care,Hair Oil,Marico limited,FMCGNF
WB,11600,L'Oreal Paris Total Repair 5 Damaged Hair Shampoo | 180ml | Pack of 1,Personal Care,Hair Care,Shampoo,L'Oreal Paris,Shampoo,L'Oreal India Pvt. Ltd.,FMCGNF
WB,3819,Loreal Paris 6 Oil Nourishing Conditioner 180ml,Personal Care,Hair Care,Hair Conditioner,L'Oreal Paris,Conditioner,L'Oreal India Pvt. Ltd.,FMCGNF
WB,9206,Nihar Naturals Shanti Badam Amla Hair Oil 240ml,Personal Care,Hair Care,Hair Oil,Nihar,Amla Hair Oil,Marico limited,FMCGNF
WB,96843,Nisha Hair Color Powder Natural Brown 25g,Personal Care,Hair Care,Hair Colour & Dyes,Nisha,Hair Colour,Yutika Natural Pvt Ltd,FMCGNF
WB,46933,Nisha Natural Black Herbal Care 25g,Personal Care,Hair Care,Hair Colour & Dyes,Nisha,Hair Colour,Yutika Natural Pvt Ltd,FMCGNF
WB,4996,Parachute Advanced Jasmine Coconut Hair Oil 90ml,Personal Care,Hair Care,Hair Oil,Parachute Advansed,Coconut Hair Oil,Marico limited,FMCGNF
WB,5003,Parachute Coconut Oil Bottle | 100ml | Pack of 1,Personal Care,Hair Care,Hair Oil,Parachute,Coconut Hair Oil,Marico limited,FMCGNF
WB,23642,Parachute Coconut Oil Bottle | 600ml | Pack of 1,Personal Care,Hair Care,Hair Oil,Parachute,Coconut Hair Oil,Marico limited,FMCGNF
WB,12463,Parachute Coconut Oil Bottle 200ml,Personal Care,Hair Care,Hair Oil,Parachute,Coconut Hair Oil,Marico limited,FMCGNF
WB,27354,Parachute Coconut Oil Bottle | 300ml | Pack of 1,Personal Care,Hair Care,Hair Oil,Parachute,Coconut Hair Oil,Marico limited,FMCGNF
WB,77843,L'Oreal Paris Hyaluron Moisture Hyaluronic Acid Shampoo | 180ml | Pack of 1,Personal Care,Hair Care,Shampoo,L'Oreal Paris,Shampoo,L'Oreal India Pvt. Ltd.,FMCGNF
WB,3892,Streax Hair Serum Vitamin C with Walnut Oil 45ml,Personal Care,Hair Care,Hair Serum,Streax,Hair Serum,Hygienic Research Institute,FMCGNF
WB,12585,Streax Insta 1 Natural Black Colour Shampoo 18ml,Personal Care,Hair Care,Hair Colour & Dyes,Streax,Hair Colour,Hygienic Research Institute,FMCGNF
WB,14320,Patanjali Kesh Kanti Natural Hair Cleanser Shampoo 180ml,Personal Care,Hair Care,Shampoo,Patanjali,Shampoo,Patanjali Ayurved,FMCGNF
WB,8555,Sunsilk Black Shampoo | 180ml | Pack of 1,Personal Care,Hair Care,Shampoo,Sunsilk,Shampoo,HUL,FMCGNF
WB,10028,Sunslik Lusciosly Thick & Long Sampoo 180ml,Personal Care,Hair Care,Shampoo,Sunsilk,Shampoo,HUL,FMCGNF
WB,35735,Tresemme Keratin Smooth Conditioner | 80ml | Pack of 1,Personal Care,Hair Care,Hair Conditioner,Tresemme,Conditioner,HUL,FMCGNF
WB,3893,Streax Insta Burgundy 3.16 Shampoo Hair Color 18ml,Personal Care,Hair Care,Hair Colour & Dyes,Streax,Hair Colour,Hygienic Research Institute,FMCGNF
WB,10031,Sunsilk Stunning Black Shine Shampoo - 350ml,Personal Care,Hair Care,Shampoo,Sunsilk,Shampoo,HUL,FMCGNF
WB,3911,Tresemme Keratin Smooth Argan Oil Shampoo | 180ml | Pack of 1,Personal Care,Hair Care,Shampoo,Tresemme,Shampoo,HUL,FMCGNF
WB,15865,Tresemme Keratin Smooth With Keratin & Argan Shampoo - 340ml,Personal Care,Hair Care,Shampoo,Tresemme,Shampoo,HUL,FMCGNF
WB,4988,Parachute Advansed Hair Oil Aloe Vera + Enriched Coconut 150ml,Personal Care,Hair Care,Hair Oil,Parachute Advansed,Coconut Hair Oil,Marico limited,FMCGNF
WB,97027,Dettol Icy Cool Soap 100g x 5N,Personal Care,Bath & Body Wash,Soaps,Dettol,Soap,Reckitt Benckiser,FMCGNF
WB,1513,Dettol Original Soap Bar | 100g x 5 | Pack of 5,Personal Care,Bath & Body Wash,Soaps,Dettol,Soap,Reckitt Benckiser,FMCGNF
WB,97140,Dettol Orignal Soap 100g,Personal Care,Bath & Body Wash,Soaps,Dettol,Soap,Reckitt Benckiser,FMCGNF
WB,11994,Lifebuoy Silver Defence Soap 40g,Personal Care,Bath & Body Wash,Soaps,Lifebuoy,Soap,HUL,FMCGNF
WB,104374,Lifebuoy Expert Defense Bathing Bar | 4 x 100g + 100g Free | Pack of 5,Personal Care,Bath & Body Wash,Soaps,Lifebuoy,Soap,HUL,FMCGNF
WB,10739,Margo Neem Body Soap | 43g | Pack of 1,Personal Care,Bath & Body Wash,Soaps,Margo,Soap,Jyothy Labs,FMCGNF
WB,4143,Margo Original Neem Bathing Soap 100g,Personal Care,Bath & Body Wash,Soaps,Margo,Soap,Jyothy Labs,FMCGNF
WB,4144,Margo Original Neem Vitamin E Moisturizing Soap | 500g | Buy 4 Get 1 Free | Pack of 5,Personal Care,Bath & Body Wash,Soaps,Margo,Soap,Jyothy Labs,FMCGNF
WB,4708,Fiama Blackcurrant & Bearberry Shower Gel 250ml | Pack of 1,Personal Care,Bath & Body Wash,Shower Gel & Body Wash,Fiama,Body Wash,ITC Ltd,FMCGNF
WB,13570,Lux Body Wash Fragrant Skin Orchid Scent & Juniper Oil | 245ml | Pack of 1,Personal Care,Bath & Body Wash,Shower Gel & Body Wash,Lux,Body Wash,HUL,FMCGNF
WB,13569,Lux Body Wash Soft Skin French Rose & Almond Oil | 240ml | Pack of 1,Personal Care,Bath & Body Wash,Shower Gel & Body Wash,Lux,Body Wash,HUL,FMCGNF
WB,4172,Pears Pure And Gentle Body Wash | 250ml | Pack of 1,Personal Care,Bath & Body Wash,Shower Gel & Body Wash,Pears,Body Wash,HUL,FMCGNF
WB,13290,Cinthol Lime Refreshing Soap 100g,Personal Care,Bath & Body Wash,Soaps,Cinthol,Soap,Godrej Consumer Products,FMCGNF
WB,1611,Godrej Cinthol Cool Soap 75g*4,Personal Care,Bath & Body Wash,Soaps,Cinthol,Soap,Godrej Consumer Products,FMCGNF
WB,1613,Godrej Cinthol Lime Soap 75g Set Of 4,Personal Care,Bath & Body Wash,Soaps,Cinthol,Soap,Godrej Consumer Products,FMCGNF
WB,1562,Dove Cream Beauty Bathing Bar 100g,Personal Care,Bath & Body Wash,Soaps,Dove,Soap,HUL,FMCGNF
WB,1564,Dove Cream Beauty Bathing Bar 50g,Personal Care,Bath & Body Wash,Soaps,Dove,Soap,HUL,FMCGNF
WB,4170,Pears Pure And Gentle | 100g | Pack of 1,Personal Care,Bath & Body Wash,Soaps,Pears,Soap,HUL,FMCGNF
WB,9225,Pears Pure And Gentle Soap 60g,Personal Care,Bath & Body Wash,Soaps,Pears,Soap,HUL,FMCGNF
WB,4168,Pears Pure And Gentle Value Pack 125gx3N,Personal Care,Bath & Body Wash,Soaps,Pears,Soap,HUL,FMCGNF
WB,4173,Pears Soft & Fresh Soap Bar 100g,Personal Care,Bath & Body Wash,Soaps,Pears,Soap,HUL,FMCGNF
WB,4707,Fiama Bearberry & Blackcurrant Gel Bar - 125g,Personal Care,Bath & Body Wash,Soaps,Fiama,Soap,ITC Ltd,FMCGNF
WB,104557,Fiama Gel Bar Celebration Pack - 125g x 5,Personal Care,Bath & Body Wash,Soaps,Fiama,Soap,ITC Ltd,FMCGNF
WB,8275,Liril Lime And Tea Tree Oil Soap 75g,Personal Care,Bath & Body Wash,Soaps,Liril,Soap,HUL,FMCGNF
WB,13786,Lux Fresh Glow Soap 100g,Personal Care,Bath & Body Wash,Soaps,Lux,Soap,HUL,FMCGNF
WB,86569,Lux Ultimate Glow Jasmine Vitamin C+E Soap | 100g x 4N | Pack of 4,Personal Care,Bath & Body Wash,Soaps,Lux,Soap,HUL,FMCGNF
WB,4114,Godrej No. 1 Lime And Aloe Vera Soap | 5 x 100g | Pack of 5,Personal Care,Bath & Body Wash,Soaps,Godrej No.1,Soap,Godrej Consumer Products,FMCGNF
WB,5045,Liril Lime All Day Freshness Soap | 125g | Pack of 1,Personal Care,Bath & Body Wash,Soaps,Liril,Soap,HUL,FMCGNF
WB,4115,Godrej No. 1 Sandal Turmeric Soap | 100g x 5 Pcs | Pack of 5,Personal Care,Bath & Body Wash,Soaps,Godrej,Soap,Godrej Consumer Products,FMCGNF
WB,4149,Mysore Sandal Bathing Soap 75g,Personal Care,Bath & Body Wash,Soaps,Mysore Sandal,Soap,Karnataka Soaps & Detergents,FMCGNF
WB,4199,Santoor Total Skin Care Sandal & Turmeric 4x46g,Personal Care,Bath & Body Wash,Soaps,Santoor,Soap,Wipro Enterprises,FMCGNF
WB,4201,Santoor Sandal & Turmeric Soap | 4x100g | Pack of 1,Personal Care,Bath & Body Wash,Soaps,Santoor,Soap,Wipro Enterprises,FMCGNF
WB,29398,Nivea Frangipani & Oil Shower Gel 250ml,Personal Care,Bath & Body Wash,Shower Gel & Body Wash,Nivea,Body Wash,Nivea India Pvt. Ltd.,FMCGNF
WB,88117,Vim Lemon Dishwash Liquid Gel Refill Pouch | 900ml | Pack of 1,Cleaning & Household Needs,Dish Washing,Dishwash Liquid & Gel,Vim,Dishwash Liquid,HUL,FMCGNF
WB,4329,Good Knight Power Activ+ Refills | 45ml | Pack of 2,Cleaning & Household Needs,Repellents,Mosquito Repellants,Good Knight,Mosquito Repellent Liquid,Godrej Consumer Products,FMCGNF
WB,13646,Godrej Hit Anti Roach Gel | 20g | Pack of 1,Cleaning & Household Needs,Repellents,Cockroach Repellants,Hit,Cockroach Repellant Gel,Godrej Consumer Products,FMCGNF
WB,24204,Colgate Glow In Dark Toothpaste for Children 80g,Baby Care,Baby Oral and Hair Care,Baby Toothpastes,Colgate,Kids Toothpaste,Colgate Palmolive,FMCGNF
WB,33000,Lux International Creamy Perfection Plus Soap 125g,Personal Care,Bath & Body Wash,Soaps,Lux,Soap,HUL,FMCGNF
WB,74366,Emami Fair And Handsome Long Lasting Radiance Cream 30g,Personal Care,Face & Skin Care,Face Cream & Gel,Fair And Handsome,Face Cream,Emami Ltd,FMCGNF
WB,104516,Mamypoko pants All night absorb | XL | Pack of 11,Baby Care,Baby Hygiene,Diapers & Wipes,MamyPoko,Diaper Pants,Unicharm India Pvt Ltd,FMCGNF
WB,103295,"MamyPoko Pants All Night Absorb Baby Diaper Pants (S, 4-8 kg, 56 Diapers)",Baby Care,Baby Hygiene,Diapers & Wipes,MamyPoko,Diaper Pants,Unicharm India Pvt Ltd,FMCGNF
WB,104790,Senu Disinfectant Citrus Surface Cleaner - 500ml,Cleaning & Household Needs,Disinfectant & Cleaners,Floor & Surface Cleaners,Senu,Surface Cleaner,Neerava hygiene Products India Pvt.Ltd,FMCGNF
WB,104791,Senu Disinfectant Floral Surface Cleaner - 500ml,Cleaning & Household Needs,Disinfectant & Cleaners,Floor & Surface Cleaners,Senu,Surface Cleaner,Neerava hygiene Products India Pvt.Ltd,FMCGNF
WB,104792,Senu Disinfectant Citrus Surface Cleaner - 975ml,Cleaning & Household Needs,Disinfectant & Cleaners,Floor & Surface Cleaners,Senu,Surface Cleaner,Neerava hygiene Products India Pvt.Ltd,FMCGNF
WB,104793,Senu Disinfectant Floral Surface Cleaner - 975ml,Cleaning & Household Needs,Disinfectant & Cleaners,Floor & Surface Cleaners,Senu,Surface Cleaner,Neerava hygiene Products India Pvt.Ltd,FMCGNF
WB,104794,Senu Disinfectant Toilet Cleaner - 500ml,Cleaning & Household Needs,Disinfectant & Cleaners,Toilet Cleaner,Senu,Toilet Cleaner,Neerava hygiene Products India Pvt.Ltd,FMCGNF
WB,104795,Senu Disinfectant Toilet Cleaner - 1L,Cleaning & Household Needs,Disinfectant & Cleaners,Toilet Cleaner,Senu,Toilet Cleaner,Neerava hygiene Products India Pvt.Ltd,FMCGNF
WB,104796,Senu Classic Perfumed White Floor Cleaner - 1L,Cleaning & Household Needs,Disinfectant & Cleaners,Floor & Surface Cleaners,Senu,Floor Cleaner,Neerava hygiene Products India Pvt.Ltd,FMCGNF
WB,104797,Senu Classic Perfumed White Floor Cleaner - 5L,Cleaning & Household Needs,Disinfectant & Cleaners,Floor & Surface Cleaners,Senu,Floor Cleaner,Neerava hygiene Products India Pvt.Ltd,FMCGNF
WB,104798,Senu Dishwash Concentrated Gel Lemon Power - 500ml,Cleaning & Household Needs,Dish Washing,Dishwash Liquid & Gel,Senu,Dishwash Liquid,Neerava hygiene Products India Pvt.Ltd,FMCGNF
JH,1367,Comfort Lily Fresh Fabric Conditioner 210ml,Cleaning & Household Needs,Laundry Care,Fabric Conditioner & Whitener,Comfort,Fabric Conditioner,HUL,FMCGNF
CG,4130,Himalaya Neem & Turmeric Soap 125g,Personal Care,Bath & Body Wash,Soaps,Himalaya,Soap,The Himalaya Drug Company,FMCGNF
WB,4130,Himalaya Neem & Turmeric Soap 125g,Personal Care,Bath & Body Wash,Soaps,Himalaya,Soap,The Himalaya Drug Company,FMCGNF
WB,14334,Sunlight Detergent Powder | 1kg | Pack of 1,Cleaning & Household Needs,Laundry Care,Detergent Powder,Sunlight,Detergent Powder,HUL,FMCGNF
WB,14948,Sunlight Detergent Bar 150g,Cleaning & Household Needs,Laundry Care,Detergent Bars,Sunlight,Detergent Bar,HUL,FMCGNF
WB,17443,Sunlight Detergent Powder Pouch 500g,Cleaning & Household Needs,Laundry Care,Detergent Powder,Sunlight,Detergent Powder,HUL,FMCGNF
CG,22534,Santoor Sandal & Turmeric Soap 75g Pack of 4,Personal Care,Bath & Body Wash,Soaps,Santoor,Soap,Wipro Enterprises,FMCGNF
CG,27708,Hamam 100% Pure Neem Oil Soap | 100 g | Pack of 1,Personal Care,Bath & Body Wash,Soaps,Hamam,Soap,HUL,FMCGNF
CG,36818,Medimix Ayurvedic 18 Herbs Soap 450g,Personal Care,Bath & Body Wash,Soaps,Medimix,Soap,Cholayil Private Limited,FMCGNF
CG,43094,Santoor Soap Aloe Vera and Lime 4N 184g,Personal Care,Bath & Body Wash,Soaps,Santoor,Soap,Wipro Enterprises,FMCGNF
WB,46886,Joy Hair Fruits Hairfall Defense Conditioning Shampoo 340ml,Personal Care,Hair Care,Shampoo,Joy,Shampoo,RSH Global Pvt Ltd,FMCGNF
WB,69471,Joy Hair Fruits Long & Silky Conditioning Shampoo 340ml,Personal Care,Hair Care,Shampoo,Joy,Shampoo,RSH Global Pvt Ltd,FMCGNF
WB,76442,More Light Extra Power Detergent Powder | 4Kg | Pack of 1,Cleaning & Household Needs,Laundry Care,Detergent Powder,More Light,Detergent Powder,Jyothy Labs,FMCGNF
WB,80008,Khadi Natural Ayurvedic Aloevera Soap 125g,Personal Care,Bath & Body Wash,Soaps,Khadi Natural,Soap,Khadi Natural Healthcare,FMCGNF
CG,89366,Patanjali Neem Kanti Body Cleaner | 150g | Pack of 4,Personal Care,Bath & Body Wash,Soaps,Patanjali,Soap,Patanjali Ayurved,FMCGNF
WB,96126,Safed Sparkle Dishwash | 140g | B4G1 | Pack of 1,Cleaning & Household Needs,Dish Washing,Dishwash Bars,Safed,Dishwash Bar,Safechem Industries Pvt. Ltd,FMCGNF
WB,96127,Safed Sparkle Dishwash Bar Tub | 600g | Pack of 1,Cleaning & Household Needs,Dish Washing,Dishwash Bars,Safed,Dishwash Bar,Safechem Industries Pvt. Ltd,FMCGNF
WB,96128,Safed Stain Wash Detergent Powder 1 Kg,Cleaning & Household Needs,Laundry Care,Detergent Powder,Safed,Detergent Powder,Safechem Industries Pvt. Ltd,FMCGNF
WB,96131,Safed Sparkle Dishwash Bar Tub 350g,Cleaning & Household Needs,Dish Washing,Dishwash Bars,Safed,Dishwash Bar,Safechem Industries Pvt. Ltd,FMCGNF
WB,96337,Joy Fresh Morning Awakening Shower Gel Mint & Eucalyptus 250ml,Personal Care,Bath & Body Wash,Shower Gel & Body Wash,Joy,Body Wash,RSH Global Pvt Ltd,FMCGNF
WB,96397,Khadi Natural Chandan Haldi Soap 125g,Personal Care,Bath & Body Wash,Soaps,Khadi Natural,Soap,Khadi Natural Healthcare,FMCGNF
CG,97055,Santoor Sandal & Turmeric Soap | 125g x 4 | Pack of 4,Personal Care,Bath & Body Wash,Soaps,Santoor,Soap,Wipro Enterprises,FMCGNF
CG,97477,KRD Neem Extra Strong Herbal Floor Cleaner | 1Ltr | Pack of 1,Cleaning & Household Needs,Disinfectant & Cleaners,Floor & Surface Cleaners,KRD,Floor Cleaner,KRD Clean & Care,FMCGNF
CG,97478,KRD Neem Extra Strong Herbal Floor Cleaner | 5Ltr | Pack of 1,Cleaning & Household Needs,Disinfectant & Cleaners,Floor & Surface Cleaners,KRD,Floor Cleaner,KRD Clean & Care,FMCGNF
WB,100323,Active Wheel 2 in 1 Clean & Fresh Detergent Powder | 800g | Pack of 1,Cleaning & Household Needs,Laundry Care,Detergent Powder,HUL,Detergent Powder,HUL,FMCGNF
JH,68755,Apsara Non Dust Erasers 1N,Stationery,School Stationery,Eraser,Apsara,Eraser,Hindustan Agro Products,GM
JH,96442,B Vishal Loofah + D30 | 30g | Multicolor | Pack of 1 | Color May Vary,Personal Care,Bath & Body Wash,Bathing Accessories,B Vishal,Loofah,B Vishal Corporation,GM
JH,96498,B Vishal Transparent Tape | 30 Mtr | 1/2 Inch | Pack of 1,Stationery,Glue & Tape,Glue,B Vishal,Tape,B Vishal Corporation,GM
JH,10868,Classmate Octane Gel Pen | Black | Pack of 1,Stationery,School Stationery,Pens,Classmate,Gel Pen,ITC Ltd,GM
JH,10867,Classmate Octane Gel Pen | Blue | Pack of 1,Stationery,School Stationery,Pens,Classmate,Gel Pen,ITC Ltd,GM
JH,96005,Cook & Home Lighter + Knife | Pack of 1,Home & Kitchen,Kitchen Utility,"Knives, Tools & Others Accessories",Cook & Home,Lighter+Knife,Nayan Traders,GM
JH,1392,Cycle Naivedya Sambrani | Pack of 12,Pooja Needs,Pooja Needs,Agarbatti & Dhoop,Cycle,Sambrani,N Ranga Rao & Sons,GM
JH,1394,Cycle Om Shanti Pure Camphor | 25 Pcs | Pack of 1,Pooja Needs,Pooja Needs,Camphor & Wicks,Cycle,Camphor,N Ranga Rao & Sons,GM
JH,1395,Cycle Om Shanti Pure Camphor | 52 Pcs | Pack of 1,Pooja Needs,Pooja Needs,Camphor & Wicks,Cycle,Camphor,N Ranga Rao & Sons,GM
JH,10157,Doms Extra Long Pencil Sharpner | Pack of 1,Stationery,School Stationery,Sharpener,Doms,Pencil Sharpener,Doms Industries,GM
JH,78590,Doms Scale 15Cm | Pack of 1,Stationery,School Stationery,Ruler,Doms,Scale,Doms Industries,GM
JH,1557,Doms X1 Xtra Dark Pencil | Pack of 10,Stationery,School Stationery,Pens,DOMS,Pencil,Doms Industries,GM
JH,1591,Duracell AA Chota Power Alkaline Battery | Pack of 1,Electricals & Accessories,Hardware & Electricals,Cells & Battery,Duracell,Cell,Procter & Gamble,GM
JH,1588,Duracell AAA Alkaline Battery | Pack of 1,Electricals & Accessories,Hardware & Electricals,Cells & Battery,Duracell,Cell,Procter & Gamble,GM
JH,4463,Eveready AA Battery 915 Blue | Pack of 1,Electricals & Accessories,Hardware & Electricals,Cells & Battery,Eveready,Cell,Eveready Battery Company,GM
JH,8181,Eveready Brightest LED Bulb | 9W | Pack of 1,Electronics,Lighting,Table Lamp & Led Lamp,Eveready,LED Bulb,Eveready Battery Company,GM
JH,2676,Fevi Kwik Instant Adhesive | 450mg | Pack of 1,Stationery,Glue & Tape,Glue,Fevikwik,Instant Adhesive,Pidilite Industries Limited,GM
JH,22277,Fevicol MR White Adhesive - 20g,Stationery,Glue & Tape,Glue,Fevicol,Glue,Pidilite Industries Limited,GM
JH,69111,Gala Dust Pan 1N,Cleaning & Household Needs,"Mops, Brushes & Scrubs",Brooms & Dust Pans,Gala,Dustpan,Freudenberg Gala Household Products,GM
JH,72485,Gala Leader Plus Floor Wiper | Pack of 1,Cleaning & Household Needs,"Mops, Brushes & Scrubs",Mops & Wipers,Gala,Wiper,Freudenberg Gala Household Products,GM
JH,102214,Gubb Nail Clipper | Pack of 1,Personal Care,Makeup & Cosmetics,Nail Clipper,Gubb,Nail Clipper,Groom Town Private Limited,GM
JH,12276,HIC Cotton Mop | YI 636 | Pack of 1,Cleaning & Household Needs,"Mops, Brushes & Scrubs",Mops & Wipers,Hic,Mop,HIC india,GM
JH,14465,Hindalco Freshwrapp Aluminium Foil | 33g + 17g Free | Pack of 1,Home & Kitchen,Kitchen Utility,Aluminium Foil & Clingwrap,Hindalco,Aluminium Foil,Hindalco Industries,GM
JH,4327,Homelites Matchbox | Pack of 5,Pooja Needs,Pooja Needs,Candles & Match Box,Homelites,Matchbox,Wimco,GM
JH,13283,Mangaldeep Sadhvi Puja Agarbatti | 100 Sticks | Pack of 1,Pooja Needs,Pooja Needs,Agarbatti & Dhoop,Mangaldeep,Agarbatti,ITC Ltd,GM
JH,24368,Orient | 9W,Electronics,Lighting,Bulb & Tubelight,Local,Bulb,Local,GM
JH,13257,Patanjali Aastha Cotton Wicks | 25g | 200 Pcs | Pack of 1,Pooja Needs,Pooja Needs,Camphor & Wicks,Patanjali,Cotton Wicks,Patanjali Ayurved,GM
JH,81361,Patanjali Aastha Premium Sandal Dhoop | Pack of 20,Pooja Needs,Pooja Needs,Agarbatti & Dhoop,Patanjali,Dhoop,Patanjali Ayurved,GM
JH,99787,Phool Broom Jhadu | 50 Inch | Steel Wire Binding | Pack of 1,Cleaning & Household Needs,"Mops, Brushes & Scrubs",Brooms & Dust Pans,Local,Broom,Radhikaraman Enterprises,GM
JH,81431,Pitambari Deep Shakti Sesame Oil | 450ml | Pack of 1,Pooja Needs,Pooja Needs,Lamp Oil & Ghee,Pitambari,Puja Oil,Pitambari Products,GM
JH,96240,Premier Silky 1-Ply Napkin | 27×27 cm | 90 Pulls | Pack of 1,Cleaning & Household Needs,Disposables & Garbage Bag,Paper Napkin & Tissue Box,Premier,Napkins,Premier Tissues India,GM
JH,97652,Rathi Rumal Kishan's Kitchen Napkin | 45cm x 70cm | Pack of 3,Cleaning & Household Needs,"Mops, Brushes & Scrubs",Dust Cloth & Wipes,Kishan's,Kitchen Duster,Rathi Rumal,GM
JH,97654,Rathi Rumal Microfibre Duster | Multicolor | Pack of 1 | Colour May Vary,Cleaning & Household Needs,"Mops, Brushes & Scrubs",Dust Cloth & Wipes,Kishan's,Microfiber Duster,Rathi Rumal,GM
JH,5099,Ro Clean Garbage Bags | Medium | Pack of 1,Cleaning & Household Needs,Disposables & Garbage Bag,Garbage Bags,Local,Garbage Bags,Local,GM
JH,8539,Ro Clean Garbage Bags | Small | Pack of 1,Cleaning & Household Needs,Disposables & Garbage Bag,Garbage Bags,Local,Garbage Bags,Local,GM
JH,80730,Royal Gold Super Soft Napkin Tissue Paper Napkin | 90 Pulls | Pack of 1,Cleaning & Household Needs,Disposables & Garbage Bag,Paper Napkin & Tissue Box,Premier,Napkins,Premier Tissues India,GM
JH,4500,Scotch Brite Combo Stainless Steel Scrubber Scrub Pad | Pack of 1,Home & Kitchen,Kitchen Cleaning,Dishwash Scrubs,Scotch Brite,Steel Scrub,3M INDIA,GM
JH,11073,Scotch Brite Power Scrub Tough Stain Removal | Pack of 1,Home & Kitchen,Kitchen Cleaning,Dishwash Scrubs,Scotch Brite,Cleaning Scrub Pad,3M INDIA,GM
JH,4501,Scotch Brite Silver Sparks Scrub | Pack of 1,Home & Kitchen,Kitchen Cleaning,Dishwash Scrubs,Scotch Brite,Cleaning Scrub Pad,3M INDIA,GM
JH,4503,Scotch Brite Silver Sparks Scrub Pad | Pack of 3,Home & Kitchen,Kitchen Cleaning,Dishwash Scrubs,Scotch Brite,Cleaning Scrub Pad,3M INDIA,GM
JH,4499,Scotch Brite Stainless Steel Scrubber | Pack of 1,Home & Kitchen,Kitchen Cleaning,Dishwash Scrubs,Scotch Brite,Steel Scrub,3M INDIA,GM
JH,96532,Shubhkart Darshana Camphor Pooja Oil | 900ml | Pack of 1,Pooja Needs,Pooja Needs,Lamp Oil & Ghee,Shubhkart,Puja Oil,Shubhkart India,GM
JH,96533,Shubhkart Darshana Pooja Ghee Jar | 200ml | Pack of 1,Pooja Needs,Pooja Needs,Lamp Oil & Ghee,Shubhkart,Ghee,Shubhkart India,GM
JH,96521,Shubhkart Nirmal 5 In 1 Agarbatti | 125g | Pack of 1,Pooja Needs,Pooja Needs,Agarbatti & Dhoop,Shubhkart,Agarbatti,Shubhkart India,GM
JH,96523,Shubhkart Nirmal Kapoor Lobhan Agarbatti | 125g | Pack of 1,Pooja Needs,Pooja Needs,Agarbatti & Dhoop,Shubhkart,Agarbatti,Shubhkart India,GM
JH,96522,Shubhkart Nirmal Kesar Chandan Agarbatti | 125g | Pack of 1,Pooja Needs,Pooja Needs,Agarbatti & Dhoop,Shubhkart,Agarbatti,Shubhkart India,GM
JH,96527,Shubhkart Nirmal Rose Dry Dhoop Stick | Pack of 10,Pooja Needs,Pooja Needs,Agarbatti & Dhoop,Shubhkart,Dhoop,Shubhkart India,GM
JH,78912,Shubhkart Samai Diya Wicks | 4g | Pack of 1,Pooja Needs,Pooja Needs,Camphor & Wicks,Shubhkart,Wicks,Shubhkart India,GM
JH,96524,Shubhkart Surabhi Pure Camphor Container | 100g | Pack of 1,Pooja Needs,Pooja Needs,Camphor & Wicks,Shubhkart,Camphor,Shubhkart India,GM
JH,96531,Shubhkart Tejas Pure Ghee Wicks | 30 Pcs | Pack of 1,Pooja Needs,Pooja Needs,Camphor & Wicks,Shubhkart,Wicks,Shubhkart India,GM
JH,78754,Shubhkart Tejas Round Cotton Wicks | 7g | Pack of 1,Pooja Needs,Pooja Needs,Camphor & Wicks,Shubhkart,Cotton Wicks,Shubhkart India,GM
JH,4396,Toothpick Sticks | 240 Pieces | Pack of 1,Personal Care,Oral Care,Oral Accessories,Tulips,Toothpick,Suparshva Swabs,GM
JH,93155,Uni Fresh Heavy Duty Coconut Jhadu | Pack of 1,Cleaning & Household Needs,"Mops, Brushes & Scrubs",Brooms & Dust Pans,Uni Fresh,Broom,Uni Fresh,GM
JH,100946,Washway Steel Tongue Cleaner | Regular Double Handle | Pack of 1,Personal Care,Oral Care,Oral Accessories,Washway,Tongue Cleaner,NAR Hygiene LLP,GM
CG,68755,Apsara Non Dust Erasers 1N,Stationery,School Stationery,Eraser,Apsara,Eraser,Hindustan Agro Products,GM
CG,96442,B Vishal Loofah + D30 | 30g | Multicolor | Pack of 1 | Color May Vary,Personal Care,Bath & Body Wash,Bathing Accessories,B Vishal,Loofah,B Vishal Corporation,GM
CG,96498,B Vishal Transparent Tape | 30 Mtr | 1/2 Inch | Pack of 1,Stationery,Glue & Tape,Glue,B Vishal,Tape,B Vishal Corporation,GM
CG,10868,Classmate Octane Gel Pen | Black | Pack of 1,Stationery,School Stationery,Pens,Classmate,Gel Pen,ITC Ltd,GM
CG,10867,Classmate Octane Gel Pen | Blue | Pack of 1,Stationery,School Stationery,Pens,Classmate,Gel Pen,ITC Ltd,GM
CG,96005,Cook & Home Lighter + Knife | Pack of 1,Home & Kitchen,Kitchen Utility,"Knives, Tools & Others Accessories",Cook & Home,Lighter+Knife,Nayan Traders,GM
CG,1392,Cycle Naivedya Sambrani | Pack of 12,Pooja Needs,Pooja Needs,Agarbatti & Dhoop,Cycle,Sambrani,N Ranga Rao & Sons,GM
CG,1394,Cycle Om Shanti Pure Camphor | 25 Pcs | Pack of 1,Pooja Needs,Pooja Needs,Camphor & Wicks,Cycle,Camphor,N Ranga Rao & Sons,GM
CG,1395,Cycle Om Shanti Pure Camphor | 52 Pcs | Pack of 1,Pooja Needs,Pooja Needs,Camphor & Wicks,Cycle,Camphor,N Ranga Rao & Sons,GM
CG,10157,Doms Extra Long Pencil Sharpner | Pack of 1,Stationery,School Stationery,Sharpener,Doms,Pencil Sharpener,Doms Industries,GM
CG,78590,Doms Scale 15Cm | Pack of 1,Stationery,School Stationery,Ruler,Doms,Scale,Doms Industries,GM
CG,1557,Doms X1 Xtra Dark Pencil | Pack of 10,Stationery,School Stationery,Pens,DOMS,Pencil,Doms Industries,GM
CG,1591,Duracell AA Chota Power Alkaline Battery | Pack of 1,Electricals & Accessories,Hardware & Electricals,Cells & Battery,Duracell,Cell,Procter & Gamble,GM
CG,1588,Duracell AAA Alkaline Battery | Pack of 1,Electricals & Accessories,Hardware & Electricals,Cells & Battery,Duracell,Cell,Procter & Gamble,GM
CG,4463,Eveready AA Battery 915 Blue | Pack of 1,Electricals & Accessories,Hardware & Electricals,Cells & Battery,Eveready,Cell,Eveready Battery Company,GM
CG,8181,Eveready Brightest LED Bulb | 9W | Pack of 1,Electronics,Lighting,Table Lamp & Led Lamp,Eveready,LED Bulb,Eveready Battery Company,GM
CG,2676,Fevi Kwik Instant Adhesive | 450mg | Pack of 1,Stationery,Glue & Tape,Glue,Fevikwik,Instant Adhesive,Pidilite Industries Limited,GM
CG,22277,Fevicol MR White Adhesive - 20g,Stationery,Glue & Tape,Glue,Fevicol,Glue,Pidilite Industries Limited,GM
CG,69111,Gala Dust Pan 1N,Cleaning & Household Needs,"Mops, Brushes & Scrubs",Brooms & Dust Pans,Gala,Dustpan,Freudenberg Gala Household Products,GM
CG,72485,Gala Leader Plus Floor Wiper | Pack of 1,Cleaning & Household Needs,"Mops, Brushes & Scrubs",Mops & Wipers,Gala,Wiper,Freudenberg Gala Household Products,GM
CG,102214,Gubb Nail Clipper | Pack of 1,Personal Care,Makeup & Cosmetics,Nail Clipper,Gubb,Nail Clipper,Groom Town Private Limited,GM
CG,12276,HIC Cotton Mop | YI 636 | Pack of 1,Cleaning & Household Needs,"Mops, Brushes & Scrubs",Mops & Wipers,Hic,Mop,HIC india,GM
CG,14465,Hindalco Freshwrapp Aluminium Foil | 33g + 17g Free | Pack of 1,Home & Kitchen,Kitchen Utility,Aluminium Foil & Clingwrap,Hindalco,Aluminium Foil,Hindalco Industries,GM
CG,4327,Homelites Matchbox | Pack of 5,Pooja Needs,Pooja Needs,Candles & Match Box,Homelites,Matchbox,Wimco,GM
CG,13283,Mangaldeep Sadhvi Puja Agarbatti | 100 Sticks | Pack of 1,Pooja Needs,Pooja Needs,Agarbatti & Dhoop,Mangaldeep,Agarbatti,ITC Ltd,GM
CG,24368,Orient | 9W,Electronics,Lighting,Bulb & Tubelight,Local,Bulb,Local,GM
CG,13257,Patanjali Aastha Cotton Wicks | 25g | 200 Pcs | Pack of 1,Pooja Needs,Pooja Needs,Camphor & Wicks,Patanjali,Cotton Wicks,Patanjali Ayurved,GM
CG,81361,Patanjali Aastha Premium Sandal Dhoop | Pack of 20,Pooja Needs,Pooja Needs,Agarbatti & Dhoop,Patanjali,Dhoop,Patanjali Ayurved,GM
CG,99787,Phool Broom Jhadu | 50 Inch | Steel Wire Binding | Pack of 1,Cleaning & Household Needs,"Mops, Brushes & Scrubs",Brooms & Dust Pans,Local,Broom,Radhikaraman Enterprises,GM
CG,81431,Pitambari Deep Shakti Sesame Oil | 450ml | Pack of 1,Pooja Needs,Pooja Needs,Lamp Oil & Ghee,Pitambari,Puja Oil,Pitambari Products,GM
CG,96240,Premier Silky 1-Ply Napkin | 27×27 cm | 90 Pulls | Pack of 1,Cleaning & Household Needs,Disposables & Garbage Bag,Paper Napkin & Tissue Box,Premier,Napkins,Premier Tissues India,GM
CG,97652,Rathi Rumal Kishan's Kitchen Napkin | 45cm x 70cm | Pack of 3,Cleaning & Household Needs,"Mops, Brushes & Scrubs",Dust Cloth & Wipes,Kishan's,Kitchen Duster,Rathi Rumal,GM
CG,97654,Rathi Rumal Microfibre Duster | Multicolor | Pack of 1 | Colour May Vary,Cleaning & Household Needs,"Mops, Brushes & Scrubs",Dust Cloth & Wipes,Kishan's,Microfiber Duster,Rathi Rumal,GM
CG,5099,Ro Clean Garbage Bags | Medium | Pack of 1,Cleaning & Household Needs,Disposables & Garbage Bag,Garbage Bags,Local,Garbage Bags,Local,GM
CG,8539,Ro Clean Garbage Bags | Small | Pack of 1,Cleaning & Household Needs,Disposables & Garbage Bag,Garbage Bags,Local,Garbage Bags,Local,GM
CG,80730,Royal Gold Super Soft Napkin Tissue Paper Napkin | 90 Pulls | Pack of 1,Cleaning & Household Needs,Disposables & Garbage Bag,Paper Napkin & Tissue Box,Premier,Napkins,Premier Tissues India,GM
CG,4500,Scotch Brite Combo Stainless Steel Scrubber Scrub Pad | Pack of 1,Home & Kitchen,Kitchen Cleaning,Dishwash Scrubs,Scotch Brite,Steel Scrub,3M INDIA,GM
CG,11073,Scotch Brite Power Scrub Tough Stain Removal | Pack of 1,Home & Kitchen,Kitchen Cleaning,Dishwash Scrubs,Scotch Brite,Cleaning Scrub Pad,3M INDIA,GM
CG,4501,Scotch Brite Silver Sparks Scrub | Pack of 1,Home & Kitchen,Kitchen Cleaning,Dishwash Scrubs,Scotch Brite,Cleaning Scrub Pad,3M INDIA,GM
CG,4503,Scotch Brite Silver Sparks Scrub Pad | Pack of 3,Home & Kitchen,Kitchen Cleaning,Dishwash Scrubs,Scotch Brite,Cleaning Scrub Pad,3M INDIA,GM
CG,4499,Scotch Brite Stainless Steel Scrubber | Pack of 1,Home & Kitchen,Kitchen Cleaning,Dishwash Scrubs,Scotch Brite,Steel Scrub,3M INDIA,GM
CG,96532,Shubhkart Darshana Camphor Pooja Oil | 900ml | Pack of 1,Pooja Needs,Pooja Needs,Lamp Oil & Ghee,Shubhkart,Puja Oil,Shubhkart India,GM
CG,96533,Shubhkart Darshana Pooja Ghee Jar | 200ml | Pack of 1,Pooja Needs,Pooja Needs,Lamp Oil & Ghee,Shubhkart,Ghee,Shubhkart India,GM
CG,96521,Shubhkart Nirmal 5 In 1 Agarbatti | 125g | Pack of 1,Pooja Needs,Pooja Needs,Agarbatti & Dhoop,Shubhkart,Agarbatti,Shubhkart India,GM
CG,96523,Shubhkart Nirmal Kapoor Lobhan Agarbatti | 125g | Pack of 1,Pooja Needs,Pooja Needs,Agarbatti & Dhoop,Shubhkart,Agarbatti,Shubhkart India,GM
CG,96522,Shubhkart Nirmal Kesar Chandan Agarbatti | 125g | Pack of 1,Pooja Needs,Pooja Needs,Agarbatti & Dhoop,Shubhkart,Agarbatti,Shubhkart India,GM
CG,96527,Shubhkart Nirmal Rose Dry Dhoop Stick | Pack of 10,Pooja Needs,Pooja Needs,Agarbatti & Dhoop,Shubhkart,Dhoop,Shubhkart India,GM
CG,78912,Shubhkart Samai Diya Wicks | 4g | Pack of 1,Pooja Needs,Pooja Needs,Camphor & Wicks,Shubhkart,Wicks,Shubhkart India,GM
CG,96524,Shubhkart Surabhi Pure Camphor Container | 100g | Pack of 1,Pooja Needs,Pooja Needs,Camphor & Wicks,Shubhkart,Camphor,Shubhkart India,GM
CG,96531,Shubhkart Tejas Pure Ghee Wicks | 30 Pcs | Pack of 1,Pooja Needs,Pooja Needs,Camphor & Wicks,Shubhkart,Wicks,Shubhkart India,GM
CG,78754,Shubhkart Tejas Round Cotton Wicks | 7g | Pack of 1,Pooja Needs,Pooja Needs,Camphor & Wicks,Shubhkart,Cotton Wicks,Shubhkart India,GM
CG,4396,Toothpick Sticks | 240 Pieces | Pack of 1,Personal Care,Oral Care,Oral Accessories,Tulips,Toothpick,Suparshva Swabs,GM
CG,93155,Uni Fresh Heavy Duty Coconut Jhadu | Pack of 1,Cleaning & Household Needs,"Mops, Brushes & Scrubs",Brooms & Dust Pans,Uni Fresh,Broom,Uni Fresh,GM
CG,100946,Washway Steel Tongue Cleaner | Regular Double Handle | Pack of 1,Personal Care,Oral Care,Oral Accessories,Washway,Tongue Cleaner,NAR Hygiene LLP,GM
WB,68755,Apsara Non Dust Erasers 1N,Stationery,School Stationery,Eraser,Apsara,Eraser,Hindustan Agro Products,GM
WB,96442,B Vishal Loofah + D30 | 30g | Multicolor | Pack of 1 | Color May Vary,Personal Care,Bath & Body Wash,Bathing Accessories,B Vishal,Loofah,B Vishal Corporation,GM
WB,96498,B Vishal Transparent Tape | 30 Mtr | 1/2 Inch | Pack of 1,Stationery,Glue & Tape,Glue,B Vishal,Tape,B Vishal Corporation,GM
WB,10868,Classmate Octane Gel Pen | Black | Pack of 1,Stationery,School Stationery,Pens,Classmate,Gel Pen,ITC Ltd,GM
WB,10867,Classmate Octane Gel Pen | Blue | Pack of 1,Stationery,School Stationery,Pens,Classmate,Gel Pen,ITC Ltd,GM
WB,96005,Cook & Home Lighter + Knife | Pack of 1,Home & Kitchen,Kitchen Utility,"Knives, Tools & Others Accessories",Cook & Home,Lighter+Knife,Nayan Traders,GM
WB,1392,Cycle Naivedya Sambrani | Pack of 12,Pooja Needs,Pooja Needs,Agarbatti & Dhoop,Cycle,Sambrani,N Ranga Rao & Sons,GM
WB,1394,Cycle Om Shanti Pure Camphor | 25 Pcs | Pack of 1,Pooja Needs,Pooja Needs,Camphor & Wicks,Cycle,Camphor,N Ranga Rao & Sons,GM
WB,1395,Cycle Om Shanti Pure Camphor | 52 Pcs | Pack of 1,Pooja Needs,Pooja Needs,Camphor & Wicks,Cycle,Camphor,N Ranga Rao & Sons,GM
WB,10157,Doms Extra Long Pencil Sharpner | Pack of 1,Stationery,School Stationery,Sharpener,Doms,Pencil Sharpener,Doms Industries,GM
WB,78590,Doms Scale 15Cm | Pack of 1,Stationery,School Stationery,Ruler,Doms,Scale,Doms Industries,GM
WB,1557,Doms X1 Xtra Dark Pencil | Pack of 10,Stationery,School Stationery,Pens,DOMS,Pencil,Doms Industries,GM
WB,1591,Duracell AA Chota Power Alkaline Battery | Pack of 1,Electricals & Accessories,Hardware & Electricals,Cells & Battery,Duracell,Cell,Procter & Gamble,GM
WB,1588,Duracell AAA Alkaline Battery | Pack of 1,Electricals & Accessories,Hardware & Electricals,Cells & Battery,Duracell,Cell,Procter & Gamble,GM
WB,4463,Eveready AA Battery 915 Blue | Pack of 1,Electricals & Accessories,Hardware & Electricals,Cells & Battery,Eveready,Cell,Eveready Battery Company,GM
WB,8181,Eveready Brightest LED Bulb | 9W | Pack of 1,Electronics,Lighting,Table Lamp & Led Lamp,Eveready,LED Bulb,Eveready Battery Company,GM
WB,2676,Fevi Kwik Instant Adhesive | 450mg | Pack of 1,Stationery,Glue & Tape,Glue,Fevikwik,Instant Adhesive,Pidilite Industries Limited,GM
WB,22277,Fevicol MR White Adhesive - 20g,Stationery,Glue & Tape,Glue,Fevicol,Glue,Pidilite Industries Limited,GM
WB,69111,Gala Dust Pan 1N,Cleaning & Household Needs,"Mops, Brushes & Scrubs",Brooms & Dust Pans,Gala,Dustpan,Freudenberg Gala Household Products,GM
WB,72485,Gala Leader Plus Floor Wiper | Pack of 1,Cleaning & Household Needs,"Mops, Brushes & Scrubs",Mops & Wipers,Gala,Wiper,Freudenberg Gala Household Products,GM
WB,102214,Gubb Nail Clipper | Pack of 1,Personal Care,Makeup & Cosmetics,Nail Clipper,Gubb,Nail Clipper,Groom Town Private Limited,GM
WB,12276,HIC Cotton Mop | YI 636 | Pack of 1,Cleaning & Household Needs,"Mops, Brushes & Scrubs",Mops & Wipers,Hic,Mop,HIC india,GM
WB,14465,Hindalco Freshwrapp Aluminium Foil | 33g + 17g Free | Pack of 1,Home & Kitchen,Kitchen Utility,Aluminium Foil & Clingwrap,Hindalco,Aluminium Foil,Hindalco Industries,GM
WB,4327,Homelites Matchbox | Pack of 5,Pooja Needs,Pooja Needs,Candles & Match Box,Homelites,Matchbox,Wimco,GM
WB,13283,Mangaldeep Sadhvi Puja Agarbatti | 100 Sticks | Pack of 1,Pooja Needs,Pooja Needs,Agarbatti & Dhoop,Mangaldeep,Agarbatti,ITC Ltd,GM
WB,24368,Orient | 9W,Electronics,Lighting,Bulb & Tubelight,Local,Bulb,Local,GM
WB,13257,Patanjali Aastha Cotton Wicks | 25g | 200 Pcs | Pack of 1,Pooja Needs,Pooja Needs,Camphor & Wicks,Patanjali,Cotton Wicks,Patanjali Ayurved,GM
WB,81361,Patanjali Aastha Premium Sandal Dhoop | Pack of 20,Pooja Needs,Pooja Needs,Agarbatti & Dhoop,Patanjali,Dhoop,Patanjali Ayurved,GM
WB,99787,Phool Broom Jhadu | 50 Inch | Steel Wire Binding | Pack of 1,Cleaning & Household Needs,"Mops, Brushes & Scrubs",Brooms & Dust Pans,Local,Broom,Radhikaraman Enterprises,GM
WB,81431,Pitambari Deep Shakti Sesame Oil | 450ml | Pack of 1,Pooja Needs,Pooja Needs,Lamp Oil & Ghee,Pitambari,Puja Oil,Pitambari Products,GM
WB,96240,Premier Silky 1-Ply Napkin | 27×27 cm | 90 Pulls | Pack of 1,Cleaning & Household Needs,Disposables & Garbage Bag,Paper Napkin & Tissue Box,Premier,Napkins,Premier Tissues India,GM
WB,97652,Rathi Rumal Kishan's Kitchen Napkin | 45cm x 70cm | Pack of 3,Cleaning & Household Needs,"Mops, Brushes & Scrubs",Dust Cloth & Wipes,Kishan's,Kitchen Duster,Rathi Rumal,GM
WB,97654,Rathi Rumal Microfibre Duster | Multicolor | Pack of 1 | Colour May Vary,Cleaning & Household Needs,"Mops, Brushes & Scrubs",Dust Cloth & Wipes,Kishan's,Microfiber Duster,Rathi Rumal,GM
WB,5099,Ro Clean Garbage Bags | Medium | Pack of 1,Cleaning & Household Needs,Disposables & Garbage Bag,Garbage Bags,Local,Garbage Bags,Local,GM
WB,8539,Ro Clean Garbage Bags | Small | Pack of 1,Cleaning & Household Needs,Disposables & Garbage Bag,Garbage Bags,Local,Garbage Bags,Local,GM
WB,80730,Royal Gold Super Soft Napkin Tissue Paper Napkin | 90 Pulls | Pack of 1,Cleaning & Household Needs,Disposables & Garbage Bag,Paper Napkin & Tissue Box,Premier,Napkins,Premier Tissues India,GM
WB,4500,Scotch Brite Combo Stainless Steel Scrubber Scrub Pad | Pack of 1,Home & Kitchen,Kitchen Cleaning,Dishwash Scrubs,Scotch Brite,Steel Scrub,3M INDIA,GM
WB,11073,Scotch Brite Power Scrub Tough Stain Removal | Pack of 1,Home & Kitchen,Kitchen Cleaning,Dishwash Scrubs,Scotch Brite,Cleaning Scrub Pad,3M INDIA,GM
WB,4501,Scotch Brite Silver Sparks Scrub | Pack of 1,Home & Kitchen,Kitchen Cleaning,Dishwash Scrubs,Scotch Brite,Cleaning Scrub Pad,3M INDIA,GM
WB,4503,Scotch Brite Silver Sparks Scrub Pad | Pack of 3,Home & Kitchen,Kitchen Cleaning,Dishwash Scrubs,Scotch Brite,Cleaning Scrub Pad,3M INDIA,GM
WB,4499,Scotch Brite Stainless Steel Scrubber | Pack of 1,Home & Kitchen,Kitchen Cleaning,Dishwash Scrubs,Scotch Brite,Steel Scrub,3M INDIA,GM
WB,96532,Shubhkart Darshana Camphor Pooja Oil | 900ml | Pack of 1,Pooja Needs,Pooja Needs,Lamp Oil & Ghee,Shubhkart,Puja Oil,Shubhkart India,GM
WB,96533,Shubhkart Darshana Pooja Ghee Jar | 200ml | Pack of 1,Pooja Needs,Pooja Needs,Lamp Oil & Ghee,Shubhkart,Ghee,Shubhkart India,GM
WB,96521,Shubhkart Nirmal 5 In 1 Agarbatti | 125g | Pack of 1,Pooja Needs,Pooja Needs,Agarbatti & Dhoop,Shubhkart,Agarbatti,Shubhkart India,GM
WB,96523,Shubhkart Nirmal Kapoor Lobhan Agarbatti | 125g | Pack of 1,Pooja Needs,Pooja Needs,Agarbatti & Dhoop,Shubhkart,Agarbatti,Shubhkart India,GM
WB,96522,Shubhkart Nirmal Kesar Chandan Agarbatti | 125g | Pack of 1,Pooja Needs,Pooja Needs,Agarbatti & Dhoop,Shubhkart,Agarbatti,Shubhkart India,GM
WB,96527,Shubhkart Nirmal Rose Dry Dhoop Stick | Pack of 10,Pooja Needs,Pooja Needs,Agarbatti & Dhoop,Shubhkart,Dhoop,Shubhkart India,GM
WB,78912,Shubhkart Samai Diya Wicks | 4g | Pack of 1,Pooja Needs,Pooja Needs,Camphor & Wicks,Shubhkart,Wicks,Shubhkart India,GM
WB,96524,Shubhkart Surabhi Pure Camphor Container | 100g | Pack of 1,Pooja Needs,Pooja Needs,Camphor & Wicks,Shubhkart,Camphor,Shubhkart India,GM
WB,96531,Shubhkart Tejas Pure Ghee Wicks | 30 Pcs | Pack of 1,Pooja Needs,Pooja Needs,Camphor & Wicks,Shubhkart,Wicks,Shubhkart India,GM
WB,78754,Shubhkart Tejas Round Cotton Wicks | 7g | Pack of 1,Pooja Needs,Pooja Needs,Camphor & Wicks,Shubhkart,Cotton Wicks,Shubhkart India,GM
WB,4396,Toothpick Sticks | 240 Pieces | Pack of 1,Personal Care,Oral Care,Oral Accessories,Tulips,Toothpick,Suparshva Swabs,GM
WB,93155,Uni Fresh Heavy Duty Coconut Jhadu | Pack of 1,Cleaning & Household Needs,"Mops, Brushes & Scrubs",Brooms & Dust Pans,Uni Fresh,Broom,Uni Fresh,GM
WB,100946,Washway Steel Tongue Cleaner | Regular Double Handle | Pack of 1,Personal Care,Oral Care,Oral Accessories,Washway,Tongue Cleaner,NAR Hygiene LLP,GM
JH,8508,Parrot Achar Masala - 100g,Masalas & Spices,Blended Masala,Ready Masala,Parrot,Achar Masala,Hindustan Agro Products,STPLS
JH,95149,Bolas Popular Anjeer - 250g,Dry Fruits & Nuts,Dry Fruits & Seeds,Other Dry Fruits,Bolas,Anjeer,Bolas Agro Private Limited,STPLS
JH,95356,Wheat Atta - 1Kg Loose,Flours & Grains,Flours,Wheat Flour,Loose Container,Atta,ASM,STPLS
JH,1614,Aashirvaad Multigrain Atta - 5Kg,Flours & Grains,Flours,Wheat Flour,Aashirvaad,Atta,ITC Ltd,STPLS
JH,1615,Aashirvaad Shudh Chakki Atta - 10Kg,Flours & Grains,Flours,Wheat Flour,Aashirvaad,Atta,ITC Ltd,STPLS
JH,2405,Aashirvaad Shudh Chakki Atta - 5Kg,Flours & Grains,Flours,Wheat Flour,Aashirvaad,Atta,ITC Ltd,STPLS
JH,8283,Shree Bhajan Whole Wheat Atta - 10Kg,Flours & Grains,Flours,Wheat Flour,Shree Bhajan,Atta,Local,STPLS
JH,9878,Shree Bhajan Whole Wheat Atta - 5Kg,Flours & Grains,Flours,Wheat Flour,Shree Bhajan,Atta,Local,STPLS
JH,12388,Aashirvaad Select Sharbatti Atta - 5Kg,Flours & Grains,Flours,Wheat Flour,Aashirvaad,Atta,ITC Ltd,STPLS
JH,94200,Aashirvaad Whole Wheat Atta - 1Kg,Flours & Grains,Flours,Wheat Flour,Aashirvaad,Atta,ITC Ltd,STPLS
JH,87555,Panchkanya Singham Banskati Rice - 26kg,Rice & Rice Products,Non Basmati Rice,Boiled Rice,Panchakanya,Baskati Rice,Baba Agro Food,STPLS
JH,11967,Dunar Nawazish Basmati Rice XXXL Extra Long Grain - 1Kg,Rice & Rice Products,Basmati Rice,Basmati Premium,Dunar,Basmati Rice,Dunar Foods,STPLS
JH,18308,India Gate Basmati Mogra Rice 5 Kg,Rice & Rice Products,Basmati Rice,Basmati Regular,India Gate,Basmati Rice,KRBL,STPLS
JH,27816,India Gate Basmati Rice Feast Rozzana 1 Kg,Rice & Rice Products,Basmati Rice,Basmati Regular,India Gate,Basmati Rice,KRBL,STPLS
JH,29942,India Gate Basmati Rice Select 1 kg,Rice & Rice Products,Basmati Rice,Basmati Premium,India Gate,Basmati Rice,KRBL,STPLS
JH,14684,India Gate Classic Basmati Rice - 1Kg,Rice & Rice Products,Basmati Rice,Basmati Premium,India Gate,Basmati Rice,KRBL,STPLS
JH,2611,India Gate Dubar Basmati Rice 1 Kg,Rice & Rice Products,Basmati Rice,Basmati Regular,India Gate,Basmati Rice,KRBL,STPLS
JH,14732,India Gate Mini Mogra Broken Basmati Rice Akki 5 kg,Rice & Rice Products,Basmati Rice,Basmati Regular,India Gate,Basmati Rice,KRBL,STPLS
JH,23686,India Gate Rozanna Basmati Rice 5Kg,Rice & Rice Products,Basmati Rice,Basmati Regular,India Gate,Basmati Rice,KRBL,STPLS
JH,2610,India Gate Super Basmati Rice Pouch 1Kg + 500g Free,Rice & Rice Products,Basmati Rice,Basmati Premium,India Gate,Basmati Rice,KRBL,STPLS
JH,29523,India Gate Tibar Basmati Rice 1 Kg,Rice & Rice Products,Basmati Rice,Basmati Regular,India Gate,Basmati Rice,KRBL,STPLS
JH,9661,Basmati Sella Loose Rice 1 Kg,Rice & Rice Products,Basmati Rice,Basmati Sella,Loose Container,Basmati Rice,ASM,STPLS
JH,95367,Whole Grain Basmati Rice 1 Kg Loose,Rice & Rice Products,Basmati Rice,Basmati Premium,Loose Container,Basmati Rice,ASM,STPLS
JH,2606,Fortune Biryani Special Basmati Rice Pouch - 1Kg,Rice & Rice Products,Basmati Rice,Basmati Premium,Fortune,Basmati Rice,Adani Wilmar,STPLS
JH,2621,Fortune Besan - 500g,Flours & Grains,Flours,Besan,Fortune,Besan,Adani Wilmar,STPLS
JH,2634,Jalan Chana Besan - 500g,Flours & Grains,Flours,Besan,Jalan,Besan,Jalan Flour Mills,STPLS
JH,2550,MDH Biryani Masala - 50g,Masalas & Spices,Blended Masala,Ready Masala,MDH,Biryani Masala,Mahashian Di Hatti,STPLS
JH,9970,Everest Shahi Biryani Masala - 50g,Masalas & Spices,Blended Masala,Ready Masala,Everest,Shahi Biryani Masala,Everest Food Products,STPLS
JH,2446,Parrot Golki Powder - 50g,Masalas & Spices,Straight Powder,Powdered Spices,Parrot,Black Pepper Powder,Hindustan Agro Products,STPLS
JH,2505,Everest Black Pepper Powder - 50g,Masalas & Spices,Straight Powder,Powdered Spices,Everest,Black Pepper Powder,Everest Food Products,STPLS
JH,4577,Parrot Black Salt - 100g,"Salt, Sugar & Sweeteners",Salt,Black salt,Parrot,Black Salt,Hindustan Agro Products,STPLS
JH,12888,Saffola Gold Multi Source Edible Oil - 1Ltr,"Oil, Ghee & Vanaspati",Health Oil,Blended Oil,Saffola,Blended Cooking Oil,Marico limited,STPLS
JH,81575,Saffola Active Health Losorb Refined Oil - 850g,"Oil, Ghee & Vanaspati",Health Oil,Blended Oil,Saffola,Blended Cooking Oil,Marico limited,STPLS
JH,3259,Everest Chaat Masala - 50g,Masalas & Spices,Blended Masala,Ready Masala,Everest,Chaat Masala,Everest Food Products,STPLS
JH,3302,MDH Chunky Chat Masala - 50g,Masalas & Spices,Blended Masala,Ready Masala,MDH,Chaat Masala,Mahashian Di Hatti,STPLS
JH,95357,Brown Chana Small - 1Kg,Pulses,Chana,Chana Brown,Loose Container,Chana,ASM,STPLS
JH,93937,Chana Dal - 1Kg Loose,Pulses,Chana,Chana Dal,Loose Container,Chana Dal,ASM,STPLS
JH,3300,MDH Chana Masala - 50g,Masalas & Spices,Blended Masala,Ready Masala,MDH,Chana Masala,Mahashian Di Hatti,STPLS
JH,3262,Everest Chhole Masala - 50g,Masalas & Spices,Blended Masala,Ready Masala,Everest,Chhole Masala,Everest Food Products,STPLS
JH,2636,Jalan Chana Sattu - 500g,Flours & Grains,Flours,Sattu,Jalan,Chana Sattu,Jalan Flour Mills,STPLS
JH,2641,Jalan Chana Sattu - 1kg,Flours & Grains,Flours,Sattu,Jalan,Chana Sattu,Jalan Flour Mills,STPLS
JH,2642,Jalan Sattu - 200g,Flours & Grains,Flours,Sattu,Jalan,Chana Sattu,Jalan Flour Mills,STPLS
JH,2528,Everest Chicken Masala - 50g,Masalas & Spices,Blended Masala,Ready Masala,Everest,Chicken Masala,Everest Food Products,STPLS
JH,2552,MDH Chicken Masala - 50g,Masalas & Spices,Blended Masala,Ready Masala,MDH,Chicken Masala,Mahashian Di Hatti,STPLS
JH,13964,MDH Chicken Masala - 7g,Masalas & Spices,Blended Masala,Ready Masala,MDH,Chicken Masala,Mahashian Di Hatti,STPLS
JH,16840,On1y Chilli Flakes - 34g,Masalas & Spices,Herbs & Seasonings,Seasonings,ON1Y,Chilli Flakes,Shakun Ayurved Pvt. Ltd,STPLS
JH,2506,Everest Kashmirilal Chilli Powder - 100g,Masalas & Spices,Straight Powder,Powdered Spices,Everest,Chilli Powder,Everest Food Products,STPLS
JH,2507,Everest Kashmirilal Chilli Powder - 50g,Masalas & Spices,Straight Powder,Powdered Spices,Everest,Chilli Powder,Everest Food Products,STPLS
JH,2509,Everest Tikhalal Chilli Powder - 100g,Masalas & Spices,Straight Powder,Powdered Spices,Everest,Chilli Powder,Everest Food Products,STPLS
JH,2514,MDH Kashmiri Mirch Pure - 50g,Masalas & Spices,Straight Powder,Powdered Spices,MDH,Chilli Powder,Mahashian Di Hatti,STPLS
JH,3288,Everest Tikhalal Chilli Powder - 50g,Masalas & Spices,Straight Powder,Powdered Spices,Everest,Chilli Powder,Everest Food Products,STPLS
JH,4591,Parrot Mirch Powder - 100g,Masalas & Spices,Straight Powder,Powdered Spices,Parrot,Chilli Powder,Hindustan Agro Products,STPLS
JH,3263,Everest Coriander Powder - 100g,Masalas & Spices,Straight Powder,Powdered Spices,Everest,Coriander Powder,Everest Food Products,STPLS
JH,3264,Everest Coriander Powder - 200g,Masalas & Spices,Straight Powder,Powdered Spices,Everest,Coriander Powder,Everest Food Products,STPLS
JH,9999,MDH Dhania Powder - 100g,Masalas & Spices,Straight Powder,Powdered Spices,MDH,Coriander Powder,Mahashian Di Hatti,STPLS
JH,4606,Parrot Coriander Powder - 200g,Masalas & Spices,Straight Powder,Powdered Spices,Parrot,Coriander Powder,Hindustan Agro Products,STPLS
JH,4578,Parrot Dhaniya Powder - 100g,Masalas & Spices,Straight Powder,Powdered Spices,Parrot,Coriander Powder,Hindustan Agro Products,STPLS
JH,13297,Bambino Dalia - 400g,Flours & Grains,Sooji & Daliya,Daliya,Bambino,Dalia,Bambino Agro Industries,STPLS
JH,3004,Date Crown Fard - 500g,Dry Fruits & Nuts,Dates & Chuhara,Dates,Date Crown,Dates,Bait Al Tamur,STPLS
JH,12903,Lion Arabian Dates - 500g - Buy 1 Get 1 Free,Dry Fruits & Nuts,Dates & Chuhara,Dates,Lion,Dates,Lion Dates,STPLS
JH,12911,Lion Kimia Dates - 500g,Dry Fruits & Nuts,Dates & Chuhara,Dates,Lion,Dates,Lion Dates,STPLS
JH,37961,Lion Qyno Dates Value Pack – Buy 250g Get 250g Extra,Dry Fruits & Nuts,Dates & Chuhara,Dates,Lion,Dates,Lion Dates,STPLS
JH,89556,Lion Arabian Dates - 250g - Buy 1 Get 1 Free,Dry Fruits & Nuts,Dates & Chuhara,Dates,Lion,Dates,Lion Dates,STPLS
JH,13307,Parrot Amchur Powder - 50g,Masalas & Spices,Straight Powder,Powdered Spices,Parrot,Dry Mango Powder,Hindustan Agro Products,STPLS
JH,3268,Everest Dry Mango Powder - 50g,Masalas & Spices,Straight Powder,Powdered Spices,Everest,Dry Mango Powder,Everest Food Products,STPLS
JH,91,Chings Schezwan Fried Rice Masala - 20g,Masalas & Spices,Blended Masala,Ready Masala,Chings,Fried Rice Masala,Tata Consumer Products,STPLS
JH,2532,Everest Garam Masala - 50g,Masalas & Spices,Blended Masala,Ready Masala,Everest,Garam Masala,Everest Food Products,STPLS
JH,2554,MDH Garam Masala - 50g,Masalas & Spices,Blended Masala,Ready Masala,MDH,Garam Masala,Mahashian Di Hatti,STPLS
JH,13962,MDH Garam Masala - 5g,Masalas & Spices,Blended Masala,Ready Masala,MDH,Garam Masala,Mahashian Di Hatti,STPLS
JH,18367,Amul Cow Ghee Tetra Pack - 1L,"Oil, Ghee & Vanaspati",Ghee & Vanaspati,Ghee,Amul,Ghee,GCMMF,STPLS
JH,9972,Amul Cow Ghee Jar - 200ml,"Oil, Ghee & Vanaspati",Ghee & Vanaspati,Ghee,Amul,Ghee,GCMMF,STPLS
JH,85877,Amul Cow Ghee - 500ml - Jar,"Oil, Ghee & Vanaspati",Ghee & Vanaspati,Ghee,Amul,Ghee,GCMMF,STPLS
JH,875,Amul Cow Ghee Refill Pack - 500ml,"Oil, Ghee & Vanaspati",Ghee & Vanaspati,Ghee,Amul,Ghee,GCMMF,STPLS
JH,874,Amul Cow Ghee Tin - 1Ltr,"Oil, Ghee & Vanaspati",Ghee & Vanaspati,Ghee,Amul,Ghee,GCMMF,STPLS
JH,927,Amul Pure Ghee Tetra Pack - 1Ltr,"Oil, Ghee & Vanaspati",Ghee & Vanaspati,Ghee,Amul,Ghee,GCMMF,STPLS
JH,930,Amul Pure Ghee - 500ml Pouch,"Oil, Ghee & Vanaspati",Ghee & Vanaspati,Ghee,Amul,Ghee,GCMMF,STPLS
JH,926,Amul Pure Ghee Tin - 1 Ltr,"Oil, Ghee & Vanaspati",Ghee & Vanaspati,Ghee,Amul,Ghee,GCMMF,STPLS
JH,4774,Gowardhan Cow Ghee Jar - 500ml,"Oil, Ghee & Vanaspati",Ghee & Vanaspati,Ghee,Gowardhan,Ghee,Parag Milk Foods,STPLS
JH,4775,Gowardhan Pure Cow Ghee Jar - 200ml,"Oil, Ghee & Vanaspati",Ghee & Vanaspati,Ghee,Gowardhan,Ghee,Parag Milk Foods,STPLS
JH,3205,Smith & Jones Ginger Garlic Paste - 200g,Masalas & Spices,Cooking Pastes & Pure,Cooking Pastes & Pure,Smith & Jones,Ginger Garlic Paste,Tata Consumer Products,STPLS
JH,3206,Smith & Jones Ginger Garlic Paste - 20g,Masalas & Spices,Cooking Pastes & Pure,Cooking Pastes & Pure,Smith & Jones,Ginger Garlic Paste,Tata Consumer Products,STPLS
JH,73772,Dhara Filtered Groundnut Oil - 1L,"Oil, Ghee & Vanaspati",Other Edible Oil,Groundnut Oil,Dhara,Groundnut Oil,Mother Dairy Fruit & Vegetable,STPLS
JH,3258,Everest Hingraj Pure Hing Powder - 25g,Masalas & Spices,Whole Spices,Whole Spices,Everest,Hing Powder,Everest Food Products,STPLS
JH,3271,Everest Asafoetida Yellow Hing - 25g,Masalas & Spices,Whole Spices,Whole Spices,Everest,Hing Powder,Everest Food Products,STPLS
JH,99894,Brown Jaggery Loose - 1kg,"Salt, Sugar & Sweeteners",Sugar & Sweeteners,Jaggery,Loose Container,Jaggery,Local,STPLS
JH,97342,Paawak Jaggery Cubes - 500 g,"Salt, Sugar & Sweeteners",Sugar & Sweeteners,Jaggery,Paawak Food Products,Jaggery,Paawak,STPLS
JH,2727,Patanjali Jaggery Powder - 1Kg,"Salt, Sugar & Sweeteners",Sugar & Sweeteners,Jaggery,Patanjali,Jaggery Powder,Patanjali Ayurved,STPLS
JH,97343,Paawak Jaggery Powder Jar - 500g,"Salt, Sugar & Sweeteners",Sugar & Sweeteners,Jaggery,Paawak Food Products,Jaggery Powder,Paawak,STPLS
JH,97344,Paawak Jaggery Powder Pouch - 500g,"Salt, Sugar & Sweeteners",Sugar & Sweeteners,Jaggery,Paawak Food Products,Jaggery Powder,Paawak,STPLS
JH,3273,Everest Jaljira Powder - 50g,Masalas & Spices,Blended Masala,Ready Masala,Everest,Jaljeera Masala,Everest Food Products,STPLS
JH,2522,Everest Jeera Finest Quality Pure Cumin Powder - 50g,Masalas & Spices,Straight Powder,Powdered Spices,Everest,Jeera Powder,Everest Food Products,STPLS
JH,4585,Parrot Jeera Powder - 100g,Masalas & Spices,Straight Powder,Powdered Spices,Parrot,Jeera Powder,Hindustan Agro Products,STPLS
JH,95373,Kabuli Chana Loose - 1Kg,Pulses,Chana,Chana Kabuli,Loose Container,Kabuli Chana,ASM,STPLS
JH,3274,Everest Kasuri Methi - 25g,Masalas & Spices,Whole Spices,Whole Spices,Everest,Kasuri Methi,Everest Food Products,STPLS
JH,82095,Baba Steam Katarni Special Rice | 26 Kgs,Rice & Rice Products,Non Basmati Rice,Raw & Steam Rice,Baba,Katarni Rice,Baba Agro Food,STPLS
JH,10103,Steam Katarni Loose Rice,Rice & Rice Products,Non Basmati Rice,Raw & Steam Rice,Loose Container,Katarni Rice,ASM,STPLS
JH,99703,Baba Good Boy Steam Katarni Special Jeera Rice 5kg,Rice & Rice Products,Non Basmati Rice,Raw & Steam Rice,Baba,Katarni Rice,Baba Agro Food,STPLS
JH,12945,Everest Saffron - 0.5g,Masalas & Spices,Whole Spices,Whole Spices,Everest,Kesar,Everest Food Products,STPLS
JH,2533,Everest Kitchen King Masala - 50g,Masalas & Spices,Blended Masala,Ready Masala,Everest,Kitchen King,Everest Food Products,STPLS
JH,2557,MDH Kitchen King Spices Powder - 50g,Masalas & Spices,Blended Masala,Ready Masala,MDH,Kitchen King,Mahashian Di Hatti,STPLS
JH,95456,Mota Arwa Rice Loose - 1 Kg,Rice & Rice Products,Non Basmati Rice,Raw & Steam Rice,Loose Container,Kolam Rice,ASM,STPLS
JH,2638,Panchkanya Maida - 500g,Flours & Grains,Flours,Maida,Panchakanya,Maida,Baba Agro Food,STPLS
JH,13273,Fortune Maida - 500g,Flours & Grains,Flours,Maida,Fortune,Maida,Adani Wilmar,STPLS
JH,103734,Crunchi Waves Makhana Regular - 250g,Dry Fruits & Nuts,Makhana,Makhana Plain,Crunchi Waves,Makhana,Vitika Food,STPLS
JH,114,Chings Veg Manchurian Masala - 20g,Masalas & Spices,Blended Masala,Ready Masala,Chings,Manchurian Masala,Tata Consumer Products,STPLS
JH,8654,Maggi Magic Masala - 6g,Masalas & Spices,Blended Masala,Ready Masala,Maggi,Masala Packet,Nestle India,FMCGF
JH,95358,Masoor Malka Red Whole - 1Kg Loose,Pulses,Masoor,Masoor,Loose Container,Masoor Dal,ASM,STPLS
JH,2536,Everest Meat Masala - 50g,Masalas & Spices,Blended Masala,Ready Masala,Everest,Meat Masala,Everest Food Products,STPLS
JH,2559,MDH Meat Ka Masala - 50g,Masalas & Spices,Blended Masala,Ready Masala,MDH,Meat Masala,Mahashian Di Hatti,STPLS
JH,11380,MDH Meat Ka Masala Sachet - 6g,Masalas & Spices,Blended Masala,Ready Masala,MDH,Meat Masala,Mahashian Di Hatti,STPLS
JH,90233,Miniket Boiled Rice 1Kg Loose,Rice & Rice Products,Non Basmati Rice,Boiled Rice,Loose Container,Miniket Rice,ASM,STPLS
JH,4595,Parrot Mix Masala - 100g,Masalas & Spices,Blended Masala,Ready Masala,Parrot,Mix Masala,Hindustan Agro Products,STPLS
JH,4596,Parrot Mix Masala - 200g,Masalas & Spices,Blended Masala,Ready Masala,Parrot,Mix Masala,Hindustan Agro Products,STPLS
JH,103884,Bolas Panchameva Mixed Dryfruits - 250g,Dry Fruits & Nuts,Dry Fruits & Seeds,Other Dry Fruits,Bolas,Mixed Dry Fruits,Bolas Agro Private Limited,STPLS
JH,29664,Tata Sampann Unpolished Green Moong Dal Whole - 500g,Pulses,Moong,Moong,Tata Sampann,Moong Dal,Tata Consumer Products,STPLS
JH,93936,Moong Dal Yellow - 1Kg Loose,Pulses,Moong,Moong,Loose Container,Moong Dal,ASM,STPLS
JH,2698,Hathi Kacchi Ghani Mustard Oil - 1Ltr,"Oil, Ghee & Vanaspati",Popular Edible Oil,Mustard Oil,Hathi Brand,Mustard Oil,B.P. Oil Mills,STPLS
JH,2699,Engine Kachi Ghani Mustard Oil - 1Ltr Pouch,"Oil, Ghee & Vanaspati",Popular Edible Oil,Mustard Oil,Engine,Mustard Oil,Shree Hari Industries,STPLS
JH,2704,Fortune Premium Kachi Ghani Pure Mustard Oil - 1Ltr Pouch,"Oil, Ghee & Vanaspati",Popular Edible Oil,Mustard Oil,Fortune,Mustard Oil,Adani Wilmar,STPLS
JH,2708,Saloni Kachchi Ghani Agmark Mustard Oil - 500ml Pouch,"Oil, Ghee & Vanaspati",Popular Edible Oil,Mustard Oil,Saloni,Mustard Oil,Mahesh Edible Oil Industries,STPLS
JH,8285,Saloni Kachchi Ghani Mustard Oil - 1Ltr,"Oil, Ghee & Vanaspati",Popular Edible Oil,Mustard Oil,Saloni,Mustard Oil,Mahesh Edible Oil Industries,STPLS
JH,10696,Dhara Kachi Ghani Mustard Oil - 1 Ltr,"Oil, Ghee & Vanaspati",Popular Edible Oil,Mustard Oil,Dhara,Mustard Oil,Mother Dairy Fruit & Vegetable,STPLS
JH,27343,Dhara Kachi Ghani Mustard Oil - 455g,"Oil, Ghee & Vanaspati",Popular Edible Oil,Mustard Oil,Dhara,Mustard Oil,Mother Dairy Fruit & Vegetable,STPLS
JH,31686,Hathi Brand Kacchi Brand Mustard Oil - 5Ltr,"Oil, Ghee & Vanaspati",Popular Edible Oil,Mustard Oil,Hathi Brand,Mustard Oil,B.P. Oil Mills,STPLS
JH,104594,Doctors' Choice Kacchi Ghani Mustard Oil - 1L,"Oil, Ghee & Vanaspati",Popular Edible Oil,Mustard Oil,Doctor's Choice,Mustard Oil,Budge Budge Refineries Ltd,STPLS
JH,28474,Chings Chowmein Noodle Masala - 7g,Masalas & Spices,Blended Masala,Ready Masala,Chings,Noodle Masala,Tata Consumer Products,STPLS
JH,23501,On1y Oregano Herbs - 10g,Masalas & Spices,Herbs & Seasonings,Herbs,ON1Y,Oregano,Shakun Ayurved Pvt. Ltd,STPLS
JH,4599,Parrot Panch Foran - 100g,Masalas & Spices,Whole Spices,Whole Spices,Parrot,Panch Phoron,Hindustan Agro Products,STPLS
JH,90,Chings Paneer Chilli Miracle Masala - 20g,Masalas & Spices,Blended Masala,Ready Masala,Chings,Paneer Chilli Masala,Tata Consumer Products,STPLS
JH,3315,Smith & Jones Pasta Masala - 7g,Masalas & Spices,Blended Masala,Ready Masala,Smith & Jones,Pasta Masala,Tata Consumer Products,STPLS
JH,3277,Everest Pav Bhaji Masala - 50g,Masalas & Spices,Blended Masala,Ready Masala,Everest,Pav Bhaji Masala,Everest Food Products,STPLS
JH,95141,Bolas Roasted And Salted Pista - 200g,Dry Fruits & Nuts,Pista & Walnut,Pista Roasted & Salted,Bolas,Pistachios,Bolas Agro Private Limited,STPLS
JH,95368,Chura Poha Loose 1 Kg,Rice & Rice Products,Poha,Poha,Loose Container,Poha,ASM,STPLS
JH,13243,Tata Sampann Poha 500g,Rice & Rice Products,Poha,Poha,Tata Sampann,Poha,Tata Consumer Products,STPLS
JH,103413,Agrilite Puffed Rice Packet | 200g | Pack of 1,Rice & Rice Products,Puffed Rice,Puffed Rice & Muri,Agrilite,Puffed Rice,Shri Ambaji Food Products,STPLS
JH,103414,Agrilite Puffed Rice Packet | 500g | Pack of 1,Rice & Rice Products,Puffed Rice,Puffed Rice & Muri,Agrilite,Puffed Rice,Shri Ambaji Food Products,STPLS
JH,82420,Baba Steam Sonam Special Rice | 26 Kgs,Rice & Rice Products,Non Basmati Rice,Raw & Steam Rice,Baba,Raw & Steam Rice,Baba Agro Food,STPLS
JH,99701,Baba Good Boy Steam Sonam Superior Jeera Rice 5kg,Rice & Rice Products,Non Basmati Rice,Raw & Steam Rice,Baba,Raw & Steam Rice,Baba Agro Food,STPLS
JH,93951,Sonam Steamed Loose Rice,Rice & Rice Products,Non Basmati Rice,Raw & Steam Rice,Loose Container,Raw & Steam Rice,ASM,STPLS
JH,2714,Fortune Rice Bran Oil - 750g,"Oil, Ghee & Vanaspati",Popular Edible Oil,Rice Bran Oils,Fortune,Rice Bran Oil,Adani Wilmar,STPLS
JH,79794,Doctors' Choice Physically Refined Rice Bran Oil - 1L,"Oil, Ghee & Vanaspati",Popular Edible Oil,Rice Bran Oils,Doctors,Rice Bran Oil,Budge Budge Refineries Ltd,STPLS
JH,4584,Parrot Himalayan Rock Salt - 100g,"Salt, Sugar & Sweeteners",Salt,Rock Salt,Parrot,Rock Salt,Hindustan Agro Products,STPLS
JH,8509,Parrot Sendha Namak - 500g,"Salt, Sugar & Sweeteners",Salt,Rock Salt,Parrot,Rock Salt,Hindustan Agro Products,STPLS
JH,29893,Patanjali Rock Salt - 1Kg,"Salt, Sugar & Sweeteners",Salt,Rock Salt,Patanjali,Rock Salt,Patanjali Ayurved,STPLS
JH,3283,Everest Sabji Masala - 50g,Masalas & Spices,Blended Masala,Ready Masala,Everest,Sabji Masala,Everest Food Products,STPLS
JH,9903,Sachamoti Sabudana - 200g,Specialty Staples,Upwas Essentials,Upwas Essentials,Sachamoti,Sabudana,Shiv Trading Company,STPLS
JH,10706,Sachamoti Sabudana - 500g,Specialty Staples,Upwas Essentials,Upwas Essentials,Sachamoti,Sabudana,Shiv Trading Company,STPLS
JH,4947,Tata Lite Low Sodium Iodised Salt - 1Kg,"Salt, Sugar & Sweeteners",Salt,Iodised Salt,Tata,Salt,Tata Consumer Products,STPLS
JH,4949,Tata Salt - 1kg,"Salt, Sugar & Sweeteners",Salt,Iodised Salt,Tata,Salt,Tata Consumer Products,STPLS
JH,37423,Tata Rock Salt - 1 Kg,"Salt, Sugar & Sweeteners",Salt,Rock Salt,Tata,Salt,Tata Consumer Products,STPLS
JH,84395,Patanjali Iodised Salt - 1kg,"Salt, Sugar & Sweeteners",Salt,Iodised Salt,Patanjali,Salt,Patanjali Ayurved,STPLS
JH,3285,Everest Sambhar Masala - 50g,Masalas & Spices,Blended Masala,Ready Masala,Everest,Sambhar Masala,Everest Food Products,STPLS
JH,3209,Smith & Jones Sahi Paneer Masala Mix - 20g,Masalas & Spices,Blended Masala,Ready Masala,Smith & Jones,Shahi Paneer Masala,Tata Consumer Products,STPLS
JH,3287,Everest Shahi Paneer Masala - 50g,Masalas & Spices,Blended Masala,Ready Masala,Everest,Shahi Paneer Masala,Everest Food Products,STPLS
JH,95369,SonaChur Rice 1 Kg loose,Rice & Rice Products,Non Basmati Rice,Raw & Steam Rice,Loose Container,Sona Chur Rice,ASM,STPLS
JH,8552,Panchkanya Sooji - 500g,Flours & Grains,Sooji & Daliya,Sooji & Rava,Panchakanya,Sooji,Baba Agro Food,STPLS
JH,13272,Fortune Suji - 500g,Flours & Grains,Sooji & Daliya,Sooji & Rava,Fortune,Sooji,Adani Wilmar,STPLS
JH,80971,Baba Kb Premium Quality Sortex Rice | 26 Kgs,Rice & Rice Products,Non Basmati Rice,Boiled Rice,Krishna Bhog,Sortex Rice,Baba Agro Food,STPLS
JH,3245,Nutrela Soya Chunks - 1Kg,Specialty Staples,Soya Chunk,Soya Chunk,Nutrela,Soya Chunks,Ruchi Soya Industries,STPLS
JH,3246,Nutrela Soya Chunks - 200g,Specialty Staples,Soya Chunk,Soya Chunk,Nutrela,Soya Chunks,Ruchi Soya Industries,STPLS
JH,8337,Nutrela Soya Mini Chunk - 200g,Specialty Staples,Soya Chunk,Soya Chunk,Nutrela,Soya Chunks,Ruchi Soya Industries,STPLS
JH,13419,Nutrela Soya Mini Chunks - 45g,Specialty Staples,Soya Chunk,Soya Chunk,Nutrela,Soya Chunks,Ruchi Soya Industries,STPLS
JH,2680,Fortune Refined Soyabean Oil - 4.35Kg,"Oil, Ghee & Vanaspati",Popular Edible Oil,Soyabean Oils,Fortune,Soyabean Oil,Adani Wilmar,STPLS
JH,10015,Kings Soyabean Oil - 750g Pouch,"Oil, Ghee & Vanaspati",Popular Edible Oil,Soyabean Oils,King's,Soyabean Oil,Adani Wilmar,STPLS
JH,10017,Mahakosh Soyabean Oil - 750g,"Oil, Ghee & Vanaspati",Popular Edible Oil,Soyabean Oils,Mahakosh,Soyabean Oil,Ruchi Soya Industries,STPLS
JH,36757,Mahakosh Refined Soyabean Oil Pouch - 375g,"Oil, Ghee & Vanaspati",Popular Edible Oil,Soyabean Oils,Mahakosh,Soyabean Oil,Ruchi Soya Industries,STPLS
JH,46767,Dhara Refined Soyabean Oil Lite - 750g,"Oil, Ghee & Vanaspati",Popular Edible Oil,Soyabean Oils,Dhara,Soyabean Oil,Mother Dairy Fruit & Vegetable,STPLS
JH,103784,Fortune Soya Health Refined Soyabean Oil - 750g,"Oil, Ghee & Vanaspati",Popular Edible Oil,Soyabean Oils,Fortune,Soyabean Oil,Adani Wilmar,STPLS
JH,104298,Doctors' Choice Refined Soybean Oil | 750g | Pack of 1,"Oil, Ghee & Vanaspati",Popular Edible Oil,Soyabean Oils,Doctors' Choice,Soyabean Oil,Budge Budge Refineries Ltd,STPLS
JH,90513,White Crystal Sugar Loose - 1Kg,"Salt, Sugar & Sweeteners",Sugar & Sweeteners,Sugar,Loose Container,Sugar,ASM,STPLS
JH,1518,Dhara Health Refined Sunflower Oil - 750g,"Oil, Ghee & Vanaspati",Popular Edible Oil,Sunflower Oils,Dhara,Sunflower Oil,Mother Dairy Fruit & Vegetable,STPLS
JH,2694,Fortune Refined Sunflower Oil - 800g,"Oil, Ghee & Vanaspati",Popular Edible Oil,Sunflower Oils,Fortune,Sunflower Oil,Adani Wilmar,STPLS
JH,79802,Doctors' Choice Refined Sunflower Oil - 1L,"Oil, Ghee & Vanaspati",Popular Edible Oil,Sunflower Oils,Doctors,Sunflower Oil,Budge Budge Refineries Ltd,STPLS
JH,2539,Everest Tandoori Chicken Masala - 50g,Masalas & Spices,Blended Masala,Ready Masala,Everest,Tandoori Chicken Masala,Everest Food Products,STPLS
JH,13086,Tata Sampann Toor Arhar Dal Unpolished - 500g,Pulses,Toor Dal,Toor Dal,Tata Sampann,Toor Dal,Tata Consumer Products,STPLS
JH,93934,Toor Dal Loose - 1Kg,Pulses,Toor Dal,Toor Dal,Loose Container,Toor Dal,ASM,STPLS
JH,2537,Everest Turmeric Powder - 200g,Masalas & Spices,Straight Powder,Powdered Spices,Everest,Turmeric Powder,Everest Food Products,STPLS
JH,2541,Everest Turmeric Powder - 100g,Masalas & Spices,Straight Powder,Powdered Spices,Everest,Turmeric Powder,Everest Food Products,STPLS
JH,2542,Everest Turmeric Powder - 50g,Masalas & Spices,Straight Powder,Powdered Spices,Everest,Turmeric Powder,Everest Food Products,STPLS
JH,2555,MDH Haldi Powder - 100g,Masalas & Spices,Straight Powder,Powdered Spices,MDH,Turmeric Powder,Mahashian Di Hatti,STPLS
JH,3420,Parrot Haldi Powder - 500g,Masalas & Spices,Straight Powder,Powdered Spices,Parrot,Turmeric Powder,Hindustan Agro Products,STPLS
JH,4583,Parrot Haldi Powder - 50g,Masalas & Spices,Straight Powder,Powdered Spices,Parrot,Turmeric Powder,Hindustan Agro Products,STPLS
JH,4605,Parrot Turmeric Powder - 200g,Masalas & Spices,Straight Powder,Powdered Spices,Parrot,Turmeric Powder,Hindustan Agro Products,STPLS
JH,8445,Parrot Haldi Powder - 100g,Masalas & Spices,Straight Powder,Powdered Spices,Parrot,Turmeric Powder,Hindustan Agro Products,STPLS
JH,23670,Baba Premium Usna Rice | 10 Kg | Pack of 1,Rice & Rice Products,Non Basmati Rice,Boiled Rice,Baba,Usna Rice,Baba Agro Food,STPLS
JH,67206,Baba Premium Rice | 5 Kg | Pack of 1,Rice & Rice Products,Non Basmati Rice,Boiled Rice,Baba,Usna Rice,Baba Agro Food,STPLS
JH,79596,Baba Super Special Rice | 26 Kgs,Rice & Rice Products,Non Basmati Rice,Boiled Rice,Baba,Usna Rice,Baba Agro Food,STPLS
JH,82190,Baba Premium Usna Rice | 26 Kgs,Rice & Rice Products,Non Basmati Rice,Boiled Rice,Baba,Usna Rice,Baba Agro Food,STPLS
JH,2718,Dalda The Original Vanaspati - 840g,"Oil, Ghee & Vanaspati",Ghee & Vanaspati,Vanaspati,Dalda,Vanaspati Ghee,Bunge India,STPLS
JH,103980,Bolas Walnut Chef Secret - 200g,Dry Fruits & Nuts,Pista & Walnut,Walnut Kernels,Bolas,Walnut,Bolas Agro Private Limited,STPLS
JH,103297,Crunchi Waves Makhana Premium - 250g,Dry Fruits & Nuts,Makhana,Makhana Plain,Crunchi Waves,Makhana,Vitika Food,STPLS
JH,4592,Parrot Mirch Powder - 200g,Masalas & Spices,Straight Powder,Powdered Spices,Parrot,Chilli Powder,Hindustan Agro Products,STPLS
JH,10676,Gowardhan Ghee Tetra Pack - 500ml,"Oil, Ghee & Vanaspati",Ghee & Vanaspati,Ghee,Gowardhan,Ghee,Parag Milk Foods,STPLS
JH,929,Amul Pure Ghee Carton - 500ml,"Oil, Ghee & Vanaspati",Ghee & Vanaspati,Ghee,Amul,Ghee,GCMMF,STPLS
JH,4586,Parrot Jeera Powder - 50g,Masalas & Spices,Straight Powder,Powdered Spices,Parrot,Jeera Powder,Hindustan Agro Products,STPLS
JH,3305,MDH Peacock Kasoori Methi - 25g,Masalas & Spices,Whole Spices,Whole Spices,MDH,Kasuri Methi,Mahashian Di Hatti,STPLS
JH,103982,Patanjali Cow Ghee - 450ml,"Oil, Ghee & Vanaspati",Ghee & Vanaspati,Cow Ghee,Patanjali,Ghee,Patanjali Ayurved,STPLS
JH,13905,Tata Sampann Unpolished Moong Dal - 500g,Pulses,Moong,Moong,Tata Sampann,Moong Dal,Tata Consumer Products,STPLS
JH,13906,Tata Sampann Unpolished Chana Dal - 500g,Pulses,Chana,Chana Dal,Tata Sampann,Chana Dal,Tata Consumer Products,STPLS
JH,16621,Tata Sampann Unpolished Kala Chana - 500g,Pulses,Chana,Chana Brown,Tata Sampann,Chana,Tata Consumer Products,STPLS
JH,37425,Tata Sampann Unpolished Masoor Dal Whole - 500g,Pulses,Masoor,Masoor,Tata Sampann,Masoor Dal Whole,Tata Consumer Products,STPLS
CG,95149,Bolas Popular Anjeer - 250g,Dry Fruits & Nuts,Dry Fruits & Seeds,Other Dry Fruits,Bolas,Anjeer,Bolas Agro Private Limited,STPLS
CG,67840,Kalimooch Kesar Malai Rice 10 Kg,Rice & Rice Products,Non Basmati Rice,Raw & Steam Rice,Kesar Malai,Arwa Rice,Amritlal & Company,STPLS
CG,77738,Shahi Anandi Malai Rice 10 Kg,Rice & Rice Products,Non Basmati Rice,Raw & Steam Rice,Shahi Anandi Rice,Arwa Rice,Local,STPLS
CG,95356,Wheat Atta - 1Kg Loose,Flours & Grains,Flours,Wheat Flour,Loose Container,Atta,ASM,STPLS
CG,1614,Aashirvaad Multigrain Atta - 5Kg,Flours & Grains,Flours,Wheat Flour,Aashirvaad,Atta,ITC Ltd,STPLS
CG,1615,Aashirvaad Shudh Chakki Atta - 10Kg,Flours & Grains,Flours,Wheat Flour,Aashirvaad,Atta,ITC Ltd,STPLS
CG,2405,Aashirvaad Shudh Chakki Atta - 5Kg,Flours & Grains,Flours,Wheat Flour,Aashirvaad,Atta,ITC Ltd,STPLS
CG,12388,Aashirvaad Select Sharbatti Atta - 5Kg,Flours & Grains,Flours,Wheat Flour,Aashirvaad,Atta,ITC Ltd,STPLS
CG,68848,Silver Coin Traditional Chakki Atta - 5Kg,Flours & Grains,Flours,Wheat Flour,Silver Coin,Atta,Silver House 362 AA,STPLS
CG,71442,Shubh Sakhi Whole Wheat Flour Atta - 5Kg,Flours & Grains,Flours,Wheat Flour,Shubh Sakhi,Atta,Sakhi Agro Food Products,STPLS
CG,12223,Daawat Pulav Basmati Rice 1 Kg,Rice & Rice Products,Basmati Rice,Basmati Premium,Daawat,Basmati Rice,LT Foods,STPLS
CG,70239,Daawat Rozana Mini Basmati Rice 10kg,Rice & Rice Products,Basmati Rice,Basmati Regular,Daawat,Basmati Rice,LT Foods,STPLS
CG,77835,Daawat Rozana Niki Basmati Rice 10 Kg,Rice & Rice Products,Basmati Rice,Basmati Regular,Daawat,Basmati Rice,LT Foods,STPLS
CG,77836,Daawat Rozana Tini Basmati Rice 10 Kg,Rice & Rice Products,Basmati Rice,Basmati Regular,Daawat,Basmati Rice,LT Foods,STPLS
CG,95461,Tibar Basmati Loose 1Kg,Rice & Rice Products,Basmati Rice,Basmati Regular,Loose Container,Basmati Rice,ASM,STPLS
CG,2606,Fortune Biryani Special Basmati Rice Pouch - 1Kg,Rice & Rice Products,Basmati Rice,Basmati Premium,Fortune,Basmati Rice,Adani Wilmar,STPLS
CG,86221,Daawat Rozana Gold Basmati Rice 1 Kg,Rice & Rice Products,Basmati Rice,Basmati Regular,Daawat,Basmati Rice,LT Foods,STPLS
CG,12882,Daawat Biryani Basmati Rice 1 Kg,Rice & Rice Products,Basmati Rice,Basmati Premium,Daawat,Basmati Rice,LT Foods,STPLS
CG,9188,Daawat Basmati Rice Rozana Super 1 Kg,Rice & Rice Products,Basmati Rice,Basmati Regular,Daawat,Basmati Rice,LT Foods,STPLS
CG,2621,Fortune Besan - 500g,Flours & Grains,Flours,Besan,Fortune,Besan,Adani Wilmar,STPLS
CG,9970,Everest Shahi Biryani Masala - 50g,Masalas & Spices,Blended Masala,Ready Masala,Everest,Shahi Biryani Masala,Everest Food Products,STPLS
CG,2505,Everest Black Pepper Powder - 50g,Masalas & Spices,Straight Powder,Powdered Spices,Everest,Black Pepper Powder,Everest Food Products,STPLS
CG,12888,Saffola Gold Multi Source Edible Oil - 1Ltr,"Oil, Ghee & Vanaspati",Health Oil,Blended Oil,Saffola,Blended Cooking Oil,Marico limited,STPLS
CG,81575,Saffola Active Health Losorb Refined Oil - 850g,"Oil, Ghee & Vanaspati",Health Oil,Blended Oil,Saffola,Blended Cooking Oil,Marico limited,STPLS
CG,3259,Everest Chaat Masala - 50g,Masalas & Spices,Blended Masala,Ready Masala,Everest,Chaat Masala,Everest Food Products,STPLS
CG,95466,Kala Chana - 1 Kg Loose,Pulses,Chana,Chana Brown,Loose Container,Chana,ASM,STPLS
CG,93937,Chana Dal - 1Kg Loose,Pulses,Chana,Chana Dal,Loose Container,Chana Dal,ASM,STPLS
CG,3262,Everest Chhole Masala - 50g,Masalas & Spices,Blended Masala,Ready Masala,Everest,Chhole Masala,Everest Food Products,STPLS
CG,79344,Mohta Chana Sattu - 500g,Flours & Grains,Flours,Sattu,Mohta,Chana Sattu,Local,STPLS
CG,13533,Everest Chicken Biryani Masala - 50g,Masalas & Spices,Blended Masala,Ready Masala,Everest,Chicken Biryani Masala,Everest Food Products,STPLS
CG,2528,Everest Chicken Masala - 50g,Masalas & Spices,Blended Masala,Ready Masala,Everest,Chicken Masala,Everest Food Products,STPLS
CG,16840,On1y Chilli Flakes - 34g,Masalas & Spices,Herbs & Seasonings,Seasonings,ON1Y,Chilli Flakes,Shakun Ayurved Pvt. Ltd,STPLS
CG,2506,Everest Kashmirilal Chilli Powder - 100g,Masalas & Spices,Straight Powder,Powdered Spices,Everest,Chilli Powder,Everest Food Products,STPLS
CG,2507,Everest Kashmirilal Chilli Powder - 50g,Masalas & Spices,Straight Powder,Powdered Spices,Everest,Chilli Powder,Everest Food Products,STPLS
CG,2509,Everest Tikhalal Chilli Powder - 100g,Masalas & Spices,Straight Powder,Powdered Spices,Everest,Chilli Powder,Everest Food Products,STPLS
CG,3288,Everest Tikhalal Chilli Powder - 50g,Masalas & Spices,Straight Powder,Powdered Spices,Everest,Chilli Powder,Everest Food Products,STPLS
CG,85004,Khatri Chilli Powder - 100g,Masalas & Spices,Straight Powder,Powdered Spices,Khatri,Chilli Powder,K M Product,STPLS
CG,85006,Khatri Chilli Powder - 200g,Masalas & Spices,Straight Powder,Powdered Spices,Khatri,Chilli Powder,K M Product,STPLS
CG,3263,Everest Coriander Powder - 100g,Masalas & Spices,Straight Powder,Powdered Spices,Everest,Coriander Powder,Everest Food Products,STPLS
CG,3264,Everest Coriander Powder - 200g,Masalas & Spices,Straight Powder,Powdered Spices,Everest,Coriander Powder,Everest Food Products,STPLS
CG,85003,Khatri Dhaniya Powder - 200g,Masalas & Spices,Straight Powder,Powdered Spices,Khatri,Coriander Powder,K M Product,STPLS
CG,85007,Khatri Masala Dhaniya Powder - 100g,Masalas & Spices,Straight Powder,Powdered Spices,Khatri,Coriander Powder,K M Product,STPLS
CG,75421,Silver Coin Daliya - 500g,Flours & Grains,Sooji & Daliya,Sooji & Rava,Silver Coin,Dalia,Silver House 362 AA,STPLS
CG,78891,Mohta Wheat Daliya - 500g,Flours & Grains,Sooji & Daliya,Sooji & Rava,Mohta,Dalia,Local,STPLS
CG,3004,Date Crown Fard - 500g,Dry Fruits & Nuts,Dates & Chuhara,Dates,Date Crown,Dates,Bait Al Tamur,STPLS
CG,12903,Lion Arabian Dates - 500g - Buy 1 Get 1 Free,Dry Fruits & Nuts,Dates & Chuhara,Dates,Lion,Dates,Lion Dates,STPLS
CG,12911,Lion Kimia Dates - 500g,Dry Fruits & Nuts,Dates & Chuhara,Dates,Lion,Dates,Lion Dates,STPLS
CG,37961,Lion Qyno Dates Value Pack – Buy 250g Get 250g Extra,Dry Fruits & Nuts,Dates & Chuhara,Dates,Lion,Dates,Lion Dates,STPLS
CG,89556,Lion Arabian Dates - 250g - Buy 1 Get 1 Free,Dry Fruits & Nuts,Dates & Chuhara,Dates,Lion,Dates,Lion Dates,STPLS
CG,87904,Khatri Amchur Powder - 50g,Masalas & Spices,Straight Powder,Powdered Spices,Khatri,Dry Mango Powder,K M Product,STPLS
CG,3268,Everest Dry Mango Powder - 50g,Masalas & Spices,Straight Powder,Powdered Spices,Everest,Dry Mango Powder,Everest Food Products,STPLS
CG,95458,Jawafool Rice Loose 1 Kg,Rice & Rice Products,Non Basmati Rice,Raw & Steam Rice,Loose Container,Dubraj Rice,ASM,STPLS
CG,91,Chings Schezwan Fried Rice Masala - 20g,Masalas & Spices,Blended Masala,Ready Masala,Chings,Fried Rice Masala,Tata Consumer Products,STPLS
CG,2532,Everest Garam Masala - 50g,Masalas & Spices,Blended Masala,Ready Masala,Everest,Garam Masala,Everest Food Products,STPLS
CG,85009,Khatri Masala - 50g,Masalas & Spices,Blended Masala,Ready Masala,Khatri,Garam Masala,K M Product,STPLS
CG,85262,Khatri Garam Masala - 200g,Masalas & Spices,Blended Masala,Ready Masala,Khatri,Garam Masala,K M Product,STPLS
CG,18367,Amul Cow Ghee Tetra Pack - 1L,"Oil, Ghee & Vanaspati",Ghee & Vanaspati,Ghee,Amul,Ghee,GCMMF,STPLS
CG,9972,Amul Cow Ghee Jar - 200ml,"Oil, Ghee & Vanaspati",Ghee & Vanaspati,Ghee,Amul,Ghee,GCMMF,STPLS
CG,85877,Amul Cow Ghee - 500ml - Jar,"Oil, Ghee & Vanaspati",Ghee & Vanaspati,Ghee,Amul,Ghee,GCMMF,STPLS
CG,875,Amul Cow Ghee Refill Pack - 500ml,"Oil, Ghee & Vanaspati",Ghee & Vanaspati,Ghee,Amul,Ghee,GCMMF,STPLS
CG,874,Amul Cow Ghee Tin - 1Ltr,"Oil, Ghee & Vanaspati",Ghee & Vanaspati,Ghee,Amul,Ghee,GCMMF,STPLS
CG,927,Amul Pure Ghee Tetra Pack - 1Ltr,"Oil, Ghee & Vanaspati",Ghee & Vanaspati,Ghee,Amul,Ghee,GCMMF,STPLS
CG,930,Amul Pure Ghee - 500ml Pouch,"Oil, Ghee & Vanaspati",Ghee & Vanaspati,Ghee,Amul,Ghee,GCMMF,STPLS
CG,926,Amul Pure Ghee Tin - 1 Ltr,"Oil, Ghee & Vanaspati",Ghee & Vanaspati,Ghee,Amul,Ghee,GCMMF,STPLS
CG,4774,Gowardhan Cow Ghee Jar - 500ml,"Oil, Ghee & Vanaspati",Ghee & Vanaspati,Ghee,Gowardhan,Ghee,Parag Milk Foods,STPLS
CG,4775,Gowardhan Pure Cow Ghee Jar - 200ml,"Oil, Ghee & Vanaspati",Ghee & Vanaspati,Ghee,Gowardhan,Ghee,Parag Milk Foods,STPLS
CG,72364,Vachan Pure Cow Ghee - 1L,"Oil, Ghee & Vanaspati",Ghee & Vanaspati,Ghee,Vachan,Ghee,Sarda Dairy And Food Products,STPLS
CG,70848,Vachan Pure Cow Ghee - 500ml,"Oil, Ghee & Vanaspati",Ghee & Vanaspati,Ghee,Vachan,Ghee,Sarda Dairy And Food Products,STPLS
CG,3205,Smith & Jones Ginger Garlic Paste - 200g,Masalas & Spices,Cooking Pastes & Pure,Cooking Pastes & Pure,Smith & Jones,Ginger Garlic Paste,Tata Consumer Products,STPLS
CG,3206,Smith & Jones Ginger Garlic Paste - 20g,Masalas & Spices,Cooking Pastes & Pure,Cooking Pastes & Pure,Smith & Jones,Ginger Garlic Paste,Tata Consumer Products,STPLS
CG,69682,Fortune Filtered Groundnut Oil - 870g,"Oil, Ghee & Vanaspati",Other Edible Oil,Groundnut Oil,Fortune,Groundnut Oil,Adani Wilmar,STPLS
CG,73772,Dhara Filtered Groundnut Oil - 1L,"Oil, Ghee & Vanaspati",Other Edible Oil,Groundnut Oil,Dhara,Groundnut Oil,Mother Dairy Fruit & Vegetable,STPLS
CG,3258,Everest Hingraj Pure Hing Powder - 25g,Masalas & Spices,Whole Spices,Whole Spices,Everest,Hing Powder,Everest Food Products,STPLS
CG,3271,Everest Asafoetida Yellow Hing - 25g,Masalas & Spices,Whole Spices,Whole Spices,Everest,Hing Powder,Everest Food Products,STPLS
CG,99894,Brown Jaggery Loose - 1kg,"Salt, Sugar & Sweeteners",Sugar & Sweeteners,Jaggery,Loose Container,Jaggery,Local,STPLS
CG,97342,Paawak Jaggery Cubes - 500 g,"Salt, Sugar & Sweeteners",Sugar & Sweeteners,Jaggery,Paawak Food Products,Jaggery,Paawak,STPLS
CG,2727,Patanjali Jaggery Powder - 1Kg,"Salt, Sugar & Sweeteners",Sugar & Sweeteners,Jaggery,Patanjali,Jaggery Powder,Patanjali Ayurved,STPLS
CG,97343,Paawak Jaggery Powder Jar - 500g,"Salt, Sugar & Sweeteners",Sugar & Sweeteners,Jaggery,Paawak Food Products,Jaggery Powder,Paawak,STPLS
CG,97344,Paawak Jaggery Powder Pouch - 500g,"Salt, Sugar & Sweeteners",Sugar & Sweeteners,Jaggery,Paawak Food Products,Jaggery Powder,Paawak,STPLS
CG,3273,Everest Jaljira Powder - 50g,Masalas & Spices,Blended Masala,Ready Masala,Everest,Jaljeera Masala,Everest Food Products,STPLS
CG,2522,Everest Jeera Finest Quality Pure Cumin Powder - 50g,Masalas & Spices,Straight Powder,Powdered Spices,Everest,Jeera Powder,Everest Food Products,STPLS
CG,95373,Kabuli Chana Loose - 1Kg,Pulses,Chana,Chana Kabuli,Loose Container,Kabuli Chana,ASM,STPLS
CG,3274,Everest Kasuri Methi - 25g,Masalas & Spices,Whole Spices,Whole Spices,Everest,Kasuri Methi,Everest Food Products,STPLS
CG,12945,Everest Saffron - 0.5g,Masalas & Spices,Whole Spices,Whole Spices,Everest,Kesar,Everest Food Products,STPLS
CG,2533,Everest Kitchen King Masala - 50g,Masalas & Spices,Blended Masala,Ready Masala,Everest,Kitchen King,Everest Food Products,STPLS
CG,81726,Raja Rani Lachkari Kolam Dubar Rice 30 Kg,Rice & Rice Products,Non Basmati Rice,Raw & Steam Rice,Raja Rani,Kolam Rice,Raja Rani,STPLS
CG,83332,Abba Huzur Jsr Lachkari Kolam Rice | Loose | 1Kg | Pack of 1,Rice & Rice Products,Non Basmati Rice,Raw & Steam Rice,Loose Container,Kolam Rice,ASM,STPLS
CG,95453,HMT Kolam Rice Loose 1 Kg,Rice & Rice Products,Non Basmati Rice,Raw & Steam Rice,Loose Container,Kolam Rice,ASM,STPLS
CG,13273,Fortune Maida - 500g,Flours & Grains,Flours,Maida,Fortune,Maida,Adani Wilmar,STPLS
CG,23318,Sunder Sakhi Maida - 500g,Flours & Grains,Flours,Maida,Shubh Sakhi,Maida,Sakhi Agro Food Products,STPLS
CG,70333,Silver Coin Maida - 500g,Flours & Grains,Flours,Maida,Silver Coin,Maida,Silver House 362 AA,STPLS
CG,103734,Crunchi Waves Makhana Regular - 250g,Dry Fruits & Nuts,Makhana,Makhana Plain,Crunchi Waves,Makhana,Vitika Food,STPLS
CG,114,Chings Veg Manchurian Masala - 20g,Masalas & Spices,Blended Masala,Ready Masala,Chings,Manchurian Masala,Tata Consumer Products,STPLS
CG,8654,Maggi Magic Masala - 6g,Masalas & Spices,Blended Masala,Ready Masala,Maggi,Masala Packet,Nestle India,FMCGF
CG,93935,Masoor Dal - 1Kg,Pulses,Masoor,Masoor,Loose Container,Masoor Dal,ASM,STPLS
CG,2536,Everest Meat Masala - 50g,Masalas & Spices,Blended Masala,Ready Masala,Everest,Meat Masala,Everest Food Products,STPLS
CG,103884,Bolas Panchameva Mixed Dryfruits - 250g,Dry Fruits & Nuts,Dry Fruits & Seeds,Other Dry Fruits,Bolas,Mixed Dry Fruits,Bolas Agro Private Limited,STPLS
CG,78066,Tastie Murmura The Taste Of Home | 200g | Pack of 1,Rice & Rice Products,Puffed Rice,Puffed Rice & Muri,Tastie,Mixture & Bhel,Local,STPLS
CG,29664,Tata Sampann Unpolished Green Moong Dal Whole - 500g,Pulses,Moong,Moong,Tata Sampann,Moong Dal,Tata Consumer Products,STPLS
CG,93936,Moong Dal Yellow - 1Kg Loose,Pulses,Moong,Moong,Loose Container,Moong Dal,ASM,STPLS
CG,2699,Engine Kachi Ghani Mustard Oil - 1Ltr Pouch,"Oil, Ghee & Vanaspati",Popular Edible Oil,Mustard Oil,Engine,Mustard Oil,Shree Hari Industries,STPLS
CG,2704,Fortune Premium Kachi Ghani Pure Mustard Oil - 1Ltr Pouch,"Oil, Ghee & Vanaspati",Popular Edible Oil,Mustard Oil,Fortune,Mustard Oil,Adani Wilmar,STPLS
CG,10696,Dhara Kachi Ghani Mustard Oil - 1 Ltr,"Oil, Ghee & Vanaspati",Popular Edible Oil,Mustard Oil,Dhara,Mustard Oil,Mother Dairy Fruit & Vegetable,STPLS
CG,37248,Fortune Kachi Ghani Pure Mustard Oil Jar - 5Ltr,"Oil, Ghee & Vanaspati",Popular Edible Oil,Mustard Oil,Fortune,Mustard Oil,Adani Wilmar,STPLS
CG,68178,Lal Gulab Mustard Oil - 1Ltr,"Oil, Ghee & Vanaspati",Popular Edible Oil,Mustard Oil,Lal Gulab,Mustard Oil,Shree Parag Edible Oil Mills,STPLS
CG,72026,Lal Gulab Mustard Oil - 200ml,"Oil, Ghee & Vanaspati",Popular Edible Oil,Mustard Oil,Lal Gulab,Mustard Oil,Shree Parag Edible Oil Mills,STPLS
CG,104452,Abba Huzur Jsr Lachkari Kolam Rice broken - 26kg,Rice & Rice Products,Non Basmati Rice,Raw & Steam Rice,Abba Huzur,Basmati Rice,Bhavyashree Silky Sortex Rice Industries,STPLS
CG,104455,Swarna Arwa Rice - 26kg,Rice & Rice Products,Non Basmati Rice,Raw & Steam Rice,Kitchen King,Basmati Rice,Sharda Enterprises,STPLS
CG,67850,Kalimooch Rice Loose 1Kg,Rice & Rice Products,Non Basmati Rice,Raw & Steam Rice,Loose Container,Basmati Rice,ASM,STPLS
CG,104456,Usna Boiled Rice OM3 - 26kg,Rice & Rice Products,Non Basmati Rice,Raw & Steam Rice,Veer Shivaji,Basmati Rice,Sharda Enterprises,STPLS
CG,104720,Gajekeshri Sughandhit Kalimooch Rice - 10kg,Rice & Rice Products,Non Basmati Rice,Raw & Steam Rice,Gajekeshri,Non Basmati Rice,Triveni Rice Industries,STPLS
CG,28474,Chings Chowmein Noodle Masala - 7g,Masalas & Spices,Blended Masala,Ready Masala,Chings,Noodle Masala,Tata Consumer Products,STPLS
CG,23501,On1y Oregano Herbs - 10g,Masalas & Spices,Herbs & Seasonings,Herbs,ON1Y,Oregano,Shakun Ayurved Pvt. Ltd,STPLS
CG,90,Chings Paneer Chilli Miracle Masala - 20g,Masalas & Spices,Blended Masala,Ready Masala,Chings,Paneer Chilli Masala,Tata Consumer Products,STPLS
CG,3315,Smith & Jones Pasta Masala - 7g,Masalas & Spices,Blended Masala,Ready Masala,Smith & Jones,Pasta Masala,Tata Consumer Products,STPLS
CG,3277,Everest Pav Bhaji Masala - 50g,Masalas & Spices,Blended Masala,Ready Masala,Everest,Pav Bhaji Masala,Everest Food Products,STPLS
CG,95141,Bolas Roasted And Salted Pista - 200g,Dry Fruits & Nuts,Pista & Walnut,Pista Roasted & Salted,Bolas,Pistachios,Bolas Agro Private Limited,STPLS
CG,95368,Chura Poha Loose 1 Kg,Rice & Rice Products,Poha,Poha,Loose Container,Poha,ASM,STPLS
CG,70866,Keshariyas Crispy Crunchy Poha 900g,Rice & Rice Products,Poha,Poha,Kesharias,Poha,Kesharia Foods,STPLS
CG,78065,Tastie Super Fine Quality Rice Flackes Poha 900g,Rice & Rice Products,Poha,Poha,Tastie,Poha,Local,STPLS
CG,79085,White Platinum Super Rice 26 Kg,Rice & Rice Products,Non Basmati Rice,Raw & Steam Rice,Bharat,Raw & Steam Rice,Bharat Spices,STPLS
CG,82423,Kashmiri Keshar No 1 Low Sugar Rice 30 Kg,Rice & Rice Products,Non Basmati Rice,Raw & Steam Rice,Kashmiri Keshar,Raw & Steam Rice,Mohanlal Shankarlal Agro Foods,STPLS
CG,2714,Fortune Rice Bran Oil - 750g,"Oil, Ghee & Vanaspati",Popular Edible Oil,Rice Bran Oils,Fortune,Rice Bran Oil,Adani Wilmar,STPLS
CG,28473,Hareli Refined Rice Bran Oil - 730g,"Oil, Ghee & Vanaspati",Popular Edible Oil,Rice Bran Oils,Hareli,Rice Bran Oil,Sita Agro Tech,STPLS
CG,69683,Fortune Refined Rice Bran Oil - 5L,"Oil, Ghee & Vanaspati",Popular Edible Oil,Rice Bran Oils,Fortune,Rice Bran Oil,Adani Wilmar,STPLS
CG,29893,Patanjali Rock Salt - 1Kg,"Salt, Sugar & Sweeteners",Salt,Rock Salt,Patanjali,Rock Salt,Patanjali Ayurved,STPLS
CG,73586,Mohta Pisa Sendha Namak - 500g,"Salt, Sugar & Sweeteners",Salt,Rock Salt,Mohta,Rock Salt,Local,STPLS
CG,3283,Everest Sabji Masala - 50g,Masalas & Spices,Blended Masala,Ready Masala,Everest,Sabji Masala,Everest Food Products,STPLS
CG,85264,Khatri Sabji Masala - 100g,Masalas & Spices,Blended Masala,Ready Masala,Khatri,Sabji Masala,K M Product,STPLS
CG,95688,Sabudana Loose - 1kg,Specialty Staples,Upwas Essentials,Upwas Essentials,Loose Container,Sabudana,ASM,STPLS
CG,29870,Shri Varalakshmi Tapioca Sago Premium Sabudana - 500g,Specialty Staples,Upwas Essentials,Upwas Essentials,Varalakshmi,Sabudana,Varalakshmi,STPLS
CG,4947,Tata Lite Low Sodium Iodised Salt - 1Kg,"Salt, Sugar & Sweeteners",Salt,Iodised Salt,Tata,Salt,Tata Consumer Products,STPLS
CG,4949,Tata Salt - 1kg,"Salt, Sugar & Sweeteners",Salt,Iodised Salt,Tata,Salt,Tata Consumer Products,STPLS
CG,37423,Tata Rock Salt - 1 Kg,"Salt, Sugar & Sweeteners",Salt,Rock Salt,Tata,Salt,Tata Consumer Products,STPLS
CG,84395,Patanjali Iodised Salt - 1kg,"Salt, Sugar & Sweeteners",Salt,Iodised Salt,Patanjali,Salt,Patanjali Ayurved,STPLS
CG,3285,Everest Sambhar Masala - 50g,Masalas & Spices,Blended Masala,Ready Masala,Everest,Sambhar Masala,Everest Food Products,STPLS
CG,3209,Smith & Jones Sahi Paneer Masala Mix - 20g,Masalas & Spices,Blended Masala,Ready Masala,Smith & Jones,Shahi Paneer Masala,Tata Consumer Products,STPLS
CG,3287,Everest Shahi Paneer Masala - 50g,Masalas & Spices,Blended Masala,Ready Masala,Everest,Shahi Paneer Masala,Everest Food Products,STPLS
CG,13272,Fortune Suji - 500g,Flours & Grains,Sooji & Daliya,Sooji & Rava,Fortune,Sooji,Adani Wilmar,STPLS
CG,23319,Sunder Sakhi Suji - 500g,Flours & Grains,Sooji & Daliya,Sooji & Rava,Sunder Sakhi,Sooji,Sakhi Agro Food Products,STPLS
CG,78898,Mohta Suji - 500g,Flours & Grains,Sooji & Daliya,Sooji & Rava,Mohta,Sooji,Local,STPLS
CG,3246,Nutrela Soya Chunks - 200g,Specialty Staples,Soya Chunk,Soya Chunk,Nutrela,Soya Chunks,Ruchi Soya Industries,STPLS
CG,8337,Nutrela Soya Mini Chunk - 200g,Specialty Staples,Soya Chunk,Soya Chunk,Nutrela,Soya Chunks,Ruchi Soya Industries,STPLS
CG,13419,Nutrela Soya Mini Chunks - 45g,Specialty Staples,Soya Chunk,Soya Chunk,Nutrela,Soya Chunks,Ruchi Soya Industries,STPLS
CG,8290,Fortune Soya Health Soyabean Oil 15 Ltr,"Oil, Ghee & Vanaspati",Popular Edible Oil,Soyabean Oils,Fortune,Soyabean Oil,Adani Wilmar,STPLS
CG,10015,Kings Soyabean Oil - 750g Pouch,"Oil, Ghee & Vanaspati",Popular Edible Oil,Soyabean Oils,King's,Soyabean Oil,Adani Wilmar,STPLS
CG,10017,Mahakosh Soyabean Oil - 750g,"Oil, Ghee & Vanaspati",Popular Edible Oil,Soyabean Oils,Mahakosh,Soyabean Oil,Ruchi Soya Industries,STPLS
CG,68173,Kirti Gold Refined Soyabean Oil - 1 Ltr,"Oil, Ghee & Vanaspati",Popular Edible Oil,Soyabean Oils,Kirti Gold,Soyabean Oil,Kirti Agrovet,STPLS
CG,69716,Fortune Plus Soya Health Refined Soyabean Oil - 5 Ltr,"Oil, Ghee & Vanaspati",Popular Edible Oil,Soyabean Oils,Fortune,Soyabean Oil,Adani Wilmar,STPLS
CG,76848,Fortune Soya Plus Oil - 840g Pouch,"Oil, Ghee & Vanaspati",Popular Edible Oil,Soyabean Oils,Fortune,Soyabean Oil,Adani Wilmar,STPLS
CG,93413,King's Refined Soyabean Oil - 15kg,"Oil, Ghee & Vanaspati",Popular Edible Oil,Soyabean Oils,King's,Soyabean Oil,Adani Wilmar,STPLS
CG,90513,White Crystal Sugar Loose - 1Kg,"Salt, Sugar & Sweeteners",Sugar & Sweeteners,Sugar,Loose Container,Sugar,ASM,STPLS
CG,1518,Dhara Health Refined Sunflower Oil - 750g,"Oil, Ghee & Vanaspati",Popular Edible Oil,Sunflower Oils,Dhara,Sunflower Oil,Mother Dairy Fruit & Vegetable,STPLS
CG,2693,Fortune Refined Sunflower Oil - 4.35 Kg,"Oil, Ghee & Vanaspati",Popular Edible Oil,Sunflower Oils,Fortune,Sunflower Oil,Adani Wilmar,STPLS
CG,2694,Fortune Refined Sunflower Oil - 800g,"Oil, Ghee & Vanaspati",Popular Edible Oil,Sunflower Oils,Fortune,Sunflower Oil,Adani Wilmar,STPLS
CG,72024,Fortune Sun Lite Refined Sunflower Oil Tin - 13 Kg,"Oil, Ghee & Vanaspati",Popular Edible Oil,Sunflower Oils,Fortune,Sunflower Oil,Adani Wilmar,STPLS
CG,2539,Everest Tandoori Chicken Masala - 50g,Masalas & Spices,Blended Masala,Ready Masala,Everest,Tandoori Chicken Masala,Everest Food Products,STPLS
CG,13086,Tata Sampann Toor Arhar Dal Unpolished - 500g,Pulses,Toor Dal,Toor Dal,Tata Sampann,Toor Dal,Tata Consumer Products,STPLS
CG,93934,Toor Dal Loose - 1Kg,Pulses,Toor Dal,Toor Dal,Loose Container,Toor Dal,ASM,STPLS
CG,95470,Toor Dal Premium - 1Kg,Pulses,Toor Dal,Toor Dal,Loose Container,Toor Dal,ASM,STPLS
CG,2541,Everest Turmeric Powder - 100g,Masalas & Spices,Straight Powder,Powdered Spices,Everest,Turmeric Powder,Everest Food Products,STPLS
CG,2542,Everest Turmeric Powder - 50g,Masalas & Spices,Straight Powder,Powdered Spices,Everest,Turmeric Powder,Everest Food Products,STPLS
CG,85263,Khatri Haldi Powder - 100g,Masalas & Spices,Straight Powder,Powdered Spices,Khatri,Turmeric Powder,K M Product,STPLS
CG,85633,Khatri Haldi Powder - 200g,Masalas & Spices,Straight Powder,Powdered Spices,Khatri,Turmeric Powder,K M Product,STPLS
CG,2718,Dalda The Original Vanaspati - 840g,"Oil, Ghee & Vanaspati",Ghee & Vanaspati,Vanaspati,Dalda,Vanaspati Ghee,Bunge India,STPLS
CG,103980,Bolas Walnut Chef Secret - 200g,Dry Fruits & Nuts,Pista & Walnut,Walnut Kernels,Bolas,Walnut,Bolas Agro Private Limited,STPLS
CG,67847,Sachamoti Sharbati Wheat - 30Kg,Specialty Staples,Upwas Essentials,Upwas Essentials,Sachamoti,Wheat,Shiv Trading Company,STPLS
CG,18350,Daawat Basmati Rice Rozana Gold 5 Kg,Rice & Rice Products,Basmati Rice,Basmati Regular,Daawat,Basmati Rice,LT Foods,STPLS
CG,103297,Crunchi Waves Makhana Premium - 250g,Dry Fruits & Nuts,Makhana,Makhana Plain,Crunchi Waves,Makhana,Vitika Food,STPLS
CG,10676,Gowardhan Ghee Tetra Pack - 500ml,"Oil, Ghee & Vanaspati",Ghee & Vanaspati,Ghee,Gowardhan,Ghee,Parag Milk Foods,STPLS
CG,72366,Vachan Pure Cow Ghee - 200ml,"Oil, Ghee & Vanaspati",Ghee & Vanaspati,Ghee,Vachan,Ghee,Sarda Dairy And Food Products,STPLS
CG,929,Amul Pure Ghee Carton - 500ml,"Oil, Ghee & Vanaspati",Ghee & Vanaspati,Ghee,Amul,Ghee,GCMMF,STPLS
CG,2432,Patanjali Cow Ghee - 500ml,"Oil, Ghee & Vanaspati",Ghee & Vanaspati,Ghee,Patanjali,Ghee,Patanjali Ayurved,STPLS
CG,13905,Tata Sampann Unpolished Moong Dal - 500g,Pulses,Moong,Moong,Tata Sampann,Moong Dal,Tata Consumer Products,STPLS
CG,13906,Tata Sampann Unpolished Chana Dal - 500g,Pulses,Chana,Chana Dal,Tata Sampann,Chana Dal,Tata Consumer Products,STPLS
CG,16621,Tata Sampann Unpolished Kala Chana - 500g,Pulses,Chana,Chana Brown,Tata Sampann,Chana,Tata Consumer Products,STPLS
CG,37425,Tata Sampann Unpolished Masoor Dal Whole - 500g,Pulses,Masoor,Masoor,Tata Sampann,Masoor Dal Whole,Tata Consumer Products,STPLS
WB,68699,Sunrise Pure Aloo Dum Masala - 50g,Masalas & Spices,Blended Masala,Ready Masala,Sunrise,Aloo Dum Masala,Sunrise Foods,STPLS
WB,95149,Bolas Popular Anjeer - 250g,Dry Fruits & Nuts,Dry Fruits & Seeds,Other Dry Fruits,Bolas,Anjeer,Bolas Agro Private Limited,STPLS
WB,95356,Wheat Atta - 1Kg Loose,Flours & Grains,Flours,Wheat Flour,Loose Container,Atta,ASM,STPLS
WB,1614,Aashirvaad Multigrain Atta - 5Kg,Flours & Grains,Flours,Wheat Flour,Aashirvaad,Atta,ITC Ltd,STPLS
WB,1615,Aashirvaad Shudh Chakki Atta - 10Kg,Flours & Grains,Flours,Wheat Flour,Aashirvaad,Atta,ITC Ltd,STPLS
WB,2405,Aashirvaad Shudh Chakki Atta - 5Kg,Flours & Grains,Flours,Wheat Flour,Aashirvaad,Atta,ITC Ltd,STPLS
WB,12388,Aashirvaad Select Sharbatti Atta - 5Kg,Flours & Grains,Flours,Wheat Flour,Aashirvaad,Atta,ITC Ltd,STPLS
WB,18143,Ganesh Whole Wheat Chakki Atta - 5Kg,Flours & Grains,Flours,Wheat Flour,Ganesh,Atta,Ganesh Products Pvt Ltd,STPLS
WB,27729,Ganesh Whole Wheat Chakki Atta - 1kg,Flours & Grains,Flours,Wheat Flour,Ganesh,Atta,Ganesh Products Pvt Ltd,STPLS
WB,94200,Aashirvaad Whole Wheat Atta - 1Kg,Flours & Grains,Flours,Wheat Flour,Aashirvaad,Atta,ITC Ltd,STPLS
WB,96144,Baskati Standard Rice | 1Kg | Loose | Pack of 1,Rice & Rice Products,Non Basmati Rice,Boiled Rice,Loose Container,Baskati Rice,ASM,STPLS
WB,95790,Lalbaba Superior Banskathi Rice 10 Kg,Rice & Rice Products,Non Basmati Rice,Boiled Rice,Lalbaba,Baskati Rice,Bhadreswar Rice Mill,STPLS
WB,103537,Dainik Premium Banskathi Rice - 26Kg,Rice & Rice Products,Non Basmati Rice,Raw & Steam Rice,Dainik,Baskati Rice,Nilachal Food Product,STPLS
WB,103538,Dainik Premium Banskathi Rice | 10kg | Pack of 1,Rice & Rice Products,Non Basmati Rice,Raw & Steam Rice,Dainik,Baskati Rice,Nilachal Food Product,STPLS
WB,18308,India Gate Basmati Mogra Rice 5 Kg,Rice & Rice Products,Basmati Rice,Basmati Regular,India Gate,Basmati Rice,KRBL,STPLS
WB,27816,India Gate Basmati Rice Feast Rozzana 1 Kg,Rice & Rice Products,Basmati Rice,Basmati Regular,India Gate,Basmati Rice,KRBL,STPLS
WB,29942,India Gate Basmati Rice Select 1 kg,Rice & Rice Products,Basmati Rice,Basmati Premium,India Gate,Basmati Rice,KRBL,STPLS
WB,14684,India Gate Classic Basmati Rice - 1Kg,Rice & Rice Products,Basmati Rice,Basmati Premium,India Gate,Basmati Rice,KRBL,STPLS
WB,2611,India Gate Dubar Basmati Rice 1 Kg,Rice & Rice Products,Basmati Rice,Basmati Regular,India Gate,Basmati Rice,KRBL,STPLS
WB,23686,India Gate Rozanna Basmati Rice 5Kg,Rice & Rice Products,Basmati Rice,Basmati Regular,India Gate,Basmati Rice,KRBL,STPLS
WB,2610,India Gate Super Basmati Rice Pouch 1Kg + 500g Free,Rice & Rice Products,Basmati Rice,Basmati Premium,India Gate,Basmati Rice,KRBL,STPLS
WB,29523,India Gate Tibar Basmati Rice 1 Kg,Rice & Rice Products,Basmati Rice,Basmati Regular,India Gate,Basmati Rice,KRBL,STPLS
WB,9661,Basmati Sella Loose Rice 1 Kg,Rice & Rice Products,Basmati Rice,Basmati Sella,Loose Container,Basmati Rice,ASM,STPLS
WB,95367,Whole Grain Basmati Rice 1 Kg Loose,Rice & Rice Products,Basmati Rice,Basmati Premium,Loose Container,Basmati Rice,ASM,STPLS
WB,2606,Fortune Biryani Special Basmati Rice Pouch - 1Kg,Rice & Rice Products,Basmati Rice,Basmati Premium,Fortune,Basmati Rice,Adani Wilmar,STPLS
WB,2621,Fortune Besan - 500g,Flours & Grains,Flours,Besan,Fortune,Besan,Adani Wilmar,STPLS
WB,42934,Ganesh Chana Besan - 500g,Flours & Grains,Flours,Besan,Ganesh,Besan,Ganesh Products Pvt Ltd,STPLS
WB,2569,Sunrise Biryani Masala - 25g,Masalas & Spices,Blended Masala,Ready Masala,Sunrise,Biryani Masala,Sunrise Foods,STPLS
WB,9970,Everest Shahi Biryani Masala - 50g,Masalas & Spices,Blended Masala,Ready Masala,Everest,Shahi Biryani Masala,Everest Food Products,STPLS
WB,2505,Everest Black Pepper Powder - 50g,Masalas & Spices,Straight Powder,Powdered Spices,Everest,Black Pepper Powder,Everest Food Products,STPLS
WB,68660,JK Black Pepper Whole - 50g,Masalas & Spices,Whole Spices,Whole Spices,JK,Black Pepper Powder,JK Spices & Food Products,STPLS
WB,99163,Mayurank Kala Namak Black Salt - 100g,"Salt, Sugar & Sweeteners",Salt,Black salt,Mayurank,Black Salt,Mayurank Food Products Pvt Ltd,STPLS
WB,12888,Saffola Gold Multi Source Edible Oil - 1Ltr,"Oil, Ghee & Vanaspati",Health Oil,Blended Oil,Saffola,Blended Cooking Oil,Marico limited,STPLS
WB,81575,Saffola Active Health Losorb Refined Oil - 850g,"Oil, Ghee & Vanaspati",Health Oil,Blended Oil,Saffola,Blended Cooking Oil,Marico limited,STPLS
WB,3259,Everest Chaat Masala - 50g,Masalas & Spices,Blended Masala,Ready Masala,Everest,Chaat Masala,Everest Food Products,STPLS
WB,95466,Kala Chana - 1 Kg Loose,Pulses,Chana,Chana Brown,Loose Container,Chana,ASM,STPLS
WB,93937,Chana Dal - 1Kg Loose,Pulses,Chana,Chana Dal,Loose Container,Chana Dal,ASM,STPLS
WB,16429,Sunrise Pure Chana Masala - 50g,Masalas & Spices,Blended Masala,Ready Masala,Sunrise,Chana Masala,Sunrise Foods,STPLS
WB,3262,Everest Chhole Masala - 50g,Masalas & Spices,Blended Masala,Ready Masala,Everest,Chhole Masala,Everest Food Products,STPLS
WB,22383,Ganesh Chana Sattu - 200g,Flours & Grains,Flours,Sattu,Ganesh,Chana Sattu,Ganesh Products Pvt Ltd,STPLS
WB,23482,Ganesh Chana Sattu - 500g,Flours & Grains,Flours,Sattu,Ganesh,Chana Sattu,Ganesh Products Pvt Ltd,STPLS
WB,2528,Everest Chicken Masala - 50g,Masalas & Spices,Blended Masala,Ready Masala,Everest,Chicken Masala,Everest Food Products,STPLS
WB,2567,Sunrise Pure Chicken Curry Masala - 50g,Masalas & Spices,Blended Masala,Ready Masala,Sunrise,Chicken Masala,Sunrise Foods,STPLS
WB,16840,On1y Chilli Flakes - 34g,Masalas & Spices,Herbs & Seasonings,Seasonings,ON1Y,Chilli Flakes,Shakun Ayurved Pvt. Ltd,STPLS
WB,2506,Everest Kashmirilal Chilli Powder - 100g,Masalas & Spices,Straight Powder,Powdered Spices,Everest,Chilli Powder,Everest Food Products,STPLS
WB,2507,Everest Kashmirilal Chilli Powder - 50g,Masalas & Spices,Straight Powder,Powdered Spices,Everest,Chilli Powder,Everest Food Products,STPLS
WB,2509,Everest Tikhalal Chilli Powder - 100g,Masalas & Spices,Straight Powder,Powdered Spices,Everest,Chilli Powder,Everest Food Products,STPLS
WB,3288,Everest Tikhalal Chilli Powder - 50g,Masalas & Spices,Straight Powder,Powdered Spices,Everest,Chilli Powder,Everest Food Products,STPLS
WB,15634,Sunrise Pure Lal Mirch Powder - 50g,Masalas & Spices,Straight Powder,Powdered Spices,Sunrise,Chilli Powder,Sunrise Foods,STPLS
WB,17433,Sunrise Pure Powder Kashmiri Mirch - 50g,Masalas & Spices,Straight Powder,Powdered Spices,Sunrise,Chilli Powder,Sunrise Foods,STPLS
WB,3263,Everest Coriander Powder - 100g,Masalas & Spices,Straight Powder,Powdered Spices,Everest,Coriander Powder,Everest Food Products,STPLS
WB,3264,Everest Coriander Powder - 200g,Masalas & Spices,Straight Powder,Powdered Spices,Everest,Coriander Powder,Everest Food Products,STPLS
WB,95837,JK Dhaniya Powder - 100g,Masalas & Spices,Straight Powder,Powdered Spices,JK,Coriander Powder,JK Spices & Food Products,STPLS
WB,27141,Sunrise Powder Coriander - 50g,Masalas & Spices,Straight Powder,Powdered Spices,Sunrise,Coriander Powder,Sunrise Foods,STPLS
WB,13297,Bambino Dalia - 400g,Flours & Grains,Sooji & Daliya,Daliya,Bambino,Dalia,Bambino Agro Industries,STPLS
WB,66327,Ganesh Wheat Dalia - 500g,Flours & Grains,Sooji & Daliya,Sooji & Rava,Ganesh,Dalia,Ganesh Products Pvt Ltd,STPLS
WB,3004,Date Crown Fard - 500g,Dry Fruits & Nuts,Dates & Chuhara,Dates,Date Crown,Dates,Bait Al Tamur,STPLS
WB,12903,Lion Arabian Dates - 500g - Buy 1 Get 1 Free,Dry Fruits & Nuts,Dates & Chuhara,Dates,Lion,Dates,Lion Dates,STPLS
WB,12911,Lion Kimia Dates - 500g,Dry Fruits & Nuts,Dates & Chuhara,Dates,Lion,Dates,Lion Dates,STPLS
WB,37961,Lion Qyno Dates Value Pack – Buy 250g Get 250g Extra,Dry Fruits & Nuts,Dates & Chuhara,Dates,Lion,Dates,Lion Dates,STPLS
WB,89556,Lion Arabian Dates - 250g - Buy 1 Get 1 Free,Dry Fruits & Nuts,Dates & Chuhara,Dates,Lion,Dates,Lion Dates,STPLS
WB,3268,Everest Dry Mango Powder - 50g,Masalas & Spices,Straight Powder,Powdered Spices,Everest,Dry Mango Powder,Everest Food Products,STPLS
WB,95834,JK Amchur Powder - 50g,Masalas & Spices,Straight Powder,Powdered Spices,JK,Dry Mango Powder,JK Spices & Food Products,STPLS
WB,91,Chings Schezwan Fried Rice Masala - 20g,Masalas & Spices,Blended Masala,Ready Masala,Chings,Fried Rice Masala,Tata Consumer Products,STPLS
WB,2532,Everest Garam Masala - 50g,Masalas & Spices,Blended Masala,Ready Masala,Everest,Garam Masala,Everest Food Products,STPLS
WB,32957,Sunrise Garam Masala Powder - 50g,Masalas & Spices,Blended Masala,Ready Masala,Sunrise,Garam Masala,Sunrise Foods,STPLS
WB,18367,Amul Cow Ghee Tetra Pack - 1L,"Oil, Ghee & Vanaspati",Ghee & Vanaspati,Ghee,Amul,Ghee,GCMMF,STPLS
WB,9972,Amul Cow Ghee Jar - 200ml,"Oil, Ghee & Vanaspati",Ghee & Vanaspati,Ghee,Amul,Ghee,GCMMF,STPLS
WB,85877,Amul Cow Ghee - 500ml - Jar,"Oil, Ghee & Vanaspati",Ghee & Vanaspati,Ghee,Amul,Ghee,GCMMF,STPLS
WB,875,Amul Cow Ghee Refill Pack - 500ml,"Oil, Ghee & Vanaspati",Ghee & Vanaspati,Ghee,Amul,Ghee,GCMMF,STPLS
WB,874,Amul Cow Ghee Tin - 1Ltr,"Oil, Ghee & Vanaspati",Ghee & Vanaspati,Ghee,Amul,Ghee,GCMMF,STPLS
WB,927,Amul Pure Ghee Tetra Pack - 1Ltr,"Oil, Ghee & Vanaspati",Ghee & Vanaspati,Ghee,Amul,Ghee,GCMMF,STPLS
WB,930,Amul Pure Ghee - 500ml Pouch,"Oil, Ghee & Vanaspati",Ghee & Vanaspati,Ghee,Amul,Ghee,GCMMF,STPLS
WB,926,Amul Pure Ghee Tin - 1 Ltr,"Oil, Ghee & Vanaspati",Ghee & Vanaspati,Ghee,Amul,Ghee,GCMMF,STPLS
WB,4774,Gowardhan Cow Ghee Jar - 500ml,"Oil, Ghee & Vanaspati",Ghee & Vanaspati,Ghee,Gowardhan,Ghee,Parag Milk Foods,STPLS
WB,4775,Gowardhan Pure Cow Ghee Jar - 200ml,"Oil, Ghee & Vanaspati",Ghee & Vanaspati,Ghee,Gowardhan,Ghee,Parag Milk Foods,STPLS
WB,101557,Jharna Ghee - 100g,"Oil, Ghee & Vanaspati",Ghee & Vanaspati,Ghee,Jharna,Ghee,Sundarban Dairy And Farm,STPLS
WB,101556,Jharna Ghee - 250g,"Oil, Ghee & Vanaspati",Ghee & Vanaspati,Ghee,Jharna,Ghee,Sundarban Dairy And Farm,STPLS
WB,29867,Morton Ghee - 100g,"Oil, Ghee & Vanaspati",Ghee & Vanaspati,Ghee,Morton,Ghee,Morton Dairy,STPLS
WB,29860,Morton Ghee Jar - 500ml,"Oil, Ghee & Vanaspati",Ghee & Vanaspati,Ghee,Morton,Ghee,Morton Dairy,STPLS
WB,68729,Morton Pure Cow Ghee - 200ml,"Oil, Ghee & Vanaspati",Ghee & Vanaspati,Ghee,Morton,Ghee,Morton Dairy,STPLS
WB,3205,Smith & Jones Ginger Garlic Paste - 200g,Masalas & Spices,Cooking Pastes & Pure,Cooking Pastes & Pure,Smith & Jones,Ginger Garlic Paste,Tata Consumer Products,STPLS
WB,3206,Smith & Jones Ginger Garlic Paste - 20g,Masalas & Spices,Cooking Pastes & Pure,Cooking Pastes & Pure,Smith & Jones,Ginger Garlic Paste,Tata Consumer Products,STPLS
WB,93959,Govind Bhog Raw Rice Loose 1Kg,Rice & Rice Products,Non Basmati Rice,Raw & Steam Rice,Loose Container,Gobind Bhog Rice,ASM,STPLS
WB,73772,Dhara Filtered Groundnut Oil - 1L,"Oil, Ghee & Vanaspati",Other Edible Oil,Groundnut Oil,Dhara,Groundnut Oil,Mother Dairy Fruit & Vegetable,STPLS
WB,3258,Everest Hingraj Pure Hing Powder - 25g,Masalas & Spices,Whole Spices,Whole Spices,Everest,Hing Powder,Everest Food Products,STPLS
WB,3271,Everest Asafoetida Yellow Hing - 25g,Masalas & Spices,Whole Spices,Whole Spices,Everest,Hing Powder,Everest Food Products,STPLS
WB,99894,Brown Jaggery Loose - 1kg,"Salt, Sugar & Sweeteners",Sugar & Sweeteners,Jaggery,Loose Container,Jaggery,Local,STPLS
WB,97342,Paawak Jaggery Cubes - 500 g,"Salt, Sugar & Sweeteners",Sugar & Sweeteners,Jaggery,Paawak Food Products,Jaggery,Paawak,STPLS
WB,100600,Mayurank Jaggery Powder - 500g,"Salt, Sugar & Sweeteners",Sugar & Sweeteners,Jaggery,Mayurank,Jaggery,Mayurank Food Products Pvt Ltd,STPLS
WB,97343,Paawak Jaggery Powder Jar - 500g,"Salt, Sugar & Sweeteners",Sugar & Sweeteners,Jaggery,Paawak Food Products,Jaggery Powder,Paawak,STPLS
WB,97344,Paawak Jaggery Powder Pouch - 500g,"Salt, Sugar & Sweeteners",Sugar & Sweeteners,Jaggery,Paawak Food Products,Jaggery Powder,Paawak,STPLS
WB,3273,Everest Jaljira Powder - 50g,Masalas & Spices,Blended Masala,Ready Masala,Everest,Jaljeera Masala,Everest Food Products,STPLS
WB,14126,Sunrise Pure Jeera Whole Spice - 50g,Masalas & Spices,Whole Spices,Whole Spices,Sunrise,Jeera,Sunrise Foods,STPLS
WB,34759,Sunrise Pure Black Cumin Kala Jeera - 50g,Masalas & Spices,Whole Spices,Whole Spices,Sunrise,Jeera,Sunrise Foods,STPLS
WB,68662,JK Jeera Cumin Seeds - 100g,Masalas & Spices,Whole Spices,Whole Spices,Jk,Jeera,JK Spices & Food Products,STPLS
WB,95374,Cummin Jeera - 1Kg Loose,Masalas & Spices,Whole Spices,Whole Spices,Loose Container,Jeera,ASM,STPLS
WB,2522,Everest Jeera Finest Quality Pure Cumin Powder - 50g,Masalas & Spices,Straight Powder,Powdered Spices,Everest,Jeera Powder,Everest Food Products,STPLS
WB,14135,Sunrise Pure Cumin Powder - 50g,Masalas & Spices,Straight Powder,Powdered Spices,Sunrise,Jeera Powder,Sunrise Foods,STPLS
WB,95828,JK Jeera Powder - 100g,Masalas & Spices,Straight Powder,Powdered Spices,JK,Jeera Powder,JK Spices & Food Products,STPLS
WB,104365,Lalbaba Jeerakathi Rice - 5Kg,Rice & Rice Products,Non Basmati Rice,Raw & Steam Rice,Lalbaba,Jeerakathi Rice,Bhadreswar Rice Mill,STPLS
WB,95373,Kabuli Chana Loose - 1Kg,Pulses,Chana,Chana Kabuli,Loose Container,Kabuli Chana,ASM,STPLS
WB,86207,DNV Kalai Bori - 100g,Specialty Staples,Dal Bari,Dal Bari,Dnv,Kalai Badi,DNV Food Products,STPLS
WB,68664,JK Kala Jeera - 50g,Masalas & Spices,Whole Spices,Whole Spices,Jk,Kalonji Seeds,JK Spices & Food Products,STPLS
WB,3274,Everest Kasuri Methi - 25g,Masalas & Spices,Whole Spices,Whole Spices,Everest,Kasuri Methi,Everest Food Products,STPLS
WB,32956,Sunrise Pure Kasuri Methi - 25g,Masalas & Spices,Whole Spices,Whole Spices,Sunrise,Kasuri Methi,Sunrise Foods,STPLS
WB,12945,Everest Saffron - 0.5g,Masalas & Spices,Whole Spices,Whole Spices,Everest,Kesar,Everest Food Products,STPLS
WB,2533,Everest Kitchen King Masala - 50g,Masalas & Spices,Blended Masala,Ready Masala,Everest,Kitchen King,Everest Food Products,STPLS
WB,13273,Fortune Maida - 500g,Flours & Grains,Flours,Maida,Fortune,Maida,Adani Wilmar,STPLS
WB,13314,Ganesh Maida - 500g,Flours & Grains,Flours,Maida,Ganesh,Maida,Ganesh Products Pvt Ltd,STPLS
WB,17487,Ganesh Maida - 1kg,Flours & Grains,Flours,Maida,Ganesh,Maida,Ganesh Products Pvt Ltd,STPLS
WB,103734,Crunchi Waves Makhana Regular - 250g,Dry Fruits & Nuts,Makhana,Makhana Plain,Crunchi Waves,Makhana,Vitika Food,STPLS
WB,114,Chings Veg Manchurian Masala - 20g,Masalas & Spices,Blended Masala,Ready Masala,Chings,Manchurian Masala,Tata Consumer Products,STPLS
WB,8654,Maggi Magic Masala - 6g,Masalas & Spices,Blended Masala,Ready Masala,Maggi,Masala Packet,Nestle India,FMCGF
WB,95358,Masoor Malka Red Whole - 1Kg Loose,Pulses,Masoor,Masoor,Loose Container,Masoor Dal,ASM,STPLS
WB,96132,Masoor Malka Small Dal Loose - 1Kg,Pulses,Masoor,Masoor,Loose Container,Masoor Dal,ASM,STPLS
WB,99275,Mayurank Matar Daal - 500g,Pulses,Other Pulses,Other Pulses,Mayurank,Matar Dal,Mayurank Food Products Pvt Ltd,STPLS
WB,2536,Everest Meat Masala - 50g,Masalas & Spices,Blended Masala,Ready Masala,Everest,Meat Masala,Everest Food Products,STPLS
WB,2568,Sunrise Meat Masala Blended - 50g,Masalas & Spices,Blended Masala,Ready Masala,Sunrise,Meat Masala,Sunrise Foods,STPLS
WB,81590,Lalbaba Superior Miniket Rice 26 Kg,Rice & Rice Products,Non Basmati Rice,Boiled Rice,Lalbaba,Miniket Rice,Bhadreswar Rice Mill,STPLS
WB,89746,Premium Miniket Rice Loose | 1kg,Rice & Rice Products,Non Basmati Rice,Boiled Rice,Loose Container,Miniket Rice,ASM,STPLS
WB,95789,Lalbaba Superior Miniket Rice 10 Kg,Rice & Rice Products,Non Basmati Rice,Boiled Rice,Lalbaba,Miniket Rice,Bhadreswar Rice Mill,STPLS
WB,103531,Dainik Minikit Rice | 26kg | Pack of 1,Rice & Rice Products,Non Basmati Rice,Raw & Steam Rice,Dainik,Miniket Rice,Nilachal Food Product,STPLS
WB,103532,Dainik Minikit Rice | 10kg | Pack of 1,Rice & Rice Products,Non Basmati Rice,Raw & Steam Rice,Dainik,Miniket Rice,Nilachal Food Product,STPLS
WB,104364,Lalbaba Bhadreswar Miniket Rice - 26Kg,Rice & Rice Products,Non Basmati Rice,Raw & Steam Rice,Lalbaba,Miniket Rice,Bhadreswar Rice Mill,STPLS
WB,96160,Miniket Regular Rice Loose | 1kg,Rice & Rice Products,Non Basmati Rice,Boiled Rice,Loose Container,Miniket Rice,ASM,STPLS
WB,99276,Mayurank Mix Daal - 500g,Pulses,Other Pulses,Other Pulses,Mayurank,Mix Dal,Mayurank Food Products Pvt Ltd,STPLS
WB,103884,Bolas Panchameva Mixed Dryfruits - 250g,Dry Fruits & Nuts,Dry Fruits & Seeds,Other Dry Fruits,Bolas,Mixed Dry Fruits,Bolas Agro Private Limited,STPLS
WB,29664,Tata Sampann Unpolished Green Moong Dal Whole - 500g,Pulses,Moong,Moong,Tata Sampann,Moong Dal,Tata Consumer Products,STPLS
WB,93936,Moong Dal Yellow - 1Kg Loose,Pulses,Moong,Moong,Loose Container,Moong Dal,ASM,STPLS
WB,31595,Taja Economy Puffed Rice 250g,Rice & Rice Products,Puffed Rice,Puffed Rice & Muri,Taja,Murmura,Karmakar Enterprise,STPLS
WB,43115,Sunrise Pure Mustard & Poppy Seed Powder - 50g,Masalas & Spices,Blended Masala,Ready Masala,Sunrise,Mustard & Poppy Powder,Sunrise Foods,STPLS
WB,1519,Dhara Kachi Ghani Mustard Oil - 5Ltr,"Oil, Ghee & Vanaspati",Popular Edible Oil,Mustard Oil,Dhara,Mustard Oil,Mother Dairy Fruit & Vegetable,STPLS
WB,2699,Engine Kachi Ghani Mustard Oil - 1Ltr Pouch,"Oil, Ghee & Vanaspati",Popular Edible Oil,Mustard Oil,Engine,Mustard Oil,Shree Hari Industries,STPLS
WB,2704,Fortune Premium Kachi Ghani Pure Mustard Oil - 1Ltr Pouch,"Oil, Ghee & Vanaspati",Popular Edible Oil,Mustard Oil,Fortune,Mustard Oil,Adani Wilmar,STPLS
WB,10696,Dhara Kachi Ghani Mustard Oil - 1 Ltr,"Oil, Ghee & Vanaspati",Popular Edible Oil,Mustard Oil,Dhara,Mustard Oil,Mother Dairy Fruit & Vegetable,STPLS
WB,12876,Emami Healthy And Tasty Kachchi Ghani Strong Mustard Oil - 825g,"Oil, Ghee & Vanaspati",Popular Edible Oil,Mustard Oil,Emami,Mustard Oil,Emami Ltd,STPLS
WB,27343,Dhara Kachi Ghani Mustard Oil - 455g,"Oil, Ghee & Vanaspati",Popular Edible Oil,Mustard Oil,Dhara,Mustard Oil,Mother Dairy Fruit & Vegetable,STPLS
WB,37248,Fortune Kachi Ghani Pure Mustard Oil Jar - 5Ltr,"Oil, Ghee & Vanaspati",Popular Edible Oil,Mustard Oil,Fortune,Mustard Oil,Adani Wilmar,STPLS
WB,95287,Mahakosh Kachi Ghani Mustard Oil - 850g Pouch,"Oil, Ghee & Vanaspati",Popular Edible Oil,Mustard Oil,Mahakosh,Mustard Oil,Ruchi Soya Industries,STPLS
WB,104594,Doctors' Choice Kacchi Ghani Mustard Oil - 1L,"Oil, Ghee & Vanaspati",Popular Edible Oil,Mustard Oil,Doctor's Choice,Mustard Oil,Budge Budge Refineries Ltd,STPLS
WB,16308,Sunrise Pure Mustard Powder - 35g,Masalas & Spices,Straight Powder,Powdered Spices,Sunrise,Mustard Powder,Sunrise Foods,STPLS
WB,95857,JK Mustard Red - 100g,Masalas & Spices,Whole Spices,Whole Spices,JK,Mustard Seeds,JK Spices & Food Products,STPLS
WB,28474,Chings Chowmein Noodle Masala - 7g,Masalas & Spices,Blended Masala,Ready Masala,Chings,Noodle Masala,Tata Consumer Products,STPLS
WB,23501,On1y Oregano Herbs - 10g,Masalas & Spices,Herbs & Seasonings,Herbs,ON1Y,Oregano,Shakun Ayurved Pvt. Ltd,STPLS
WB,14085,Sunrise Pure Panch Foron Whole Spice - 50g,Masalas & Spices,Whole Spices,Whole Spices,Sunrise,Panch Phoron,Sunrise Foods,STPLS
WB,68665,JK Panch Foran - 50g,Masalas & Spices,Whole Spices,Whole Spices,Jk,Panch Phoron,JK Spices & Food Products,STPLS
WB,90,Chings Paneer Chilli Miracle Masala - 20g,Masalas & Spices,Blended Masala,Ready Masala,Chings,Paneer Chilli Masala,Tata Consumer Products,STPLS
WB,3315,Smith & Jones Pasta Masala - 7g,Masalas & Spices,Blended Masala,Ready Masala,Smith & Jones,Pasta Masala,Tata Consumer Products,STPLS
WB,3277,Everest Pav Bhaji Masala - 50g,Masalas & Spices,Blended Masala,Ready Masala,Everest,Pav Bhaji Masala,Everest Food Products,STPLS
WB,95141,Bolas Roasted And Salted Pista - 200g,Dry Fruits & Nuts,Pista & Walnut,Pista Roasted & Salted,Bolas,Pistachios,Bolas Agro Private Limited,STPLS
WB,95368,Chura Poha Loose 1 Kg,Rice & Rice Products,Poha,Poha,Loose Container,Poha,ASM,STPLS
WB,13243,Tata Sampann Poha 500g,Rice & Rice Products,Poha,Poha,Tata Sampann,Poha,Tata Consumer Products,STPLS
WB,28126,Sunrise Pure Poppy Seed Posta - 50g,Masalas & Spices,Whole Spices,Whole Spices,Sunrise,Poppy Seed,Sunrise Foods,STPLS
WB,96335,Posta - 1Kg Loose,Masalas & Spices,Whole Spices,Whole Spices,Loose Container,Poppy Seed,ASM,STPLS
WB,95852,JK Green Radhuni - 50g,Masalas & Spices,Whole Spices,Whole Spices,JK,Radhuni,JK Spices & Food Products,STPLS
WB,103540,Dainik Economy Ratna Rice | 26kg | Pack of 1,Rice & Rice Products,Non Basmati Rice,Raw & Steam Rice,Dainik,Ratna Rice,Nilachal Food Product,STPLS
WB,104363,Lalbaba Bhadreswar Ratna Rice - 10Kg,Rice & Rice Products,Non Basmati Rice,Raw & Steam Rice,Lalbaba,Ratna Rice,Bhadreswar Rice Mill,STPLS
WB,74191,Lalbaba Premium Miniket Rice | 26 Kgs | Pack of 1,Rice & Rice Products,Non Basmati Rice,Boiled Rice,Lalbaba,Rice,Bhadreswar Rice Mill,STPLS
WB,98414,Dudheswar Rice Loose 1kg,Rice & Rice Products,Non Basmati Rice,Boiled Rice,Loose Container,Rice,Local,STPLS
WB,2714,Fortune Rice Bran Oil - 750g,"Oil, Ghee & Vanaspati",Popular Edible Oil,Rice Bran Oils,Fortune,Rice Bran Oil,Adani Wilmar,STPLS
WB,12916,Emami Healthy And Tasty Refined Rice Bran Oil - 730g,"Oil, Ghee & Vanaspati",Popular Edible Oil,Rice Bran Oils,Emami,Rice Bran Oil,Emami Ltd,STPLS
WB,79794,Doctors' Choice Physically Refined Rice Bran Oil - 1L,"Oil, Ghee & Vanaspati",Popular Edible Oil,Rice Bran Oils,Doctors,Rice Bran Oil,Budge Budge Refineries Ltd,STPLS
WB,29893,Patanjali Rock Salt - 1Kg,"Salt, Sugar & Sweeteners",Salt,Rock Salt,Patanjali,Rock Salt,Patanjali Ayurved,STPLS
WB,99168,Mayurank Sendha Namak - 100g,"Salt, Sugar & Sweeteners",Salt,Rock Salt,Mayurank,Rock Salt,Mayurank Food Products Pvt Ltd,STPLS
WB,3283,Everest Sabji Masala - 50g,Masalas & Spices,Blended Masala,Ready Masala,Everest,Sabji Masala,Everest Food Products,STPLS
WB,95861,JK Sago Big Sabudana - 500g,Specialty Staples,Upwas Essentials,Upwas Essentials,JK,Sabudana,JK Spices & Food Products,STPLS
WB,95862,JK Sabudana Small Moti - 250g,Specialty Staples,Upwas Essentials,Upwas Essentials,JK,Sabudana,JK Spices & Food Products,STPLS
WB,4947,Tata Lite Low Sodium Iodised Salt - 1Kg,"Salt, Sugar & Sweeteners",Salt,Iodised Salt,Tata,Salt,Tata Consumer Products,STPLS
WB,4949,Tata Salt - 1kg,"Salt, Sugar & Sweeteners",Salt,Iodised Salt,Tata,Salt,Tata Consumer Products,STPLS
WB,37423,Tata Rock Salt - 1 Kg,"Salt, Sugar & Sweeteners",Salt,Rock Salt,Tata,Salt,Tata Consumer Products,STPLS
WB,84395,Patanjali Iodised Salt - 1kg,"Salt, Sugar & Sweeteners",Salt,Iodised Salt,Patanjali,Salt,Patanjali Ayurved,STPLS
WB,3285,Everest Sambhar Masala - 50g,Masalas & Spices,Blended Masala,Ready Masala,Everest,Sambhar Masala,Everest Food Products,STPLS
WB,95853,JK Green Rai - 100g,Masalas & Spices,Whole Spices,Whole Spices,JK,Sarso Rai,JK Spices & Food Products,STPLS
WB,3209,Smith & Jones Sahi Paneer Masala Mix - 20g,Masalas & Spices,Blended Masala,Ready Masala,Smith & Jones,Shahi Paneer Masala,Tata Consumer Products,STPLS
WB,3287,Everest Shahi Paneer Masala - 50g,Masalas & Spices,Blended Masala,Ready Masala,Everest,Shahi Paneer Masala,Everest Food Products,STPLS
WB,13272,Fortune Suji - 500g,Flours & Grains,Sooji & Daliya,Sooji & Rava,Fortune,Sooji,Adani Wilmar,STPLS
WB,13302,Ganesh Sooji - 500g,Flours & Grains,Sooji & Daliya,Sooji & Rava,Ganesh,Sooji,Ganesh Products Pvt Ltd,STPLS
WB,104505,KPS Kitchen King Sooji - 500g,Flours & Grains,Sooji & Daliya,Sooji & Rava,Kps Kitchen King,Sooji,KPS RETAIL MART PVT LTD,STPLS
WB,96272,Tulsi Bhog Rice Loose 1 Kg,Rice & Rice Products,Non Basmati Rice,Raw & Steam Rice,Loose Container,Sortex Rice,ASM,STPLS
WB,3245,Nutrela Soya Chunks - 1Kg,Specialty Staples,Soya Chunk,Soya Chunk,Nutrela,Soya Chunks,Ruchi Soya Industries,STPLS
WB,3246,Nutrela Soya Chunks - 200g,Specialty Staples,Soya Chunk,Soya Chunk,Nutrela,Soya Chunks,Ruchi Soya Industries,STPLS
WB,8337,Nutrela Soya Mini Chunk - 200g,Specialty Staples,Soya Chunk,Soya Chunk,Nutrela,Soya Chunks,Ruchi Soya Industries,STPLS
WB,13365,Fortune Soya Chunks - 44g,Specialty Staples,Soya Chunk,Soya Chunk,Fortune,Soya Chunks,Adani Wilmar,STPLS
WB,77782,Fortune Soya Mini Chunks - 44g,Specialty Staples,Soya Chunk,Soya Chunk,Fortune,Soya Chunks,Adani Wilmar,STPLS
WB,2680,Fortune Refined Soyabean Oil - 4.35Kg,"Oil, Ghee & Vanaspati",Popular Edible Oil,Soyabean Oils,Fortune,Soyabean Oil,Adani Wilmar,STPLS
WB,10015,Kings Soyabean Oil - 750g Pouch,"Oil, Ghee & Vanaspati",Popular Edible Oil,Soyabean Oils,King's,Soyabean Oil,Adani Wilmar,STPLS
WB,10017,Mahakosh Soyabean Oil - 750g,"Oil, Ghee & Vanaspati",Popular Edible Oil,Soyabean Oils,Mahakosh,Soyabean Oil,Ruchi Soya Industries,STPLS
WB,28470,Emami Healthy & Tasty Ultra Lite Refined Soyabean Oil - 730g,"Oil, Ghee & Vanaspati",Popular Edible Oil,Soyabean Oils,Emami,Soyabean Oil,Emami Ltd,STPLS
WB,36757,Mahakosh Refined Soyabean Oil Pouch - 375g,"Oil, Ghee & Vanaspati",Popular Edible Oil,Soyabean Oils,Mahakosh,Soyabean Oil,Ruchi Soya Industries,STPLS
WB,46767,Dhara Refined Soyabean Oil Lite - 750g,"Oil, Ghee & Vanaspati",Popular Edible Oil,Soyabean Oils,Dhara,Soyabean Oil,Mother Dairy Fruit & Vegetable,STPLS
WB,103784,Fortune Soya Health Refined Soyabean Oil - 750g,"Oil, Ghee & Vanaspati",Popular Edible Oil,Soyabean Oils,Fortune,Soyabean Oil,Adani Wilmar,STPLS
WB,104298,Doctors' Choice Refined Soybean Oil | 750g | Pack of 1,"Oil, Ghee & Vanaspati",Popular Edible Oil,Soyabean Oils,Doctors' Choice,Soyabean Oil,Budge Budge Refineries Ltd,STPLS
WB,90513,White Crystal Sugar Loose - 1Kg,"Salt, Sugar & Sweeteners",Sugar & Sweeteners,Sugar,Loose Container,Sugar,ASM,STPLS
WB,1518,Dhara Health Refined Sunflower Oil - 750g,"Oil, Ghee & Vanaspati",Popular Edible Oil,Sunflower Oils,Dhara,Sunflower Oil,Mother Dairy Fruit & Vegetable,STPLS
WB,2694,Fortune Refined Sunflower Oil - 800g,"Oil, Ghee & Vanaspati",Popular Edible Oil,Sunflower Oils,Fortune,Sunflower Oil,Adani Wilmar,STPLS
WB,29099,Emami Healthy & Tasty Refined Sunflower Oil - 780g,"Oil, Ghee & Vanaspati",Popular Edible Oil,Sunflower Oils,Emami,Sunflower Oil,Emami Ltd,STPLS
WB,79802,Doctors' Choice Refined Sunflower Oil - 1L,"Oil, Ghee & Vanaspati",Popular Edible Oil,Sunflower Oils,Doctors,Sunflower Oil,Budge Budge Refineries Ltd,STPLS
WB,104362,Lalbaba Bhadreswar Swarna Boiled Rice - 26Kg,Rice & Rice Products,Non Basmati Rice,Raw & Steam Rice,Lalbaba,Swarna Boiled Rice,Bhadreswar Rice Mill,STPLS
WB,2539,Everest Tandoori Chicken Masala - 50g,Masalas & Spices,Blended Masala,Ready Masala,Everest,Tandoori Chicken Masala,Everest Food Products,STPLS
WB,99277,Mayurank Tarka Mix - 500g,Pulses,Other Pulses,Other Pulses,Mayurank,Tarka Mix,Mayurank Food Products Pvt Ltd,STPLS
WB,13086,Tata Sampann Toor Arhar Dal Unpolished - 500g,Pulses,Toor Dal,Toor Dal,Tata Sampann,Toor Dal,Tata Consumer Products,STPLS
WB,93934,Toor Dal Loose - 1Kg,Pulses,Toor Dal,Toor Dal,Loose Container,Toor Dal,ASM,STPLS
WB,2541,Everest Turmeric Powder - 100g,Masalas & Spices,Straight Powder,Powdered Spices,Everest,Turmeric Powder,Everest Food Products,STPLS
WB,2542,Everest Turmeric Powder - 50g,Masalas & Spices,Straight Powder,Powdered Spices,Everest,Turmeric Powder,Everest Food Products,STPLS
WB,16376,Sunrise Pure Turmeric Powder - 100g,Masalas & Spices,Straight Powder,Powdered Spices,Sunrise,Turmeric Powder,Sunrise Foods,STPLS
WB,28122,Sunrise Pure Haldi Powder - 200g,Masalas & Spices,Straight Powder,Powdered Spices,Sunrise,Turmeric Powder,Sunrise Foods,STPLS
WB,95840,JK Haldi Powder - 100g,Masalas & Spices,Straight Powder,Powdered Spices,JK,Turmeric Powder,JK Spices & Food Products,STPLS
WB,2718,Dalda The Original Vanaspati - 840g,"Oil, Ghee & Vanaspati",Ghee & Vanaspati,Vanaspati,Dalda,Vanaspati Ghee,Bunge India,STPLS
WB,103980,Bolas Walnut Chef Secret - 200g,Dry Fruits & Nuts,Pista & Walnut,Walnut Kernels,Bolas,Walnut,Bolas Agro Private Limited,STPLS
WB,104500,KPS Kitchen King Whole Wheat Chakki Atta 1 Kg,Flours & Grains,Flours,Wheat Flour,Kps Kitchen King,Atta,KPS RETAIL MART PVT LTD,STPLS
WB,104501,KPS Kitchen King Whole Wheat Chakki Atta - 5Kg,Flours & Grains,Flours,Wheat Flour,Kps Kitchen King,Atta,KPS RETAIL MART PVT LTD,STPLS
WB,103297,Crunchi Waves Makhana Premium - 250g,Dry Fruits & Nuts,Makhana,Makhana Plain,Crunchi Waves,Makhana,Vitika Food,STPLS
WB,10676,Gowardhan Ghee Tetra Pack - 500ml,"Oil, Ghee & Vanaspati",Ghee & Vanaspati,Ghee,Gowardhan,Ghee,Parag Milk Foods,STPLS
WB,929,Amul Pure Ghee Carton - 500ml,"Oil, Ghee & Vanaspati",Ghee & Vanaspati,Ghee,Amul,Ghee,GCMMF,STPLS
WB,86208,DNV Musur Bori - 100g,Specialty Staples,Dal Bari,Dal Bari,Dnv,Masoor Badi,DNV Food Products,STPLS
WB,2432,Patanjali Cow Ghee - 500ml,"Oil, Ghee & Vanaspati",Ghee & Vanaspati,Ghee,Patanjali,Ghee,Patanjali Ayurved,STPLS
WB,13905,Tata Sampann Unpolished Moong Dal - 500g,Pulses,Moong,Moong,Tata Sampann,Moong Dal,Tata Consumer Products,STPLS
WB,13906,Tata Sampann Unpolished Chana Dal - 500g,Pulses,Chana,Chana Dal,Tata Sampann,Chana Dal,Tata Consumer Products,STPLS
WB,16621,Tata Sampann Unpolished Kala Chana - 500g,Pulses,Chana,Chana Brown,Tata Sampann,Chana,Tata Consumer Products,STPLS
WB,37425,Tata Sampann Unpolished Masoor Dal Whole - 500g,Pulses,Masoor,Masoor,Tata Sampann,Masoor Dal Whole,Tata Consumer Products,STPLS
WB,31772,JK Poppy Seed - 100g,Masalas & Spices,Whole Spices,Whole Spices,JK,Poppy Seed,JK Spices & Food Products,STPLS
JH,640,Aji No Moto - 50g,"Salt, Sugar & Sweeteners",Salt,Other Salt,ASM,Aji No Moto,ASM,STPLS
JH,644,Ajwain - 100g,Masalas & Spices,Whole Spices,Whole Spices,ASM,Ajwain,ASM,STPLS
JH,645,Almond Badaam - 100g,Dry Fruits & Nuts,Almond & Cashew,Almond,ASM,Almonds,ASM,STPLS
JH,646,Almond Badaam - 250g,Dry Fruits & Nuts,Almond & Cashew,Almond,ASM,Almonds,ASM,STPLS
JH,647,Almond Badaam - 500g,Dry Fruits & Nuts,Almond & Cashew,Almond,ASM,Almonds,ASM,STPLS
JH,90024,Almond Premium - 250g,Dry Fruits & Nuts,Almond & Cashew,Almond,Asm,Almonds,ASM,STPLS
JH,93839,Almonds,Dry Fruits & Nuts,Almond & Cashew,Almond,ASM,Almonds,ASM,STPLS
JH,650,Arrowroot Powder - 500g,Flours & Grains,Flours,Other Flours,ASM,Arrowroot Powder,ASM,STPLS
JH,84718,Bajra Atta - 500g,Flours & Grains,Flours,Millet Flour,ASM,Bajra Atta,ASM,STPLS
JH,90025,Basil Seeds - 100g,Dry Fruits & Nuts,Dry Fruits & Seeds,Seeds,Asm,Basil Seeds,ASM,STPLS
JH,667,Arwa Basmati Chura 500g,Rice & Rice Products,Poha,Poha,ASM,Basmati Chura,ASM,STPLS
JH,69961,Besan - 500g,Flours & Grains,Flours,Besan,ASM,Besan,ASM,STPLS
JH,690,Golki Kaali Mirch - 100g,Masalas & Spices,Whole Spices,Whole Spices,ASM,Black Pepper,ASM,STPLS
JH,692,Golki Kaali Mirch - 50g,Masalas & Spices,Whole Spices,Whole Spices,ASM,Black Pepper,ASM,STPLS
JH,93836,Cashew Pack,Dry Fruits & Nuts,Almond & Cashew,Cashew,ASM,Cashew,ASM,STPLS
JH,11655,Kaju Cashew - 250g,Dry Fruits & Nuts,Almond & Cashew,Cashew,ASM,Cashew,ASM,STPLS
JH,11654,Kaju Cashew - 100g,Dry Fruits & Nuts,Almond & Cashew,Cashew,ASM,Cashew,ASM,STPLS
JH,708,Kaju Cashew - 250g - W180,Dry Fruits & Nuts,Almond & Cashew,Cashew,ASM,Cashew,ASM,STPLS
JH,11527,Kaju Cashew - 500g,Dry Fruits & Nuts,Almond & Cashew,Cashew,ASM,Cashew,ASM,STPLS
JH,11171,Kaju Tukda Four - 250g,Dry Fruits & Nuts,Almond & Cashew,Cashew,ASM,Cashew,ASM,STPLS
JH,660,Kala Chana - 500g,Pulses,Chana,Chana Dal,ASM,Chana,ASM,STPLS
JH,658,Chana Dal - 500g,Pulses,Chana,Chana Dal,ASM,Chana Dal,ASM,STPLS
JH,90028,Chana Dal Premium - 500g,Pulses,Chana,Chana Dal,Asm,Chana Dal,ASM,STPLS
JH,77030,Sattu - 500g,Flours & Grains,Flours,Sattu,ASM,Chana Sattu,ASM,STPLS
JH,76733,Chia Seeds - 100g,Dry Fruits & Nuts,Dry Fruits & Seeds,Seeds,ASM,Chia Seeds,ASM,STPLS
JH,665,Chuhara Dry Date - 500g,Dry Fruits & Nuts,Dates & Chuhara,Chuhara,ASM,Chuhara,ASM,STPLS
JH,9910,Clove Laung - 10g,Masalas & Spices,Whole Spices,Whole Spices,ASM,Clove,ASM,STPLS
JH,723,Makka Popcorn Dana - 100g,Flours & Grains,Grains,Maize,ASM,Corn Kernels,ASM,STPLS
JH,10097,Cigar Dalchini - 50g,Masalas & Spices,Whole Spices,Whole Spices,ASM,Dalchini,ASM,STPLS
JH,680,Dalchini Cinnemon - 50g,Masalas & Spices,Whole Spices,Whole Spices,ASM,Dalchini,ASM,STPLS
JH,664,Chuhara Dry Dates - 250g,Dry Fruits & Nuts,Dates & Chuhara,Chuhara,ASM,Dates,ASM,STPLS
JH,765,Lal Mirch Khada With Stick - 100g,Masalas & Spices,Whole Spices,Whole Spices,ASM,Dry Chilli,ASM,STPLS
JH,713,Lal Mirch Khada Without Stick - 100g,Masalas & Spices,Whole Spices,Whole Spices,ASM,Dry Chilli,ASM,STPLS
JH,689,Gadi Dry Coconut Small 1N,Dry Fruits & Nuts,Dry Fruits & Seeds,Other Dry Fruits,ASM,Dry Coconut,ASM,STPLS
JH,83982,Gadi Dry Coconut Large - 1pc,Dry Fruits & Nuts,Dry Fruits & Seeds,Other Dry Fruits,ASM,Dry Coconut,ASM,STPLS
JH,673,Coconut Powder - 100g,Dry Fruits & Nuts,Dry Fruits & Seeds,Other Dry Fruits,ASM,Dry Coconut Powder,ASM,STPLS
JH,684,Green Elaichi - 10g,Masalas & Spices,Whole Spices,Whole Spices,ASM,Elaichi,ASM,STPLS
JH,686,Green Elaichi - 25g,Masalas & Spices,Whole Spices,Whole Spices,ASM,Elaichi,ASM,STPLS
JH,88014,Badi Elaichi - 20g,Masalas & Spices,Whole Spices,Whole Spices,ASM,Badi Elaichi,Local,STPLS
JH,718,Mahin Sounf - 100g,Masalas & Spices,Whole Spices,Whole Spices,ASM,Fennel Seeds,ASM,STPLS
JH,10552,Mota Sounf - 100g,Masalas & Spices,Whole Spices,Whole Spices,ASM,Fennel Seeds,ASM,STPLS
JH,796,Flax Seed - 100g,Dry Fruits & Nuts,Dry Fruits & Seeds,Seeds,ASM,Flax Seeds,ASM,STPLS
JH,11978,Gota Garam Masala - 100g,Masalas & Spices,Whole Spices,Whole Spices,ASM,Garam Masala,ASM,STPLS
JH,8691,Gota Garam Masala - 50g,Masalas & Spices,Whole Spices,Whole Spices,ASM,Garam Masala,ASM,STPLS
JH,97389,Gobindobhog Premium Rice 1Kg,Rice & Rice Products,Non Basmati Rice,Raw & Steam Rice,ASM,Gobind Bhog Rice,ASM,STPLS
JH,681,Dhaniya Gota Sabut - 100g,Masalas & Spices,Whole Spices,Whole Spices,ASM,Gota Dhaniya,ASM,STPLS
JH,682,Dhaniya Gota Sabut - 250g,Masalas & Spices,Whole Spices,Whole Spices,ASM,Gota Dhaniya,ASM,STPLS
JH,696,Javitri - 10g,Masalas & Spices,Whole Spices,Whole Spices,ASM,Javitri,ASM,STPLS
JH,699,Jeera Sabut - 100g,Masalas & Spices,Whole Spices,Whole Spices,ASM,Jeera,ASM,STPLS
JH,700,Jeera Sabut - 250g,Masalas & Spices,Whole Spices,Whole Spices,ASM,Jeera,ASM,STPLS
JH,701,Jeera Sabut - 50g,Masalas & Spices,Whole Spices,Whole Spices,ASM,Jeera,ASM,STPLS
JH,23924,Jowar Atta 500g,Flours & Grains,Flours,Millet Flour,ASM,Jowar Atta,ASM,STPLS
JH,703,Kabuli Chana - 500g,Pulses,Chana,Chana Dal,ASM,Kabuli Chana,ASM,STPLS
JH,10972,Kabuli Chana Premium - 500g,Pulses,Chana,Chana Kabuli,ASM,Kabuli Chana,ASM,STPLS
JH,11671,Kurthi Gota Sabut - 500g,Pulses,Other Pulses,Other Pulses,ASM,Kulthi Dal Whole,ASM,STPLS
JH,8689,Maida - 1Kg,Flours & Grains,Flours,Maida,ASM,Maida,ASM,STPLS
JH,721,Maida - 500g,Flours & Grains,Flours,Maida,ASM,Maida,ASM,STPLS
JH,84720,Makka Atta - 500g,Flours & Grains,Flours,Other Flours,ASM,Makai Atta,ASM,STPLS
JH,726,Mangrela - 50g,Masalas & Spices,Whole Spices,Whole Spices,ASM,Mangrela Seeds,ASM,STPLS
JH,728,Masoor Dal - 1Kg,Pulses,Masoor,Masoor,ASM,Masoor Dal,ASM,STPLS
JH,729,Masoor Dal - 500g,Pulses,Masoor,Masoor,ASM,Masoor Dal,ASM,STPLS
JH,11719,Masoor Dal Premium - 500g,Pulses,Masoor,Masoor,ASM,Masoor Dal,ASM,STPLS
JH,104310,Masoor Malka Small Dal - 500g,Pulses,Masoor,Masoor,ASM,Masoor Dal,ASM,STPLS
JH,90033,Masoor Dal Premium - 1kg,Pulses,Masoor,Masoor,Asm,Masoor Dal,ASM,STPLS
JH,12362,Black Masoor Gota - 500g,Pulses,Masoor,Masoor,ASM,Masoor Dal Whole,ASM,STPLS
JH,731,Matar Peela - 500g,Pulses,Rajma,Rajma,ASM,Matar,ASM,STPLS
JH,733,Methi Dana - 100g,Masalas & Spices,Whole Spices,Whole Spices,ASM,Methi Dana,ASM,STPLS
JH,677,Cutting Mishri - 250g,"Salt, Sugar & Sweeteners",Sugar & Sweeteners,Sweetener,ASM,Mishri,ASM,STPLS
JH,736,Mishri Dhaga - 250g,"Salt, Sugar & Sweeteners",Sugar & Sweeteners,Sweetener,ASM,Mishri,ASM,STPLS
JH,747,Moong Dal Dhuli - 500g,Pulses,Moong,Moong,ASM,Moong Dal,ASM,STPLS
JH,11690,Moong Dal Dhuli Premium White Wash - 500g,Pulses,Moong,Moong,ASM,Moong Dal,ASM,STPLS
JH,11825,Moong Green Dal Chilka - 500g,Pulses,Moong,Moong,ASM,Moong Dal,ASM,STPLS
JH,745,Moong Green Sabut - 500g,Pulses,Moong,Moong,ASM,Moong Dal,ASM,STPLS
JH,102442,Moong Dal Sona - 500g,Pulses,Moong,Moong,ASM,Moong Dal,Local,STPLS
JH,746,Moong Dal Dhuli - 1 Kg,Pulses,Moong,Moong,ASM,Moong Dal,ASM,STPLS
JH,774,Sarso Black Sabut - 100g,Masalas & Spices,Whole Spices,Whole Spices,ASM,Mustard Seeds,ASM,STPLS
JH,777,Sarso Yellow Sabut - 100g,Masalas & Spices,Whole Spices,Whole Spices,ASM,Mustard Seeds,ASM,STPLS
JH,749,Mungfali Peanut Red - 500g,Dry Fruits & Nuts,Raw Peanut,Raw Peanut,ASM,Peanuts,ASM,STPLS
JH,751,Mungfali Peanut White - 500g,Dry Fruits & Nuts,Raw Peanut,Raw Peanut,ASM,Peanuts,ASM,STPLS
JH,816,Pista Green - 100g,Dry Fruits & Nuts,Pista & Walnut,Pista Roasted & Salted,ASM,Pistachios,ASM,STPLS
JH,669,Chura Poha 500g,Rice & Rice Products,Poha,Poha,ASM,Poha,ASM,STPLS
JH,97384,Chura Poha Patla 500g,Rice & Rice Products,Poha,Poha,ASM,Poha,ASM,STPLS
JH,760,Posta - 50g,Masalas & Spices,Whole Spices,Whole Spices,ASM,Poppy Seed,ASM,STPLS
JH,759,Posta - 100g,Masalas & Spices,Whole Spices,Whole Spices,ASM,Poppy Seed,ASM,STPLS
JH,38841,Pumpkin Seeds - 100g,Dry Fruits & Nuts,Dry Fruits & Seeds,Seeds,ASM,Pumpkin Seeds,ASM,STPLS
JH,78552,Ragi Flour - 500g,Flours & Grains,Flours,Millet Flour,ASM,Ragi Flour,ASM,STPLS
JH,93837,Kismis Raisin - 30g,Dry Fruits & Nuts,Raisins,Raisins Plain,ASM,Raisins,ASM,STPLS
JH,710,Kismis Raisin - 100g,Dry Fruits & Nuts,Raisins,Raisins Plain,ASM,Raisins,ASM,STPLS
JH,711,Kismis Raisin - 250g,Dry Fruits & Nuts,Raisins,Raisins Plain,ASM,Raisins,ASM,STPLS
JH,709,Kismis Raisin - 500g,Dry Fruits & Nuts,Raisins,Raisins Plain,ASM,Raisins,ASM,STPLS
JH,12391,Kismis Premium - 250g,Dry Fruits & Nuts,Raisins,Raisins Plain,ASM,Raisins,ASM,STPLS
JH,11090,Rajma Chitra Safed Premium - 500g,Pulses,Rajma,Rajma,ASM,Rajma,ASM,STPLS
JH,762,Rajma Red - 500g,Pulses,Rajma,Rajma,ASM,Rajma,ASM,STPLS
JH,9646,Arwa Economy Mota Rice 1 Kg,Rice & Rice Products,Non Basmati Rice,Raw & Steam Rice,ASM,Rice,ASM,STPLS
JH,78266,Rice Flour - 500g,Flours & Grains,Flours,Other Flours,ASM,Rice Flour,ASM,STPLS
JH,76060,Sabudana - 500g,Specialty Staples,Upwas Essentials,Upwas Essentials,ASM,Sabudana,ASM,STPLS
JH,790,Til Black Seseme Black - 100g,Masalas & Spices,Whole Spices,Whole Spices,ASM,Sesame Seeds,ASM,STPLS
JH,793,Til Safed Sesame White - 100g,Masalas & Spices,Whole Spices,Whole Spices,ASM,Sesame Seeds,ASM,STPLS
JH,103208,Soyabean Badi - 200g,Specialty Staples,Soya Chunk,Soya Chunk,ASM,Soya Chunks,ASM,STPLS
JH,97359,Star Anise Karan Phool 25g,Masalas & Spices,Whole Spices,Whole Spices,ASM,Star Anise,ASM,STPLS
JH,369,Sugar - 1 Kg,"Salt, Sugar & Sweeteners",Sugar & Sweeteners,Sugar,ASM,Sugar,ASM,STPLS
JH,38839,Sunflower Seeds - 100g,Dry Fruits & Nuts,Dry Fruits & Seeds,Seeds,ASM,Sunflower Seeds,ASM,STPLS
JH,695,Imli - 200g,Masalas & Spices,Whole Spices,Whole Spices,ASM,Tamarind,ASM,STPLS
JH,16232,Tezz Patta - 50g,Masalas & Spices,Whole Spices,Whole Spices,ASM,Tej Patta,ASM,STPLS
JH,799,Toor Dal Arhar Dal - 500g,Pulses,Toor Dal,Toor Dal,ASM,Toor Dal,ASM,STPLS
JH,798,Toor Dal Arhar Dal - 1kg,Pulses,Toor Dal,Toor Dal,ASM,Toor Dal,ASM,STPLS
JH,11724,Toor Dal Premium - 500g,Pulses,Toor Dal,Toor Dal,ASM,Toor Dal,ASM,STPLS
JH,803,Urad Dal Split (Chilka) - 500g,Pulses,Urad,Urad,ASM,Urad Dal,ASM,STPLS
JH,43132,Urad Dal White Wash - 500g,Pulses,Urad,Urad,ASM,Urad Dal,ASM,STPLS
JH,805,Urad Dal Gota - 500g,Pulses,Urad,Urad,ASM,Urad Whole,ASM,STPLS
JH,715,Magaj Watermelon Seeds - 100g,Dry Fruits & Nuts,Dry Fruits & Seeds,Seeds,ASM,Watermelon Seeds,ASM,STPLS
JH,757,Panch Foran - 100g,Masalas & Spices,Whole Spices,Whole Spices,ASM,Panch Phoron,ASM,STPLS
CG,640,Aji No Moto - 50g,"Salt, Sugar & Sweeteners",Salt,Other Salt,ASM,Aji No Moto,ASM,STPLS
CG,644,Ajwain - 100g,Masalas & Spices,Whole Spices,Whole Spices,ASM,Ajwain,ASM,STPLS
CG,645,Almond Badaam - 100g,Dry Fruits & Nuts,Almond & Cashew,Almond,ASM,Almonds,ASM,STPLS
CG,646,Almond Badaam - 250g,Dry Fruits & Nuts,Almond & Cashew,Almond,ASM,Almonds,ASM,STPLS
CG,647,Almond Badaam - 500g,Dry Fruits & Nuts,Almond & Cashew,Almond,ASM,Almonds,ASM,STPLS
CG,90024,Almond Premium - 250g,Dry Fruits & Nuts,Almond & Cashew,Almond,Asm,Almonds,ASM,STPLS
CG,93839,Almonds,Dry Fruits & Nuts,Almond & Cashew,Almond,ASM,Almonds,ASM,STPLS
CG,650,Arrowroot Powder - 500g,Flours & Grains,Flours,Other Flours,ASM,Arrowroot Powder,ASM,STPLS
CG,84718,Bajra Atta - 500g,Flours & Grains,Flours,Millet Flour,ASM,Bajra Atta,ASM,STPLS
CG,90025,Basil Seeds - 100g,Dry Fruits & Nuts,Dry Fruits & Seeds,Seeds,Asm,Basil Seeds,ASM,STPLS
CG,69961,Besan - 500g,Flours & Grains,Flours,Besan,ASM,Besan,ASM,STPLS
CG,690,Golki Kaali Mirch - 100g,Masalas & Spices,Whole Spices,Whole Spices,ASM,Black Pepper,ASM,STPLS
CG,692,Golki Kaali Mirch - 50g,Masalas & Spices,Whole Spices,Whole Spices,ASM,Black Pepper,ASM,STPLS
CG,93836,Cashew Pack,Dry Fruits & Nuts,Almond & Cashew,Cashew,ASM,Cashew,ASM,STPLS
CG,11655,Kaju Cashew - 250g,Dry Fruits & Nuts,Almond & Cashew,Cashew,ASM,Cashew,ASM,STPLS
CG,11654,Kaju Cashew - 100g,Dry Fruits & Nuts,Almond & Cashew,Cashew,ASM,Cashew,ASM,STPLS
CG,708,Kaju Cashew - 250g - W180,Dry Fruits & Nuts,Almond & Cashew,Cashew,ASM,Cashew,ASM,STPLS
CG,11527,Kaju Cashew - 500g,Dry Fruits & Nuts,Almond & Cashew,Cashew,ASM,Cashew,ASM,STPLS
CG,11171,Kaju Tukda Four - 250g,Dry Fruits & Nuts,Almond & Cashew,Cashew,ASM,Cashew,ASM,STPLS
CG,660,Kala Chana - 500g,Pulses,Chana,Chana Dal,ASM,Chana,ASM,STPLS
CG,658,Chana Dal - 500g,Pulses,Chana,Chana Dal,ASM,Chana Dal,ASM,STPLS
CG,90028,Chana Dal Premium - 500g,Pulses,Chana,Chana Dal,Asm,Chana Dal,ASM,STPLS
CG,77030,Sattu - 500g,Flours & Grains,Flours,Sattu,ASM,Chana Sattu,ASM,STPLS
CG,76733,Chia Seeds - 100g,Dry Fruits & Nuts,Dry Fruits & Seeds,Seeds,ASM,Chia Seeds,ASM,STPLS
CG,665,Chuhara Dry Date - 500g,Dry Fruits & Nuts,Dates & Chuhara,Chuhara,ASM,Chuhara,ASM,STPLS
CG,9910,Clove Laung - 10g,Masalas & Spices,Whole Spices,Whole Spices,ASM,Clove,ASM,STPLS
CG,723,Makka Popcorn Dana - 100g,Flours & Grains,Grains,Maize,ASM,Corn Kernels,ASM,STPLS
CG,10097,Cigar Dalchini - 50g,Masalas & Spices,Whole Spices,Whole Spices,ASM,Dalchini,ASM,STPLS
CG,680,Dalchini Cinnemon - 50g,Masalas & Spices,Whole Spices,Whole Spices,ASM,Dalchini,ASM,STPLS
CG,664,Chuhara Dry Dates - 250g,Dry Fruits & Nuts,Dates & Chuhara,Chuhara,ASM,Dates,ASM,STPLS
CG,765,Lal Mirch Khada With Stick - 100g,Masalas & Spices,Whole Spices,Whole Spices,ASM,Dry Chilli,ASM,STPLS
CG,713,Lal Mirch Khada Without Stick - 100g,Masalas & Spices,Whole Spices,Whole Spices,ASM,Dry Chilli,ASM,STPLS
CG,689,Gadi Dry Coconut Small 1N,Dry Fruits & Nuts,Dry Fruits & Seeds,Other Dry Fruits,ASM,Dry Coconut,ASM,STPLS
CG,83982,Gadi Dry Coconut Large - 1pc,Dry Fruits & Nuts,Dry Fruits & Seeds,Other Dry Fruits,ASM,Dry Coconut,ASM,STPLS
CG,673,Coconut Powder - 100g,Dry Fruits & Nuts,Dry Fruits & Seeds,Other Dry Fruits,ASM,Dry Coconut Powder,ASM,STPLS
CG,684,Green Elaichi - 10g,Masalas & Spices,Whole Spices,Whole Spices,ASM,Elaichi,ASM,STPLS
CG,686,Green Elaichi - 25g,Masalas & Spices,Whole Spices,Whole Spices,ASM,Elaichi,ASM,STPLS
CG,88014,Badi Elaichi - 20g,Masalas & Spices,Whole Spices,Whole Spices,ASM,Badi Elaichi,Local,STPLS
CG,718,Mahin Sounf - 100g,Masalas & Spices,Whole Spices,Whole Spices,ASM,Fennel Seeds,ASM,STPLS
CG,10552,Mota Sounf - 100g,Masalas & Spices,Whole Spices,Whole Spices,ASM,Fennel Seeds,ASM,STPLS
CG,796,Flax Seed - 100g,Dry Fruits & Nuts,Dry Fruits & Seeds,Seeds,ASM,Flax Seeds,ASM,STPLS
CG,11978,Gota Garam Masala - 100g,Masalas & Spices,Whole Spices,Whole Spices,ASM,Garam Masala,ASM,STPLS
CG,8691,Gota Garam Masala - 50g,Masalas & Spices,Whole Spices,Whole Spices,ASM,Garam Masala,ASM,STPLS
CG,681,Dhaniya Gota Sabut - 100g,Masalas & Spices,Whole Spices,Whole Spices,ASM,Gota Dhaniya,ASM,STPLS
CG,682,Dhaniya Gota Sabut - 250g,Masalas & Spices,Whole Spices,Whole Spices,ASM,Gota Dhaniya,ASM,STPLS
CG,696,Javitri - 10g,Masalas & Spices,Whole Spices,Whole Spices,ASM,Javitri,ASM,STPLS
CG,699,Jeera Sabut - 100g,Masalas & Spices,Whole Spices,Whole Spices,ASM,Jeera,ASM,STPLS
CG,700,Jeera Sabut - 250g,Masalas & Spices,Whole Spices,Whole Spices,ASM,Jeera,ASM,STPLS
CG,701,Jeera Sabut - 50g,Masalas & Spices,Whole Spices,Whole Spices,ASM,Jeera,ASM,STPLS
CG,23924,Jowar Atta 500g,Flours & Grains,Flours,Millet Flour,ASM,Jowar Atta,ASM,STPLS
CG,703,Kabuli Chana - 500g,Pulses,Chana,Chana Dal,ASM,Kabuli Chana,ASM,STPLS
CG,10972,Kabuli Chana Premium - 500g,Pulses,Chana,Chana Kabuli,ASM,Kabuli Chana,ASM,STPLS
CG,11671,Kurthi Gota Sabut - 500g,Pulses,Other Pulses,Other Pulses,ASM,Kulthi Dal Whole,ASM,STPLS
CG,8689,Maida - 1Kg,Flours & Grains,Flours,Maida,ASM,Maida,ASM,STPLS
CG,721,Maida - 500g,Flours & Grains,Flours,Maida,ASM,Maida,ASM,STPLS
CG,84720,Makka Atta - 500g,Flours & Grains,Flours,Other Flours,ASM,Makai Atta,ASM,STPLS
CG,726,Mangrela - 50g,Masalas & Spices,Whole Spices,Whole Spices,ASM,Mangrela Seeds,ASM,STPLS
CG,729,Masoor Dal - 500g,Pulses,Masoor,Masoor,ASM,Masoor Dal,ASM,STPLS
CG,12362,Black Masoor Gota - 500g,Pulses,Masoor,Masoor,ASM,Masoor Dal Whole,ASM,STPLS
CG,731,Matar Peela - 500g,Pulses,Rajma,Rajma,ASM,Matar,ASM,STPLS
CG,733,Methi Dana - 100g,Masalas & Spices,Whole Spices,Whole Spices,ASM,Methi Dana,ASM,STPLS
CG,677,Cutting Mishri - 250g,"Salt, Sugar & Sweeteners",Sugar & Sweeteners,Sweetener,ASM,Mishri,ASM,STPLS
CG,736,Mishri Dhaga - 250g,"Salt, Sugar & Sweeteners",Sugar & Sweeteners,Sweetener,ASM,Mishri,ASM,STPLS
CG,747,Moong Dal Dhuli - 500g,Pulses,Moong,Moong,ASM,Moong Dal,ASM,STPLS
CG,11690,Moong Dal Dhuli Premium White Wash - 500g,Pulses,Moong,Moong,ASM,Moong Dal,ASM,STPLS
CG,11825,Moong Green Dal Chilka - 500g,Pulses,Moong,Moong,ASM,Moong Dal,ASM,STPLS
CG,745,Moong Green Sabut - 500g,Pulses,Moong,Moong,ASM,Moong Dal,ASM,STPLS
CG,774,Sarso Black Sabut - 100g,Masalas & Spices,Whole Spices,Whole Spices,ASM,Mustard Seeds,ASM,STPLS
CG,777,Sarso Yellow Sabut - 100g,Masalas & Spices,Whole Spices,Whole Spices,ASM,Mustard Seeds,ASM,STPLS
CG,93163,Big Mustard Seeds - 100g,Masalas & Spices,Whole Spices,Whole Spices,ASM,Mustard Seeds,ASM,STPLS
CG,749,Mungfali Peanut Red - 500g,Dry Fruits & Nuts,Raw Peanut,Raw Peanut,ASM,Peanuts,ASM,STPLS
CG,751,Mungfali Peanut White - 500g,Dry Fruits & Nuts,Raw Peanut,Raw Peanut,ASM,Peanuts,ASM,STPLS
CG,816,Pista Green - 100g,Dry Fruits & Nuts,Pista & Walnut,Pista Roasted & Salted,ASM,Pistachios,ASM,STPLS
CG,669,Chura Poha 500g,Rice & Rice Products,Poha,Poha,ASM,Poha,ASM,STPLS
CG,97384,Chura Poha Patla 500g,Rice & Rice Products,Poha,Poha,ASM,Poha,ASM,STPLS
CG,82030,Makka Poha 250g,Rice & Rice Products,Poha,Poha,ASM,Poha,ASM,STPLS
CG,760,Posta - 50g,Masalas & Spices,Whole Spices,Whole Spices,ASM,Poppy Seed,ASM,STPLS
CG,38841,Pumpkin Seeds - 100g,Dry Fruits & Nuts,Dry Fruits & Seeds,Seeds,ASM,Pumpkin Seeds,ASM,STPLS
CG,78552,Ragi Flour - 500g,Flours & Grains,Flours,Millet Flour,ASM,Ragi Flour,ASM,STPLS
CG,93837,Kismis Raisin - 30g,Dry Fruits & Nuts,Raisins,Raisins Plain,ASM,Raisins,ASM,STPLS
CG,710,Kismis Raisin - 100g,Dry Fruits & Nuts,Raisins,Raisins Plain,ASM,Raisins,ASM,STPLS
CG,711,Kismis Raisin - 250g,Dry Fruits & Nuts,Raisins,Raisins Plain,ASM,Raisins,ASM,STPLS
CG,709,Kismis Raisin - 500g,Dry Fruits & Nuts,Raisins,Raisins Plain,ASM,Raisins,ASM,STPLS
CG,12391,Kismis Premium - 250g,Dry Fruits & Nuts,Raisins,Raisins Plain,ASM,Raisins,ASM,STPLS
CG,11090,Rajma Chitra Safed Premium - 500g,Pulses,Rajma,Rajma,ASM,Rajma,ASM,STPLS
CG,762,Rajma Red - 500g,Pulses,Rajma,Rajma,ASM,Rajma,ASM,STPLS
CG,78266,Rice Flour - 500g,Flours & Grains,Flours,Other Flours,ASM,Rice Flour,ASM,STPLS
CG,76060,Sabudana - 500g,Specialty Staples,Upwas Essentials,Upwas Essentials,ASM,Sabudana,ASM,STPLS
CG,790,Til Black Seseme Black - 100g,Masalas & Spices,Whole Spices,Whole Spices,ASM,Sesame Seeds,ASM,STPLS
CG,793,Til Safed Sesame White - 100g,Masalas & Spices,Whole Spices,Whole Spices,ASM,Sesame Seeds,ASM,STPLS
CG,103208,Soyabean Badi - 200g,Specialty Staples,Soya Chunk,Soya Chunk,ASM,Soya Chunks,ASM,STPLS
CG,97359,Star Anise Karan Phool 25g,Masalas & Spices,Whole Spices,Whole Spices,ASM,Star Anise,ASM,STPLS
CG,369,Sugar - 1 Kg,"Salt, Sugar & Sweeteners",Sugar & Sweeteners,Sugar,ASM,Sugar,ASM,STPLS
CG,38839,Sunflower Seeds - 100g,Dry Fruits & Nuts,Dry Fruits & Seeds,Seeds,ASM,Sunflower Seeds,ASM,STPLS
CG,695,Imli - 200g,Masalas & Spices,Whole Spices,Whole Spices,ASM,Tamarind,ASM,STPLS
CG,16232,Tezz Patta - 50g,Masalas & Spices,Whole Spices,Whole Spices,ASM,Tej Patta,ASM,STPLS
CG,799,Toor Dal Arhar Dal - 500g,Pulses,Toor Dal,Toor Dal,ASM,Toor Dal,ASM,STPLS
CG,798,Toor Dal Arhar Dal - 1kg,Pulses,Toor Dal,Toor Dal,ASM,Toor Dal,ASM,STPLS
CG,11724,Toor Dal Premium - 500g,Pulses,Toor Dal,Toor Dal,ASM,Toor Dal,ASM,STPLS
CG,103206,Kuttu Atta - 200g,Specialty Staples,Upwas Essentials,Upwas Essentials,ASM,Upwas,ASM,STPLS
CG,803,Urad Dal Split (Chilka) - 500g,Pulses,Urad,Urad,ASM,Urad Dal,ASM,STPLS
CG,43132,Urad Dal White Wash - 500g,Pulses,Urad,Urad,ASM,Urad Dal,ASM,STPLS
CG,805,Urad Dal Gota - 500g,Pulses,Urad,Urad,ASM,Urad Whole,ASM,STPLS
CG,715,Magaj Watermelon Seeds - 100g,Dry Fruits & Nuts,Dry Fruits & Seeds,Seeds,ASM,Watermelon Seeds,ASM,STPLS
CG,757,Panch Foran - 100g,Masalas & Spices,Whole Spices,Whole Spices,ASM,Panch Phoron,ASM,STPLS
WB,640,Aji No Moto - 50g,"Salt, Sugar & Sweeteners",Salt,Other Salt,ASM,Aji No Moto,ASM,STPLS
WB,644,Ajwain - 100g,Masalas & Spices,Whole Spices,Whole Spices,ASM,Ajwain,ASM,STPLS
WB,645,Almond Badaam - 100g,Dry Fruits & Nuts,Almond & Cashew,Almond,ASM,Almonds,ASM,STPLS
WB,646,Almond Badaam - 250g,Dry Fruits & Nuts,Almond & Cashew,Almond,ASM,Almonds,ASM,STPLS
WB,647,Almond Badaam - 500g,Dry Fruits & Nuts,Almond & Cashew,Almond,ASM,Almonds,ASM,STPLS
WB,90024,Almond Premium - 250g,Dry Fruits & Nuts,Almond & Cashew,Almond,Asm,Almonds,ASM,STPLS
WB,93839,Almonds,Dry Fruits & Nuts,Almond & Cashew,Almond,ASM,Almonds,ASM,STPLS
WB,650,Arrowroot Powder - 500g,Flours & Grains,Flours,Other Flours,ASM,Arrowroot Powder,ASM,STPLS
WB,84718,Bajra Atta - 500g,Flours & Grains,Flours,Millet Flour,ASM,Bajra Atta,ASM,STPLS
WB,90025,Basil Seeds - 100g,Dry Fruits & Nuts,Dry Fruits & Seeds,Seeds,Asm,Basil Seeds,ASM,STPLS
WB,69961,Besan - 500g,Flours & Grains,Flours,Besan,ASM,Besan,ASM,STPLS
WB,690,Golki Kaali Mirch - 100g,Masalas & Spices,Whole Spices,Whole Spices,ASM,Black Pepper,ASM,STPLS
WB,692,Golki Kaali Mirch - 50g,Masalas & Spices,Whole Spices,Whole Spices,ASM,Black Pepper,ASM,STPLS
WB,93836,Cashew Pack,Dry Fruits & Nuts,Almond & Cashew,Cashew,ASM,Cashew,ASM,STPLS
WB,11655,Kaju Cashew - 250g,Dry Fruits & Nuts,Almond & Cashew,Cashew,ASM,Cashew,ASM,STPLS
WB,11654,Kaju Cashew - 100g,Dry Fruits & Nuts,Almond & Cashew,Cashew,ASM,Cashew,ASM,STPLS
WB,708,Kaju Cashew - 250g - W180,Dry Fruits & Nuts,Almond & Cashew,Cashew,ASM,Cashew,ASM,STPLS
WB,11527,Kaju Cashew - 500g,Dry Fruits & Nuts,Almond & Cashew,Cashew,ASM,Cashew,ASM,STPLS
WB,11171,Kaju Tukda Four - 250g,Dry Fruits & Nuts,Almond & Cashew,Cashew,ASM,Cashew,ASM,STPLS
WB,660,Kala Chana - 500g,Pulses,Chana,Chana Dal,ASM,Chana,ASM,STPLS
WB,658,Chana Dal - 500g,Pulses,Chana,Chana Dal,ASM,Chana Dal,ASM,STPLS
WB,90028,Chana Dal Premium - 500g,Pulses,Chana,Chana Dal,Asm,Chana Dal,ASM,STPLS
WB,77030,Sattu - 500g,Flours & Grains,Flours,Sattu,ASM,Chana Sattu,ASM,STPLS
WB,76733,Chia Seeds - 100g,Dry Fruits & Nuts,Dry Fruits & Seeds,Seeds,ASM,Chia Seeds,ASM,STPLS
WB,665,Chuhara Dry Date - 500g,Dry Fruits & Nuts,Dates & Chuhara,Chuhara,ASM,Chuhara,ASM,STPLS
WB,9910,Clove Laung - 10g,Masalas & Spices,Whole Spices,Whole Spices,ASM,Clove,ASM,STPLS
WB,723,Makka Popcorn Dana - 100g,Flours & Grains,Grains,Maize,ASM,Corn Kernels,ASM,STPLS
WB,10097,Cigar Dalchini - 50g,Masalas & Spices,Whole Spices,Whole Spices,ASM,Dalchini,ASM,STPLS
WB,680,Dalchini Cinnemon - 50g,Masalas & Spices,Whole Spices,Whole Spices,ASM,Dalchini,ASM,STPLS
WB,664,Chuhara Dry Dates - 250g,Dry Fruits & Nuts,Dates & Chuhara,Chuhara,ASM,Dates,ASM,STPLS
WB,765,Lal Mirch Khada With Stick - 100g,Masalas & Spices,Whole Spices,Whole Spices,ASM,Dry Chilli,ASM,STPLS
WB,713,Lal Mirch Khada Without Stick - 100g,Masalas & Spices,Whole Spices,Whole Spices,ASM,Dry Chilli,ASM,STPLS
WB,689,Gadi Dry Coconut Small 1N,Dry Fruits & Nuts,Dry Fruits & Seeds,Other Dry Fruits,ASM,Dry Coconut,ASM,STPLS
WB,83982,Gadi Dry Coconut Large - 1pc,Dry Fruits & Nuts,Dry Fruits & Seeds,Other Dry Fruits,ASM,Dry Coconut,ASM,STPLS
WB,673,Coconut Powder - 100g,Dry Fruits & Nuts,Dry Fruits & Seeds,Other Dry Fruits,ASM,Dry Coconut Powder,ASM,STPLS
WB,684,Green Elaichi - 10g,Masalas & Spices,Whole Spices,Whole Spices,ASM,Elaichi,ASM,STPLS
WB,686,Green Elaichi - 25g,Masalas & Spices,Whole Spices,Whole Spices,ASM,Elaichi,ASM,STPLS
WB,88014,Badi Elaichi - 20g,Masalas & Spices,Whole Spices,Whole Spices,ASM,Badi Elaichi,Local,STPLS
WB,718,Mahin Sounf - 100g,Masalas & Spices,Whole Spices,Whole Spices,ASM,Fennel Seeds,ASM,STPLS
WB,10552,Mota Sounf - 100g,Masalas & Spices,Whole Spices,Whole Spices,ASM,Fennel Seeds,ASM,STPLS
WB,796,Flax Seed - 100g,Dry Fruits & Nuts,Dry Fruits & Seeds,Seeds,ASM,Flax Seeds,ASM,STPLS
WB,11978,Gota Garam Masala - 100g,Masalas & Spices,Whole Spices,Whole Spices,ASM,Garam Masala,ASM,STPLS
WB,8691,Gota Garam Masala - 50g,Masalas & Spices,Whole Spices,Whole Spices,ASM,Garam Masala,ASM,STPLS
WB,97389,Gobindobhog Premium Rice 1Kg,Rice & Rice Products,Non Basmati Rice,Raw & Steam Rice,ASM,Gobind Bhog Rice,ASM,STPLS
WB,681,Dhaniya Gota Sabut - 100g,Masalas & Spices,Whole Spices,Whole Spices,ASM,Gota Dhaniya,ASM,STPLS
WB,682,Dhaniya Gota Sabut - 250g,Masalas & Spices,Whole Spices,Whole Spices,ASM,Gota Dhaniya,ASM,STPLS
WB,696,Javitri - 10g,Masalas & Spices,Whole Spices,Whole Spices,ASM,Javitri,ASM,STPLS
WB,699,Jeera Sabut - 100g,Masalas & Spices,Whole Spices,Whole Spices,ASM,Jeera,ASM,STPLS
WB,700,Jeera Sabut - 250g,Masalas & Spices,Whole Spices,Whole Spices,ASM,Jeera,ASM,STPLS
WB,701,Jeera Sabut - 50g,Masalas & Spices,Whole Spices,Whole Spices,ASM,Jeera,ASM,STPLS
WB,23924,Jowar Atta 500g,Flours & Grains,Flours,Millet Flour,ASM,Jowar Atta,ASM,STPLS
WB,703,Kabuli Chana - 500g,Pulses,Chana,Chana Dal,ASM,Kabuli Chana,ASM,STPLS
WB,10972,Kabuli Chana Premium - 500g,Pulses,Chana,Chana Kabuli,ASM,Kabuli Chana,ASM,STPLS
WB,11671,Kurthi Gota Sabut - 500g,Pulses,Other Pulses,Other Pulses,ASM,Kulthi Dal Whole,ASM,STPLS
WB,8689,Maida - 1Kg,Flours & Grains,Flours,Maida,ASM,Maida,ASM,STPLS
WB,721,Maida - 500g,Flours & Grains,Flours,Maida,ASM,Maida,ASM,STPLS
WB,84720,Makka Atta - 500g,Flours & Grains,Flours,Other Flours,ASM,Makai Atta,ASM,STPLS
WB,726,Mangrela - 50g,Masalas & Spices,Whole Spices,Whole Spices,ASM,Mangrela Seeds,ASM,STPLS
WB,728,Masoor Dal - 1Kg,Pulses,Masoor,Masoor,ASM,Masoor Dal,ASM,STPLS
WB,729,Masoor Dal - 500g,Pulses,Masoor,Masoor,ASM,Masoor Dal,ASM,STPLS
WB,11719,Masoor Dal Premium - 500g,Pulses,Masoor,Masoor,ASM,Masoor Dal,ASM,STPLS
WB,104310,Masoor Malka Small Dal - 500g,Pulses,Masoor,Masoor,ASM,Masoor Dal,ASM,STPLS
WB,90033,Masoor Dal Premium - 1kg,Pulses,Masoor,Masoor,Asm,Masoor Dal,ASM,STPLS
WB,12362,Black Masoor Gota - 500g,Pulses,Masoor,Masoor,ASM,Masoor Dal Whole,ASM,STPLS
WB,731,Matar Peela - 500g,Pulses,Rajma,Rajma,ASM,Matar,ASM,STPLS
WB,733,Methi Dana - 100g,Masalas & Spices,Whole Spices,Whole Spices,ASM,Methi Dana,ASM,STPLS
WB,677,Cutting Mishri - 250g,"Salt, Sugar & Sweeteners",Sugar & Sweeteners,Sweetener,ASM,Mishri,ASM,STPLS
WB,736,Mishri Dhaga - 250g,"Salt, Sugar & Sweeteners",Sugar & Sweeteners,Sweetener,ASM,Mishri,ASM,STPLS
WB,747,Moong Dal Dhuli - 500g,Pulses,Moong,Moong,ASM,Moong Dal,ASM,STPLS
WB,11690,Moong Dal Dhuli Premium White Wash - 500g,Pulses,Moong,Moong,ASM,Moong Dal,ASM,STPLS
WB,11825,Moong Green Dal Chilka - 500g,Pulses,Moong,Moong,ASM,Moong Dal,ASM,STPLS
WB,745,Moong Green Sabut - 500g,Pulses,Moong,Moong,ASM,Moong Dal,ASM,STPLS
WB,102442,Moong Dal Sona - 500g,Pulses,Moong,Moong,ASM,Moong Dal,Local,STPLS
WB,11689,Moong Dal Dhuli Premium White Wash - 1Kg,Pulses,Moong,Moong,ASM,Moong Dal,ASM,STPLS
WB,746,Moong Dal Dhuli - 1 Kg,Pulses,Moong,Moong,ASM,Moong Dal,ASM,STPLS
WB,774,Sarso Black Sabut - 100g,Masalas & Spices,Whole Spices,Whole Spices,ASM,Mustard Seeds,ASM,STPLS
WB,777,Sarso Yellow Sabut - 100g,Masalas & Spices,Whole Spices,Whole Spices,ASM,Mustard Seeds,ASM,STPLS
WB,749,Mungfali Peanut Red - 500g,Dry Fruits & Nuts,Raw Peanut,Raw Peanut,ASM,Peanuts,ASM,STPLS
WB,751,Mungfali Peanut White - 500g,Dry Fruits & Nuts,Raw Peanut,Raw Peanut,ASM,Peanuts,ASM,STPLS
WB,816,Pista Green - 100g,Dry Fruits & Nuts,Pista & Walnut,Pista Roasted & Salted,ASM,Pistachios,ASM,STPLS
WB,669,Chura Poha 500g,Rice & Rice Products,Poha,Poha,ASM,Poha,ASM,STPLS
WB,97384,Chura Poha Patla 500g,Rice & Rice Products,Poha,Poha,ASM,Poha,ASM,STPLS
WB,760,Posta - 50g,Masalas & Spices,Whole Spices,Whole Spices,ASM,Poppy Seed,ASM,STPLS
WB,759,Posta - 100g,Masalas & Spices,Whole Spices,Whole Spices,ASM,Poppy Seed,ASM,STPLS
WB,38841,Pumpkin Seeds - 100g,Dry Fruits & Nuts,Dry Fruits & Seeds,Seeds,ASM,Pumpkin Seeds,ASM,STPLS
WB,78552,Ragi Flour - 500g,Flours & Grains,Flours,Millet Flour,ASM,Ragi Flour,ASM,STPLS
WB,93837,Kismis Raisin - 30g,Dry Fruits & Nuts,Raisins,Raisins Plain,ASM,Raisins,ASM,STPLS
WB,710,Kismis Raisin - 100g,Dry Fruits & Nuts,Raisins,Raisins Plain,ASM,Raisins,ASM,STPLS
WB,711,Kismis Raisin - 250g,Dry Fruits & Nuts,Raisins,Raisins Plain,ASM,Raisins,ASM,STPLS
WB,709,Kismis Raisin - 500g,Dry Fruits & Nuts,Raisins,Raisins Plain,ASM,Raisins,ASM,STPLS
WB,12391,Kismis Premium - 250g,Dry Fruits & Nuts,Raisins,Raisins Plain,ASM,Raisins,ASM,STPLS
WB,11090,Rajma Chitra Safed Premium - 500g,Pulses,Rajma,Rajma,ASM,Rajma,ASM,STPLS
WB,762,Rajma Red - 500g,Pulses,Rajma,Rajma,ASM,Rajma,ASM,STPLS
WB,78266,Rice Flour - 500g,Flours & Grains,Flours,Other Flours,ASM,Rice Flour,ASM,STPLS
WB,76060,Sabudana - 500g,Specialty Staples,Upwas Essentials,Upwas Essentials,ASM,Sabudana,ASM,STPLS
WB,790,Til Black Seseme Black - 100g,Masalas & Spices,Whole Spices,Whole Spices,ASM,Sesame Seeds,ASM,STPLS
WB,793,Til Safed Sesame White - 100g,Masalas & Spices,Whole Spices,Whole Spices,ASM,Sesame Seeds,ASM,STPLS
WB,103208,Soyabean Badi - 200g,Specialty Staples,Soya Chunk,Soya Chunk,ASM,Soya Chunks,ASM,STPLS
WB,97359,Star Anise Karan Phool 25g,Masalas & Spices,Whole Spices,Whole Spices,ASM,Star Anise,ASM,STPLS
WB,369,Sugar - 1 Kg,"Salt, Sugar & Sweeteners",Sugar & Sweeteners,Sugar,ASM,Sugar,ASM,STPLS
WB,38839,Sunflower Seeds - 100g,Dry Fruits & Nuts,Dry Fruits & Seeds,Seeds,ASM,Sunflower Seeds,ASM,STPLS
WB,695,Imli - 200g,Masalas & Spices,Whole Spices,Whole Spices,ASM,Tamarind,ASM,STPLS
WB,16232,Tezz Patta - 50g,Masalas & Spices,Whole Spices,Whole Spices,ASM,Tej Patta,ASM,STPLS
WB,799,Toor Dal Arhar Dal - 500g,Pulses,Toor Dal,Toor Dal,ASM,Toor Dal,ASM,STPLS
WB,798,Toor Dal Arhar Dal - 1kg,Pulses,Toor Dal,Toor Dal,ASM,Toor Dal,ASM,STPLS
WB,11724,Toor Dal Premium - 500g,Pulses,Toor Dal,Toor Dal,ASM,Toor Dal,ASM,STPLS
WB,803,Urad Dal Split (Chilka) - 500g,Pulses,Urad,Urad,ASM,Urad Dal,ASM,STPLS
WB,43132,Urad Dal White Wash - 500g,Pulses,Urad,Urad,ASM,Urad Dal,ASM,STPLS
WB,805,Urad Dal Gota - 500g,Pulses,Urad,Urad,ASM,Urad Whole,ASM,STPLS
WB,715,Magaj Watermelon Seeds - 100g,Dry Fruits & Nuts,Dry Fruits & Seeds,Seeds,ASM,Watermelon Seeds,ASM,STPLS
WB,757,Panch Foran - 100g,Masalas & Spices,Whole Spices,Whole Spices,ASM,Panch Phoron,ASM,STPLS
CG,102568,Toor Dal Khanda | 1kg | Pack of 1,,,,ASM,,,STPLS
CG,11818,Sweet Nakudana 100g,,,,ASM,,,STPLS
CG,772,Roasted Gram Bhunja Chana 500g,,,,ASM,,,STPLS
CG,93141,Roasted Chana Split - 500g,,,,ASM,,,STPLS
CG,14440,On1y Pasta Seasoning - 30g,,,,On1y,,,STPLS
CG,77792,Mix Dal - 500g,,,,ASM,,,STPLS
CG,85005,Khatri Masala Dhaniya Powder - 50g,,,,Khatri,,,STPLS
CG,2722,Fortune Sulphurless Sugar - 1 Kg,,,,Fortune,,,STPLS
CG,3193,Nutrela Soya Chunks - 45g,,,,Nutrela,,,STPLS
CG,95464,Basmati Rice Loose 1 Kg,,,,Loose Container,,,STPLS
JH,11818,Sweet Nakudana 100g,,,,ASM,,,STPLS
JH,772,Roasted Gram Bhunja Chana 500g,,,,ASM,,,STPLS
JH,93141,Roasted Chana Split - 500g,,,,ASM,,,STPLS
JH,3266,Parrot Dhaniya Powder - 50g,,,,Parrot,,,STPLS
JH,14440,On1y Pasta Seasoning - 30g,,,,On1y,,,STPLS
JH,77792,Mix Dal - 500g,,,,ASM,,,STPLS
JH,2722,Fortune Sulphurless Sugar - 1 Kg,,,,Fortune,,,STPLS
JH,3193,Nutrela Soya Chunks - 45g,,,,Nutrela,,,STPLS
JH,68222,Premium Usna Loose Rice 1Kg,,,,Loose Container,,,STPLS
WB,11818,Sweet Nakudana 100g,,,,ASM,,,STPLS
WB,772,Roasted Gram Bhunja Chana 500g,,,,ASM,,,STPLS
WB,93141,Roasted Chana Split - 500g,,,,ASM,,,STPLS
WB,14440,On1y Pasta Seasoning - 30g,,,,On1y,,,STPLS
WB,77792,Mix Dal - 500g,,,,On1y,,,STPLS
WB,2722,Fortune Sulphurless Sugar - 1 Kg,,,,FOrtune,,,STPLS
JH,99839,7up Nimbooz With Real Lemon Juice 350ml,,,,,,,FMCGF
JH,81597,Good Knight Naturals Neem Agarbatti 10 Sticks 12N,,,,,,,FMCGNF
CG,99839,7up Nimbooz With Real Lemon Juice 350ml,,,,,,,FMCGF
CG,3222,Gits Gulab Jamun Mix | 200g | Pack of 1,,,,,,,FMCGF
CG,81597,Good Knight Naturals Neem Agarbatti 10 Sticks 12N,,,,,,,FMCGNF
CG,103936,Neeraj Athana Mirchi Pickle | 400g | Pack of 1,,,,,,,FMCGF
CG,103937,Neeraj Mango Pickle | 200g | Pack of 1,,,,,,,FMCGF
CG,103935,Neeraj Mixed Pickle | 1kg | Pack of 1,,,,,,,FMCGF
CG,103938,Neeraj Mixed Pickle | 500g | Pack of 1,,,,,,,FMCGF
WB,99839,7up Nimbooz With Real Lemon Juice 350ml,,,,,,,FMCGF
WB,81597,Good Knight Naturals Neem Agarbatti 10 Sticks 12N,,,,,,,FMCGNF
JH,33266,Sheetal Bhog Super Atta 10 Kg,,,,Sheetal Bhog,,,STPLS
JH,66133,Sheetal Bhog Atta 5 kg,,,,Sheetal Bhog,,,STPLS
JH,27419,Bapu Brand Kachi Ghani Sarson Tel 1 Ltr,,,,Bapu,,,STPLS
JH,46825,Ag Mark Grade 1 Krishna Kachi Ghani Mustard Oil - 1L - Pouch,,,,Krishna Oil,,,STPLS