item_code,blinkit_url,jio_url
100,https://blinkit.com/prn/x/prid/581162,https://www.jiomart.com/p/groceries/ching-s-secret-manchow-instant-soup-15-g/490993684
100012,https://blinkit.com/prn/x/prid/369414,
100026,https://blinkit.com/prn/x/prid/488652,https://www.jiomart.com/p/groceries/parle-milk-shakti-biscuits-pack-of-2-350-g/591013480
100037,https://blinkit.com/prn/x/prid/4926,
100064,https://blinkit.com/prn/x/prid/547187,https://www.jiomart.com/p/groceries/amul-a-processed-cheese-slices-200-g-10-slices/609096965
100085,https://blinkit.com/prn/x/prid/409781,https://www.jiomart.com/p/groceries/parle-rola-cola-cookies-150-g/590110137
10015,https://blinkit.com/prn/x/prid/61510,https://www.jiomart.com/product/kings-smart-refined-soyabean-oil-750-g-mfphz6-7573982
10017,https://blinkit.com/prn/x/prid/18585,https://www.jiomart.com/product/mahakosh-refined-soyabean-oil-750-g-pouch-mfpifj-7609509
10021,https://blinkit.com/prn/x/prid/396629,https://www.jiomart.com/product/cadbury-dairy-milk-silk-hazelnut-chocolate-bar-valentines-gift-pack-54-g-mffnc0-7546539
100232,https://blinkit.com/prn/x/prid/424823,https://www.jiomart.com/p/groceries/doms-neon-pencils-pack-of-10/491555931
10024,https://blinkit.com/prn/x/prid/248000,https://www.jiomart.com/product/cadbury-five-star-chocolate-18-g-milckz-31048315
100244,https://blinkit.com/prn/x/prid/484022,https://www.jiomart.com/p/groceries/doms-full-size-colour-pencils-14-shades/590124309
100248,https://blinkit.com/prn/x/prid/428849,https://www.jiomart.com/p/groceries/doms-art-strokes-kit/590969948
100251,https://blinkit.com/prn/x/prid/497130,
100252,https://blinkit.com/prn/x/prid/591214,
100255,https://blinkit.com/prn/x/prid/497133,
100256,https://blinkit.com/prn/x/prid/497132,
100276,https://blinkit.com/prn/x/prid/484030,
10028,https://blinkit.com/prn/x/prid/427625,https://www.jiomart.com/product/sunsilk-co-creations-lusciously-thick-long-shampoo-180-ml-mffmwd-7512888
100293,https://blinkit.com/prn/x/prid/373594,
10031,https://blinkit.com/prn/x/prid/10630,https://www.jiomart.com/product/sunsilk-stunning-black-shine-shampoo-360-ml-mffmzn-7519380
100323,https://blinkit.com/prn/x/prid/18562,https://www.jiomart.com/p/groceries/active-wheel-lemon-jasmine-detergent-powder-1-kg/490680413
100432,https://blinkit.com/prn/x/prid/203822,
100436,https://blinkit.com/prn/x/prid/369742,
100459,https://blinkit.com/prn/x/prid/549839,https://www.jiomart.com/p/groceries/mcvitie-s-tasties-coconut-biscuits-572g-pack-of-2/610083681
10048,https://blinkit.com/prn/x/prid/392509,https://www.jiomart.com/p/groceries/haldiram-s-nagpur-soanpapdi-250-g/490000291
100491,https://blinkit.com/prn/x/prid/660180,
100492,https://blinkit.com/prn/x/prid/591806,https://www.jiomart.com/p/groceries/jalan-ragi-atta-500-g/611338039
100603,https://blinkit.com/prn/x/prid/174814,
100612,https://blinkit.com/prn/x/prid/95781,
100665,https://blinkit.com/prn/x/prid/601164,https://www.jiomart.com/product/kelloggs-millet-muesli-500-g-mffmzo-7519613
10068,https://blinkit.com/prn/x/prid/87281,https://www.jiomart.com/product/johnsons-blossoms-baby-soap-75-g-mffn60-7533625
10070,https://blinkit.com/prn/x/prid/1001,https://www.jiomart.com/p/wellness/johnsons-s-paper-cotton-buds-75-s-150-swabs/608299135
10083,https://blinkit.com/prn/x/prid/114262,https://www.jiomart.com/p/groceries/amul-milk-chocolate-bar-40-g/490115457
100851,https://blinkit.com/prn/x/prid/247227,https://www.jiomart.com/p/groceries/sunfeast-dark-fantasy-choco-creme-biscuits-100-g/490335859
100852,https://blinkit.com/prn/x/prid/409326,https://www.jiomart.com/p/groceries/sunfeast-farmlite-5-grain-digestive-biscuits-800-g/596747937
100853,https://blinkit.com/prn/x/prid/11173,https://www.jiomart.com/p/groceries/sunfeast-moms-magic-cashew-almond-cookies-934-4-g/607611660
100936,https://blinkit.com/prn/x/prid/381780,
10097,https://blinkit.com/prn/x/prid/580423,
100972,https://blinkit.com/prn/x/prid/445280,
100973,https://blinkit.com/prn/x/prid/445281,https://www.jiomart.com/p/groceries/reliance-green-gram-sprouts-200g/607795900
100974,https://blinkit.com/prn/x/prid/196281,
100975,https://blinkit.com/prn/x/prid/3889,
100977,https://blinkit.com/prn/x/prid/3914,
10098,https://blinkit.com/prn/x/prid/298,https://www.jiomart.com/p/groceries/maaza-mango-drink-250-ml/590127677
100983,https://blinkit.com/prn/x/prid/480903,
100986,https://blinkit.com/prn/x/prid/480907,https://www.jiomart.com/p/groceries/blue-berry-imported-125-g/590707111
100987,https://blinkit.com/prn/x/prid/462106,
100993,https://blinkit.com/prn/x/prid/16473,
100994,https://blinkit.com/prn/x/prid/3983,https://www.jiomart.com/p/groceries/sweet-tamarind-250-g-590008788/590000695
100995,https://blinkit.com/prn/x/prid/339243,
100997,https://blinkit.com/prn/x/prid/141550,https://www.jiomart.com/p/groceries/pears-green-imported-3-pcs-pack/590040932
101032,https://blinkit.com/prn/x/prid/650536,
101087,https://blinkit.com/prn/x/prid/440229,
101088,https://blinkit.com/prn/x/prid/3923,
101094,https://blinkit.com/prn/x/prid/421724,
101095,https://blinkit.com/prn/x/prid/4931,
101096,https://blinkit.com/prn/x/prid/443551,
101111,https://blinkit.com/prn/x/prid/556,https://www.jiomart.com/p/groceries/cadbury-bournville-rich-cocoa-dark-chocolate-bar-31-g/490734486
101115,https://blinkit.com/prn/x/prid/225506,https://www.jiomart.com/p/groceries/cadbury-perk-home-treats-wafer-chocolate-175-5-g/491186917
101169,https://blinkit.com/prn/x/prid/565271,
101189,https://blinkit.com/prn/x/prid/422948,https://www.jiomart.com/p/groceries/sunfeast-yippee-magic-masala-instant-noodles-240-g/490818985
101191,https://blinkit.com/prn/x/prid/632513,
101194,https://blinkit.com/prn/x/prid/56797,https://www.jiomart.com/p/groceries/comfort_after_wash_morning_fresh_fabric_conditioner_2_l/491436152
101222,https://blinkit.com/prn/x/prid/305323,
101247,https://blinkit.com/prn/x/prid/538828,https://www.jiomart.com/p/groceries/max-protein-daily-fruit-nut-pack-of-24-1200g/597668116
101249,https://blinkit.com/prn/x/prid/635508,
10143,https://blinkit.com/prn/x/prid/38937,https://www.jiomart.com/p/groceries/patanjali-pure-honey-500-g/491061068
10144,https://blinkit.com/prn/x/prid/101296,
10147,https://blinkit.com/prn/x/prid/181650,
101476,https://blinkit.com/prn/x/prid/19593,https://www.jiomart.com/p/groceries/dabur-red-gel-toothpaste-150-g-pack-of-2/590032461
101512,https://blinkit.com/prn/x/prid/557570,https://www.jiomart.com/p/groceries/pond-s-super-light-hydrated-glow-gel-200-ml/602996173
10152,https://blinkit.com/prn/x/prid/520079,https://www.jiomart.com/p/groceries/doms-dust-free-erasers-pack-of-20/590109557
101520,https://blinkit.com/prn/x/prid/524115,
101521,https://blinkit.com/prn/x/prid/599235,
101522,https://blinkit.com/prn/x/prid/599233,
10154,https://blinkit.com/prn/x/prid/364184,https://www.jiomart.com/p/groceries/dabur-red-gel-toothpaste-150-g-pack-of-2/590032461
10157,https://blinkit.com/prn/x/prid/520080,
10160,https://blinkit.com/prn/x/prid/520080,
101769,https://blinkit.com/prn/x/prid/455176,https://www.jiomart.com/p/groceries/sunlight-liquid-detergent-430-ml/602046293
10177,https://blinkit.com/prn/x/prid/394545,https://www.jiomart.com/p/groceries/godrej-protekt-magic-neem-aloe-vera-powder-to-liquid-handwash-9-g/603446187
10178,https://blinkit.com/prn/x/prid/95769,https://www.jiomart.com/p/groceries/kellogg-s-original-cornflakes-875-g/491126713
10186,https://blinkit.com/prn/x/prid/541687,
101860,https://blinkit.com/prn/x/prid/483002,https://www.jiomart.com/p/groceries/parle-2-in1-eclairs-toffee-217-8-g/590034272
101868,https://blinkit.com/prn/x/prid/127687,https://www.jiomart.com/p/groceries/lux-velvet-touch-jasmine-almond-oil-soap-100-g-pack-of-4/590310607
101870,https://blinkit.com/prn/x/prid/521419,https://www.jiomart.com/p/groceries/sunfeast-yippee-magic-masala-instant-noodles-360-g/491337398
101976,https://blinkit.com/prn/x/prid/131641,
101977,https://blinkit.com/prn/x/prid/131641,
101979,https://blinkit.com/prn/x/prid/421742,
101986,https://blinkit.com/prn/x/prid/463281,
101988,https://blinkit.com/prn/x/prid/158316,
101999,https://blinkit.com/prn/x/prid/163617,
102000,https://blinkit.com/prn/x/prid/163617,
102002,https://blinkit.com/prn/x/prid/364321,
102008,https://blinkit.com/prn/x/prid/379583,
102009,https://blinkit.com/prn/x/prid/401935,
102010,https://blinkit.com/prn/x/prid/453573,
102017,https://blinkit.com/prn/x/prid/23484,https://www.jiomart.com/p/groceries/mtr-ready-to-eat-paneer-butter-masala-300-g/490009004
102026,https://blinkit.com/prn/x/prid/529932,
102030,https://blinkit.com/prn/x/prid/443547,
102031,https://blinkit.com/prn/x/prid/355051,
102089,https://blinkit.com/prn/x/prid/564023,
102133,https://blinkit.com/prn/x/prid/11020,https://www.jiomart.com/p/groceries/cadbury-dairy-milk-home-treats-91-g/610909790
102135,https://blinkit.com/prn/x/prid/543,https://www.jiomart.com/p/groceries/cadbury-dairy-milk-crackle-chocolate-75-g/610989264
102137,https://blinkit.com/prn/x/prid/542,https://www.jiomart.com/p/groceries/cadbury-roasted-almond-dairy-milk-chocolates-80-g/609461114
102148,https://blinkit.com/prn/x/prid/543889,
102162,https://blinkit.com/prn/x/prid/184269,
102163,https://blinkit.com/prn/x/prid/184269,
102170,https://blinkit.com/prn/x/prid/390200,
102216,https://blinkit.com/prn/x/prid/428614,https://www.jiomart.com/p/groceries/banana-flower-per-piece/590000182
102217,https://blinkit.com/prn/x/prid/270197,
102234,https://blinkit.com/prn/x/prid/4967,
102245,https://blinkit.com/prn/x/prid/566489,
102267,https://blinkit.com/prn/x/prid/415766,https://www.jiomart.com/product/kelloggs-muesli-0-added-sugar-400-g-mffn0r-7522400
102269,https://blinkit.com/prn/x/prid/531020,https://www.jiomart.com/p/groceries/kellogg-s-7-in-1-chocolate-muesli-with-57-multigrain-fruit-nut-and-seeds-75-g/605971173
102338,https://blinkit.com/prn/x/prid/650542,
102339,https://blinkit.com/prn/x/prid/21780,
102362,https://blinkit.com/prn/x/prid/567576,
102363,https://blinkit.com/prn/x/prid/567573,
102389,https://blinkit.com/prn/x/prid/518374,https://www.jiomart.com/p/groceries/whisper-choice-stain-protection-sanitary-napkin-with-wings-xl-36-pads/599786329
102391,https://blinkit.com/prn/x/prid/393217,https://www.jiomart.com/p/groceries/whisper-ultra-wings-sanitary-napkin-with-wings-xl-15-pads/490063743
102442,https://blinkit.com/prn/x/prid/479932,
102444,https://blinkit.com/prn/x/prid/626912,
102491,https://blinkit.com/prn/x/prid/238050,https://www.jiomart.com/p/groceries/britannia-bourbon-original-biscuits-60-g/490000219
1025,https://blinkit.com/prn/x/prid/33343,https://www.jiomart.com/product/bisk-farm-googly-biscuits-200-g-mffn4h-7530286
102592,https://blinkit.com/prn/x/prid/541014,https://www.jiomart.com/p/groceries/lacto-calamine-aloe-vera-cucumber-vitamin-e-daily-cleanising-wipes-25-pcs/590795454
102639,https://blinkit.com/prn/x/prid/598230,
102686,https://blinkit.com/prn/x/prid/651260,
102694,https://blinkit.com/prn/x/prid/651170,https://www.jiomart.com/p/groceries/biswa-bangla-taste-of-bengal-aam-kasundi-sweet-200-g/611535389
102695,https://blinkit.com/prn/x/prid/651170,https://www.jiomart.com/p/groceries/biswa-bangla-aam-kasundi-sour-pickle-200-g/611502576
102696,https://blinkit.com/prn/x/prid/651170,
102704,https://blinkit.com/prn/x/prid/710835,https://www.jiomart.com/p/groceries/signature-alloy-deodorant-perfume-body-spray-200-ml-for-men-elegant-distinctive-fragrance-long-lasting-fights-body-odour-skin-friendly-deo-everyday-use/603512596
102735,https://blinkit.com/prn/x/prid/710835,
102785,https://blinkit.com/prn/x/prid/539011,https://www.jiomart.com/p/groceries/ritebite-max-protein-spanish-tomato-chips-60-g/590320920
102786,https://blinkit.com/prn/x/prid/482056,https://www.jiomart.com/p/groceries/ritebite-max-protein-cheese-jalapeno-chips-60-g/590320922
102787,https://blinkit.com/prn/x/prid/482057,
102789,https://blinkit.com/prn/x/prid/539002,
10279,https://blinkit.com/prn/x/prid/10791,https://www.jiomart.com/p/groceries/patanjali-special-chyawanprash-1-kg/590657282
102790,https://blinkit.com/prn/x/prid/482059,
102809,https://blinkit.com/prn/x/prid/23790,https://www.jiomart.com/p/groceries/cadbury-five-star-mini-treats-166-6-g/613084898
10282,https://blinkit.com/prn/x/prid/574,https://www.jiomart.com/p/groceries/lay-s-chile-limon-potato-chips-52-g/590033335
10284,https://blinkit.com/prn/x/prid/373412,https://www.jiomart.com/p/groceries/doritos-nacho-cheese-66-gm/604014096
10285,https://blinkit.com/prn/x/prid/373410,https://www.jiomart.com/p/groceries/doritos-sweet-chilli-nachos-66-g/590122123
10287,https://blinkit.com/prn/x/prid/367837,https://www.jiomart.com/product/kurkure-yummy-cheese-puffcorn-52-g-mffmtv-7507631
10288,https://blinkit.com/prn/x/prid/432780,https://www.jiomart.com/p/groceries/lay-s-classic-salted-potato-chips-52-g/490003965
10290,https://blinkit.com/prn/x/prid/289152,https://www.jiomart.com/product/lays-indias-magic-masala-potato-chips-48-g-mffmx7-7514675
10291,https://blinkit.com/prn/x/prid/140963,https://www.jiomart.com/p/groceries/godrej-expert-rich-cr-me-ammonia-free-hair-colour-dark-brown-20-g-20-ml/490992291
10292,https://blinkit.com/prn/x/prid/932,https://www.jiomart.com/p/groceries/godrej-expert-rich-creme-ammonia-free-hair-colour-black-brown-20-g-20-ml/590103112
102939,https://blinkit.com/prn/x/prid/541967,https://www.jiomart.com/p/groceries/myfitness-chocolate-crunchy-peanut-butter-510-gms/595324637
102940,https://blinkit.com/prn/x/prid/611645,https://www.jiomart.com/p/groceries/myfitness-chocolate-crunchy-peanut-butter-510-gms/595324637
102941,https://blinkit.com/prn/x/prid/541985,https://www.jiomart.com/p/groceries/myfitness-original-smooth-peanut-butter-510gm/598573259
102942,https://blinkit.com/prn/x/prid/554131,https://www.jiomart.com/p/groceries/myfitness-choco-almond-crunchy-peanut-butter-510-g/611269178
102943,https://blinkit.com/prn/x/prid/542002,https://www.jiomart.com/p/groceries/myfitness-peanut-butter-natural-smooth-510g-100-roasted-peanuts-30g-protein-no-added-sugar-no-added-salt-no-hydrogenated-oil-zero-cholesterol-zero-trans-fat/606798189
102969,https://blinkit.com/prn/x/prid/547252,https://www.jiomart.com/p/groceries/master-chow-hot-spicy-schezwan-chutney-250-g/611718902
102971,https://blinkit.com/prn/x/prid/549284,https://www.jiomart.com/p/groceries/masterchow-white-vinegar-170-ml/611291299
102975,https://blinkit.com/prn/x/prid/552862,https://www.jiomart.com/p/groceries/masterchow-korean-cheese-instant-noodles-99-g/611291321
102977,https://blinkit.com/prn/x/prid/570633,https://www.jiomart.com/p/groceries/masterchow-korean-masala-instant-noodles-94-g/611291318
102985,https://blinkit.com/prn/x/prid/518737,https://www.jiomart.com/p/groceries/masterchow-indo-chinese-chowmein-sauce-stir-fry-cooking-sauce-all-natural-ingredients-made-in-small-batches-get-street-style-chowmein-in-just-10-minutes/603971888
10313,https://blinkit.com/prn/x/prid/169183,
103211,https://blinkit.com/prn/x/prid/692384,https://www.jiomart.com/p/groceries/lotte-pepero-crunchy-sticks-39-g/611965774
103256,https://blinkit.com/prn/x/prid/520472,https://www.jiomart.com/p/groceries/aakash-namkeen-tikha-mitha-mixture-900g/600230024
103257,https://blinkit.com/prn/x/prid/520470,
10326,https://blinkit.com/prn/x/prid/23878,https://www.jiomart.com/p/groceries/hair-care-moisturising-fruit-oils-with-green-apple-olive-mosambi-hair-oil-100-ml/490002168
10329,https://blinkit.com/prn/x/prid/574,https://www.jiomart.com/p/groceries/lay-s-chile-limon-potato-chips-52-g/590033335
103297,https://blinkit.com/prn/x/prid/681088,https://www.jiomart.com/product/auranut-premium-makhana-250g-pack-of-1-mj75hv-50818649
10331,https://blinkit.com/prn/x/prid/169812,https://www.jiomart.com/p/groceries/maggi-2-minute-masala-instant-noodles-420-g/490009127
103402,https://blinkit.com/prn/x/prid/662883,https://www.jiomart.com/p/groceries/parachute-advansed-gold-vitamin-e-coconut-hair-oil-300-ml/612582647
103531,https://blinkit.com/prn/x/prid/502386,
103533,https://blinkit.com/prn/x/prid/498003,
103538,https://blinkit.com/prn/x/prid/498004,https://www.jiomart.com/product/gopal-premium-banskathi-rice-10-kg-mi8tp2-19316159
103540,https://blinkit.com/prn/x/prid/498007,
103541,https://blinkit.com/prn/x/prid/498007,
10356,https://blinkit.com/prn/x/prid/482805,https://www.jiomart.com/p/groceries/too-yumm-american-style-cream-and-onion-potato-chips-90-g/608010088
103579,https://blinkit.com/prn/x/prid/536117,https://www.jiomart.com/p/groceries/himalaya-moisturizing-aloe-vera-face-wash-50-ml/490003370
10361,https://blinkit.com/prn/x/prid/372351,https://www.jiomart.com/p/groceries/patanjali-lemon-and-wood-ash-super-dishwash-bar-280-g-pack-of-3/590032285
10362,https://blinkit.com/prn/x/prid/372351,https://www.jiomart.com/p/groceries/patanjali-lemon-and-wood-ash-super-dishwash-bar-280-g-pack-of-3/590032285
10367,https://blinkit.com/prn/x/prid/278,https://www.jiomart.com/p/groceries/7-up-750-ml/491208777
10368,https://blinkit.com/prn/x/prid/111562,https://www.jiomart.com/product/mountain-dew-225-l-mffmvp-7511432
103692,https://blinkit.com/prn/x/prid/699183,https://www.jiomart.com/p/groceries/india-gate-classic-hyderabadi-briyani-masala-70-g/608746773
103696,https://blinkit.com/prn/x/prid/623140,https://www.jiomart.com/p/groceries/india-gate-uplife-gut-pro-multi-source-edible-oil-810-g/613090944
1037,https://blinkit.com/prn/x/prid/59663,https://www.jiomart.com/product/bisk-farm-googly-biscuits-200-g-mffn4h-7530286
103708,https://blinkit.com/prn/x/prid/543646,
103709,https://blinkit.com/prn/x/prid/543648,
103710,https://blinkit.com/prn/x/prid/520066,
103734,https://blinkit.com/prn/x/prid/681088,https://www.jiomart.com/p/groceries/crunchi-waves-regular-foxnut-makhana-healthy-snack-gluten-free-vegan-protein-fiber-rich-superfood-ideal-for-weight-management-diabetic-friendly-light-crispy-250g/613152226
10375,https://blinkit.com/prn/x/prid/111385,https://www.jiomart.com/p/groceries/maggi-masala-penne-instant-pazzta-65-g-pouch/490642339
103759,https://blinkit.com/prn/x/prid/127174,https://www.jiomart.com/p/groceries/lakme-9-to-5-all-in-1-spf-30-pa-instant-skin-stylist-cc-cream-honey-02-9-g/490935971
10376,https://blinkit.com/prn/x/prid/82341,https://www.jiomart.com/product/maggi-pazzta-cheese-macaroni-75-g-mffn2j-7526123
103761,https://blinkit.com/prn/x/prid/546959,https://www.jiomart.com/p/groceries/vlcc-skin-defense-almond-honey-deep-nourishing-skin-brightening-body-lotion-350-ml/490936001
103775,https://blinkit.com/prn/x/prid/498987,
103776,https://blinkit.com/prn/x/prid/122644,
103781,https://blinkit.com/prn/x/prid/11636,
103784,https://blinkit.com/prn/x/prid/725586,https://www.jiomart.com/product/fortune-soya-health-refined-soybean-oil-750-g-mg0tdl-7651546
103869,https://blinkit.com/prn/x/prid/502645,https://www.jiomart.com/p/groceries/keya-dark-soya-sauce-200-g/611008485
10387,https://blinkit.com/prn/x/prid/771,https://www.jiomart.com/p/groceries/mtr-instant-rava-idli-mix-200-g/490009575
103870,https://blinkit.com/prn/x/prid/502644,https://www.jiomart.com/p/groceries/keya-green-chilli-sauce-190-g/611008484
103871,https://blinkit.com/prn/x/prid/502643,https://www.jiomart.com/p/groceries/keya-red-chilli-sauce-200-g/611008486
103873,https://blinkit.com/prn/x/prid/499469,https://www.jiomart.com/p/groceries/keya-veg-hakka-noodles-450-g-pack-of-3/611008566
10388,https://blinkit.com/prn/x/prid/23458,https://www.jiomart.com/p/groceries/mtr-rice-idli-ready-mix-200-g/490081393
10389,https://blinkit.com/prn/x/prid/390228,https://www.jiomart.com/p/groceries/mtr-instant-gulab-jamun-mix-175-g-50-off-on-1-unit/491418354
103893,https://blinkit.com/prn/x/prid/378975,https://www.jiomart.com/p/groceries/nihar-naturals-jasmine-coconut-hair-oil-400-ml/590032311
103920,https://blinkit.com/prn/x/prid/396110,https://www.jiomart.com/p/groceries/parle-monaco-classic-salted-biscuits-52-2-g/611386778
103921,https://blinkit.com/prn/x/prid/486825,https://www.jiomart.com/p/groceries/bikaji-tana-tan-aloo-bhujia-400-g/490005314
103922,https://blinkit.com/prn/x/prid/524899,https://www.jiomart.com/p/groceries/bikaji-bikaner-chowpati-bhelpuri-110-g/608498429
103925,https://blinkit.com/prn/x/prid/488531,
103926,https://blinkit.com/prn/x/prid/249244,
103927,https://blinkit.com/prn/x/prid/346620,https://www.jiomart.com/p/groceries/baidyanath-sugarfree-chyawan-vit-500-gm-specially-formulated-chyawanprash-with-no-added-sugar-with-benefits-of-amla-ashwagandha-and-almonds-ayurvedic-immunity-booster/609156309
103928,https://blinkit.com/prn/x/prid/656974,https://www.jiomart.com/p/groceries/baidyanath-isabgol-psyllium-husk-powder-100gm-effective-constipation-relief-digestive-health/610023041
103931,https://blinkit.com/prn/x/prid/486738,
103934,https://blinkit.com/prn/x/prid/617916,
103960,https://blinkit.com/prn/x/prid/481933,
103968,https://blinkit.com/prn/x/prid/539348,https://www.jiomart.com/p/groceries/wickedgud-masala-instant-noodles-69-g/609540852
103969,https://blinkit.com/prn/x/prid/488290,https://www.jiomart.com/p/groceries/wickedgud-schezwan-instant-noodles-69-g/609540846
103970,https://blinkit.com/prn/x/prid/540659,https://www.jiomart.com/p/groceries/wickedgud-masala-instant-noodles-69-g/609540852
103971,https://blinkit.com/prn/x/prid/499277,https://www.jiomart.com/p/groceries/wickedgud-schezwan-instant-noodles-69-g/609540846
103973,https://blinkit.com/prn/x/prid/567905,https://www.jiomart.com/p/groceries/wickedgud-masala-cup-noodles-67-g/610889081
103974,https://blinkit.com/prn/x/prid/709848,
103982,https://blinkit.com/prn/x/prid/24479,https://www.jiomart.com/p/groceries/patanjali-cow-ghee-500-ml-carton/491249531
103983,https://blinkit.com/prn/x/prid/11196,http://jiomart.com/p/groceries/patanjali-cow-ghee-1-1-l/605854311
103992,https://blinkit.com/prn/x/prid/705840,https://www.jiomart.com/p/groceries/teddyy-baby-diapers-pants-easy-medium-28-count-pack-of-2/601755229
103993,https://blinkit.com/prn/x/prid/705845,
103994,https://blinkit.com/prn/x/prid/706381,
103997,https://blinkit.com/prn/x/prid/705840,https://www.jiomart.com/p/groceries/teddyy-baby-easy-medium-diaper-pants-pack-of-54/604602960
104000,https://blinkit.com/prn/x/prid/705840,
104002,https://blinkit.com/prn/x/prid/706381,
104003,https://blinkit.com/prn/x/prid/707088,https://www.jiomart.com/p/groceries/cadbury-chocolate-dairy-milk-milkinis-34-g/612344979
104004,https://blinkit.com/prn/x/prid/707088,https://www.jiomart.com/p/groceries/cadbury-chocolate-dairy-milk-milkinis-17-g/612345296
104005,https://blinkit.com/prn/x/prid/703821,https://www.jiomart.com/p/groceries/cad-oreo-toffee-crnch-crm-bsc-116-25g-pp/612533658
104006,https://blinkit.com/prn/x/prid/703822,https://www.jiomart.com/p/groceries/cadbury-oreo-toffee-crunch-cream-biscuits-255-75-g/612515433
10401,https://blinkit.com/prn/x/prid/351675,https://www.jiomart.com/product/ponds-bright-beauty-miracle-charcoal-detox-face-wash-50g-tube-mffmrm-7502499
104079,https://blinkit.com/prn/x/prid/536577,
104080,https://blinkit.com/prn/x/prid/520521,
10412,https://blinkit.com/prn/x/prid/68713,https://www.jiomart.com/p/groceries/lizol-floral-disinfectant-surface-cleaner-975-ml/490002755
104131,https://blinkit.com/prn/x/prid/486370,https://www.jiomart.com/p/groceries/amrutanjan-extra-power-pain-balm-7-4-g/491470001
104132,https://blinkit.com/prn/x/prid/386683,https://www.jiomart.com/p/groceries/kapiva-karela-jamun-juice-1-l/590977735
104136,https://blinkit.com/prn/x/prid/361515,https://www.jiomart.com/p/groceries/parle-hide-seek-choco-rolls-120-g/491214021
104139,https://blinkit.com/prn/x/prid/740901,https://www.jiomart.com/p/groceries/trishul-white-floor-cleaner-phenyle-strong-germonil-premium-disinfectant-mosquito-repellent-floor-cleaner-liquid-for-hospitals-homes-offices-remove-germs-dirt-bacteria-99-99-5-ltr/610888532
10414,https://blinkit.com/prn/x/prid/359300,https://www.jiomart.com/p/groceries/pears-soft-fresh-body-wash-250-ml/491321622
104164,https://blinkit.com/prn/x/prid/484813,https://www.jiomart.com/p/groceries/saffola-active-squeezy-honey-350-g-pack-of-2/607134914
104189,https://blinkit.com/prn/x/prid/82175,https://www.jiomart.com/p/groceries/mashal-mustard-oil-1-l/490052736
10419,https://blinkit.com/prn/x/prid/81123,https://www.jiomart.com/p/groceries/gillette-series-shave-gel-25-g/590835964
104213,https://blinkit.com/prn/x/prid/659940,
104214,https://blinkit.com/prn/x/prid/524860,https://www.jiomart.com/p/groceries/crax-fritts-cream-onion-corn-and-potato-sticks-82-g/602830503
104215,https://blinkit.com/prn/x/prid/524861,https://www.jiomart.com/p/groceries/crax-chatpata-masala-curls-82-g/602482579
104216,https://blinkit.com/prn/x/prid/524862,https://www.jiomart.com/p/groceries/crax-natkhat-classic-wheat-puffs-63-g/593868143
104217,https://blinkit.com/prn/x/prid/524863,https://www.jiomart.com/p/groceries/crax-natkhat-masala-wheat-puffs-82-g/602981134
104218,https://blinkit.com/prn/x/prid/518732,https://www.jiomart.com/p/groceries/crax-cheese-balls-65-g/602479772
10422,https://blinkit.com/prn/x/prid/154617,https://www.jiomart.com/p/groceries/tide-jasmine-rose-detergent-powder-1-5-kg/590813631
104220,https://blinkit.com/prn/x/prid/546583,
104221,https://blinkit.com/prn/x/prid/589245,
104222,https://blinkit.com/prn/x/prid/458322,https://www.jiomart.com/p/groceries/craxx-masala-mania-rings-55-g/590829684
104223,https://blinkit.com/prn/x/prid/458323,https://www.jiomart.com/p/groceries/craxx-tangy-tomato-rings-55-g/590829685
104237,https://blinkit.com/prn/x/prid/131462,
104239,https://blinkit.com/prn/x/prid/527968,
104240,https://blinkit.com/prn/x/prid/527970,https://www.jiomart.com/p/groceries/cashew-regular-value-pack-500-gm/491632854
104241,https://blinkit.com/prn/x/prid/527972,https://www.jiomart.com/p/groceries/indian-long-kishmish-500-g/610767731
10425,https://blinkit.com/prn/x/prid/697090,
104251,https://blinkit.com/prn/x/prid/479710,https://www.jiomart.com/p/groceries/lotus-biscoff-sandwich-biscuits-milk-chocolate-150-g/605431589
104253,https://blinkit.com/prn/x/prid/720241,https://www.jiomart.com/p/groceries/lotus-biscoff-original-caramelised-biscuits-124-g/590114679
104264,https://blinkit.com/prn/x/prid/533281,https://www.jiomart.com/p/groceries/lotus-herbals-safe-sun-uv-screen-spf-50-pa-matte-gel-for-normal-to-oily-skin-50-g/490729108
104266,https://blinkit.com/prn/x/prid/507494,https://www.jiomart.com/p/groceries/lotus-herbals-safe-sun-sunscreen-cream-indian-summer-formula-spf-30-pa-non-greasy-sweat-water-resistant-100g/596066883
10427,https://blinkit.com/prn/x/prid/603875,
104270,https://blinkit.com/prn/x/prid/489654,
104271,https://blinkit.com/prn/x/prid/27404,https://www.jiomart.com/p/groceries/britannia-cheese-slices-400-g-pack/592080370
10429,https://blinkit.com/prn/x/prid/20220,https://www.jiomart.com/p/wellness/whisper-choice-sanitary-pads-280mm-xl-6-s/608311388
104298,https://blinkit.com/prn/x/prid/578188,
104303,https://blinkit.com/prn/x/prid/477916,
104304,https://blinkit.com/prn/x/prid/477916,
104305,https://blinkit.com/prn/x/prid/427132,https://www.jiomart.com/p/groceries/parle-20-20-gold-cashew-almond-cookies-600-g/590032849
104307,https://blinkit.com/prn/x/prid/718076,
104308,https://blinkit.com/prn/x/prid/718076,https://www.jiomart.com/p/groceries/tru-nature-liquid-vapouriser-paediatrician-certified-powerful-action-powered-by-nature-mosquito-repellent-refill-pack-45ml-x-3-units/604549141
104344,https://blinkit.com/prn/x/prid/674253,https://www.jiomart.com/p/groceries/gimi-michi-hot-spicy-kimchi-ramen-vegetarian-pack-of-4-400-grams/611528632
104345,https://blinkit.com/prn/x/prid/697953,
104348,https://blinkit.com/prn/x/prid/697953,
104362,https://blinkit.com/prn/x/prid/624784,
104366,https://blinkit.com/prn/x/prid/622333,https://www.jiomart.com/p/groceries/lalbaba-gold-premium-baskati-rice-10-kg/590485031
104367,https://blinkit.com/prn/x/prid/620042,https://www.jiomart.com/p/groceries/lalbaba-rice-gobindobhog-rice-5-kg/611056025
10437,https://blinkit.com/prn/x/prid/156879,https://www.jiomart.com/p/groceries/nivea-cocoa-nourish-lotion-200ml/603214635
104386,https://blinkit.com/prn/x/prid/560801,
104387,https://blinkit.com/prn/x/prid/560085,https://www.jiomart.com/p/groceries/pure-nutrition-virgin-and-cold-pressed-olive-oil-for-healthy-heart-skin-hair-250ml/609667462
104388,https://blinkit.com/prn/x/prid/578579,https://www.jiomart.com/p/groceries/pure-nutrition-pomace-olive-oil-perfect-for-everyday-indian-cooking-deep-frying-low-in-saturated-fat-1l-pet-bottle/611026386
10439,https://blinkit.com/prn/x/prid/495491,https://www.jiomart.com/p/groceries/nivea-shea-smooth-body-lotion-200ml/603188129
104390,https://blinkit.com/prn/x/prid/560086,
104391,https://blinkit.com/prn/x/prid/578878,
10447,https://blinkit.com/prn/x/prid/23960,
104483,https://blinkit.com/prn/x/prid/680598,
104485,https://blinkit.com/prn/x/prid/680598,
10457,https://blinkit.com/prn/x/prid/719,https://www.jiomart.com/p/groceries/ching-s-secret-chilli-vinegar-170-ml/490000255
105,https://blinkit.com/prn/x/prid/159822,https://www.jiomart.com/p/groceries/ching-s-secret-manchurian-instant-noodles-240-g/490544387
1051,https://blinkit.com/prn/x/prid/318086,https://www.jiomart.com/product/britannia-time-pass-salted-biscuits-142-g-mffmqz-7501498
10511,https://blinkit.com/prn/x/prid/361151,https://www.jiomart.com/p/groceries/sunfeast-bounce-dream-cream-choco-vanilla-biscuits-60-g/590333722
10513,https://blinkit.com/prn/x/prid/362378,https://www.jiomart.com/p/groceries/johnson-s-baby-soap-100-g-pack-of-3/491161037
10539,https://blinkit.com/prn/x/prid/533685,https://www.jiomart.com/p/groceries/mcvitie-s-digestive-biscuits-100-g/590033355
1054,https://blinkit.com/prn/x/prid/11098,https://www.jiomart.com/product/britannia-50-50-sweet-salty-biscuits-188-g-mffn24-7525321
10558,https://blinkit.com/prn/x/prid/489873,https://www.jiomart.com/p/groceries/fair-and-handsome-radiance-cream-15-g/590315418
10579,https://blinkit.com/prn/x/prid/422934,
10583,https://blinkit.com/prn/x/prid/127608,https://www.jiomart.com/p/groceries/cadbury-shots-chocolate-16-2-g/611279237
10584,https://blinkit.com/prn/x/prid/403491,https://www.jiomart.com/p/groceries/cadbury-dairy-milk-silk-roast-almond-chocolate-bar-55-g/490659557
10587,https://blinkit.com/prn/x/prid/11025,https://www.jiomart.com/product/cadbury-dairy-milk-silk-ganache-chocolate-bar-137-g-mffmr8-7501862
10588,https://blinkit.com/prn/x/prid/18548,https://www.jiomart.com/product/ghadi-detergent-powder-1-kg-miefcz-24072960
1059,https://blinkit.com/prn/x/prid/263544,https://www.jiomart.com/product/britannia-bourbon-the-original-cream-biscuits-150-g-mffmzp-7519859
1060,https://blinkit.com/prn/x/prid/263544,https://www.jiomart.com/product/britannia-bourbon-the-original-chocolate-cream-biscuits-60-g-mffmqu-7501266
10606,https://blinkit.com/prn/x/prid/350273,https://www.jiomart.com/p/wellness/dettol-liquid-handwash-sensitive-200-ml/608304860
1061,https://blinkit.com/prn/x/prid/392931,https://www.jiomart.com/product/britannia-nutri-choice-hi-fibre-digestive-biscuits-960-g-mffmr7-7501827
10611,https://blinkit.com/prn/x/prid/960,https://www.jiomart.com/p/groceries/navratana-cool-ayurvedic-hair-oil-200-ml/490015716
10619,https://blinkit.com/prn/x/prid/102607,https://www.jiomart.com/p/groceries/zandu-ultra-power-balm-8-ml/491180229
10620,https://blinkit.com/prn/x/prid/350285,
10621,https://blinkit.com/prn/x/prid/24323,https://www.jiomart.com/p/groceries/moov-pain-relief-specialist-spray-35-g/490577734
10625,https://blinkit.com/prn/x/prid/387436,https://www.jiomart.com/p/groceries/moov-pain-relief-cream-50-g/490577737
10630,https://blinkit.com/prn/x/prid/10586,https://www.jiomart.com/p/groceries/veet-silk-fresh-hair-removal-cream-normal-skin-50-g/596768932
10631,https://blinkit.com/prn/x/prid/407456,
10637,https://blinkit.com/prn/x/prid/350274,
10638,https://blinkit.com/prn/x/prid/489668,https://www.jiomart.com/p/wellness/dettol-handwash-combo-pack-skincare-200-ml-original-refill-175-ml/608316609
1065,https://blinkit.com/prn/x/prid/112071,
10652,https://blinkit.com/prn/x/prid/18923,https://www.jiomart.com/p/groceries/mtr-instant-dosa-mix-500-g/490000389
10653,https://blinkit.com/prn/x/prid/774,https://www.jiomart.com/p/groceries/mtr-instant-upma-ready-mix-170-g/490009600
10654,https://blinkit.com/prn/x/prid/23445,https://www.jiomart.com/p/groceries/mtr-instant-khaman-dhokla-ready-mix-180-g/491074046
10655,https://blinkit.com/prn/x/prid/18751,https://www.jiomart.com/p/groceries/mtr-instant-vada-mix-200-g/490008966
10661,https://blinkit.com/prn/x/prid/773,https://www.jiomart.com/p/groceries/mtr-instant-rava-dosa-mix-500-g/490008967
10665,https://blinkit.com/prn/x/prid/364177,https://www.jiomart.com/product/dettol-sensitive-handwash-675-ml-mffmua-7508455
10666,https://blinkit.com/prn/x/prid/365718,https://www.jiomart.com/product/dettol-skincare-ph-balanced-liquid-handwash-675-ml-buy-1-get-1-free-mffmys-7518060
10676,https://blinkit.com/prn/x/prid/11329,https://www.jiomart.com/product/gowardhan-pure-cow-ghee-500-ml-jar-mffn2d-7525784
107,https://blinkit.com/prn/x/prid/106786,https://www.jiomart.com/p/groceries/ching-s-secret-red-chilli-sauce-200-g/490000261
10702,https://blinkit.com/prn/x/prid/362450,https://www.jiomart.com/product/odonil-neem-air-freshener-blocks-pack-of-4-48-g-each-mffn4g-7530209
1071,https://blinkit.com/prn/x/prid/60598,
10710,https://blinkit.com/prn/x/prid/20013,https://www.jiomart.com/p/groceries/himalaya-fresh-start-blueberry-oil-clear-face-wash-50-ml/491055431
10711,https://blinkit.com/prn/x/prid/507407,https://www.jiomart.com/p/groceries/head-shoulders-neem-anti-dandruff-shampoo-180-ml/590514154
10716,https://blinkit.com/prn/x/prid/600864,https://www.jiomart.com/product/tide-plus-jasmine-rose-detergent-washing-powder-1-kg-mief5w-24069950
10717,https://blinkit.com/prn/x/prid/393213,https://www.jiomart.com/p/groceries/whisper-ultra-nights-sanitary-napkin-with-wings-xl-30-pads/491136654
10721,https://blinkit.com/prn/x/prid/279485,https://www.jiomart.com/product/parle-marie-biscuits-2632-g-mffnes-7551694
10723,https://blinkit.com/prn/x/prid/11371,https://www.jiomart.com/p/groceries/patanjali-neem-tulsi-face-wash-60-g/491092251
10726,https://blinkit.com/prn/x/prid/77085,https://www.jiomart.com/p/groceries/dabur-babool-cavity-protection-toothpaste-175-g-pack-of-2/490004762
10736,https://blinkit.com/prn/x/prid/361153,https://www.jiomart.com/p/groceries/sunfeast-special-orange-cream-biscuits-82-g/490211855
10738,https://blinkit.com/prn/x/prid/489096,https://www.jiomart.com/p/groceries/mangaldeep-rose-chandan-fragrance-plus-agarbatti-38-pcs/611345401
10739,https://blinkit.com/prn/x/prid/108028,https://www.jiomart.com/p/groceries/margo-100-original-neem-soap-75-g-pack-of-4/491337552
1074,https://blinkit.com/prn/x/prid/112071,
10749,https://blinkit.com/prn/x/prid/209268,
1076,https://blinkit.com/prn/x/prid/11170,https://www.jiomart.com/product/britannia-milk-bikis-biscuits-1705-g-mffmsa-7503951
10761,https://blinkit.com/prn/x/prid/427622,https://www.jiomart.com/p/groceries/tresemme-pro-collection-smooth-shine-shampoo-340-ml/491432530
10766,https://blinkit.com/prn/x/prid/107663,https://www.jiomart.com/p/groceries/knorr-classic-mixed-vegetable-instant-soup-45-g/490211515
10767,https://blinkit.com/prn/x/prid/72024,https://www.jiomart.com/product/knorr-sweet-corn-veg-instant-cup-a-soup-95-g-mffmr3-7501638
10769,https://blinkit.com/prn/x/prid/136005,https://www.jiomart.com/p/groceries/lipton-lemon-zest-green-tea-bags-25-pcs/490847027
10784,https://blinkit.com/prn/x/prid/458000,https://www.jiomart.com/p/groceries/casting-creme-gloss-small-pack-300-darkest-brown/590364956
10787,https://blinkit.com/prn/x/prid/564960,https://www.jiomart.com/p/groceries/ponds-sun-protect-spf-50-non-oily-sunscreen-35-g/491432559
10790,https://blinkit.com/prn/x/prid/136594,
10804,https://blinkit.com/prn/x/prid/969,https://www.jiomart.com/p/groceries/colgate-active-salt-toothpaste-200-g/490002192
10807,https://blinkit.com/prn/x/prid/490674,https://www.jiomart.com/p/groceries/colgate-maxfresh-blue-saverpack-300-gm/491639099
10808,https://blinkit.com/prn/x/prid/482147,https://www.jiomart.com/p/groceries/colgate-max-fresh-peppermint-ice-blue-gel-toothpaste-150-g/490002184
10809,https://blinkit.com/prn/x/prid/21886,https://www.jiomart.com/p/groceries/colgate-max-fresh-peppermint-ice-blue-gel-toothpaste-80-g/590120499
10812,https://blinkit.com/prn/x/prid/118002,https://www.jiomart.com/p/groceries/colgate-visible-white-sparkling-mint-toothpaste-200-g/491110335
10813,https://blinkit.com/prn/x/prid/21889,https://www.jiomart.com/p/groceries/colgate-visible-white-sparkling-mint-toothpaste-200-g/491110335
10814,https://blinkit.com/prn/x/prid/42875,https://www.jiomart.com/p/groceries/colgate-barbie-strawberry-flavor-kids-toothpaste-80-g-6-years/490611710
10816,https://blinkit.com/prn/x/prid/373525,https://www.jiomart.com/p/groceries/cibaca-vedshakti-toothpaste-160-g/590120492
10818,https://blinkit.com/prn/x/prid/77078,https://www.jiomart.com/p/groceries/colgate-active-salt-neem-toothpaste-100-g/491212816
10822,https://blinkit.com/prn/x/prid/276959,https://www.jiomart.com/p/groceries/colgate-sensitive-ultra-soft-toothbrush/490002231
10833,https://blinkit.com/prn/x/prid/363556,https://www.jiomart.com/p/groceries/classmate-single-line-soft-long-notebook-1-pc-180-pgs/490062731
10835,https://blinkit.com/prn/x/prid/333522,
10838,https://blinkit.com/prn/x/prid/429495,https://www.jiomart.com/p/groceries/classmate-soft-cover-four-line-notebook-188-pgs/590032744
10845,https://blinkit.com/prn/x/prid/485946,
10846,https://blinkit.com/prn/x/prid/429493,
10847,https://blinkit.com/prn/x/prid/429495,
10848,https://blinkit.com/prn/x/prid/429496,https://www.jiomart.com/p/groceries/classmate-unruled-soft-notebook-188-pgs/590057750
1085,https://blinkit.com/prn/x/prid/427123,https://www.jiomart.com/p/groceries/britannia-good-day-choco-chip-cookies-100-g/490000224
10853,https://blinkit.com/prn/x/prid/485945,
10865,https://blinkit.com/prn/x/prid/429443,
10867,https://blinkit.com/prn/x/prid/429443,https://www.jiomart.com/p/groceries/octane-gel-pen-blue-pack-of-5-blister-pack/491238741
1088,https://blinkit.com/prn/x/prid/223327,https://www.jiomart.com/p/groceries/britannia-little-hearts-classic-biscuits-26-g/593572724
1089,https://blinkit.com/prn/x/prid/223327,https://www.jiomart.com/product/britannia-little-hearts-classic-biscuits-70-g-mfphxm-7570342
109,https://blinkit.com/prn/x/prid/159823,https://www.jiomart.com/p/groceries/ching-s-secret-schezwan-instant-noodles-60-g/490470663
1090,https://blinkit.com/prn/x/prid/18368,https://www.jiomart.com/product/britannia-50-50-maska-chaska-biscuits-300-g-mffn2q-7526523
1091,https://blinkit.com/prn/x/prid/403219,https://www.jiomart.com/p/groceries/britannia-marie-gold-biscuits-400-g/490959388
10924,https://blinkit.com/prn/x/prid/485946,
10932,https://blinkit.com/prn/x/prid/484006,https://www.jiomart.com/p/groceries/doms-art-strokes-kit/590969948
10937,https://blinkit.com/prn/x/prid/484036,https://www.jiomart.com/p/groceries/doms-wax-crayons-12-shades/590969929
1094,https://blinkit.com/prn/x/prid/33402,https://www.jiomart.com/product/britannia-50-50-maska-chaska-biscuits-300-g-mffn2q-7526523
10942,https://blinkit.com/prn/x/prid/439697,https://www.jiomart.com/product/amul-mozzarella-cheddar-diced-cheese-blend-200-g-pack-mffmzt-7520225
1095,https://blinkit.com/prn/x/prid/11170,
10975,https://blinkit.com/prn/x/prid/637098,
10977,https://blinkit.com/prn/x/prid/531214,https://www.jiomart.com/p/groceries/good-life-kharek-500-g/491417259
1098,https://blinkit.com/prn/x/prid/19469,https://www.jiomart.com/product/nice-time-britannia-biscuit-1365-g-mffmqs-7501205
1099,https://blinkit.com/prn/x/prid/19165,https://www.jiomart.com/product/britannia-nutrichoice-thin-arrowroot-biscuits-300-g-mffmyu-7518164
110,https://blinkit.com/prn/x/prid/159823,https://www.jiomart.com/p/groceries/ching-s-secret-schezwan-instant-noodles-240-g/490544386
1100,https://blinkit.com/prn/x/prid/122263,https://www.jiomart.com/product/britannia-nutrichoice-hi-fibre-digestive-biscuits-917-g-mffmyg-7517310
1101,https://blinkit.com/prn/x/prid/11131,https://www.jiomart.com/p/groceries/britannia-nutrichoice-hi-fibre-digestive-biscuits-250-g/490016239
1103,https://blinkit.com/prn/x/prid/111667,https://www.jiomart.com/product/britannia-nutrichoice-thin-arrowroot-biscuits-300-g-mffmyu-7518164
11064,https://blinkit.com/prn/x/prid/469431,https://www.jiomart.com/p/groceries/scotch-brite-silver-sparks-scrub-pad-7-cm-x-7-5-cm/590313563
11067,https://blinkit.com/prn/x/prid/380795,
11073,https://blinkit.com/prn/x/prid/438157,https://www.jiomart.com/product/scotch-brite-power-scrub-pad-8-cm-x-10-cm-1-pc-mffnbe-7545400
11074,https://blinkit.com/prn/x/prid/45337,
11078,https://blinkit.com/prn/x/prid/18572,https://www.jiomart.com/p/groceries/scotch-brite-sponge-wipe/490006004
11080,https://blinkit.com/prn/x/prid/131837,https://www.jiomart.com/p/groceries/scotch-brite-sponge-wipe-5-pcs/590049051
11081,https://blinkit.com/prn/x/prid/111636,https://www.jiomart.com/p/groceries/scotch-brite-floor-cloth-pochha-1n/609981199
11084,https://blinkit.com/prn/x/prid/520325,https://www.jiomart.com/p/groceries/scotch-brite-stainless-steel-scrub-and-scrub-pad-1pc-1-pcs-6-9-cm-x-10-1-cm/598109848
11090,https://blinkit.com/prn/x/prid/527617,https://www.jiomart.com/product/ahaar-rajma-chitra-white-whole-500g-mi8u33-19322493
11098,https://blinkit.com/prn/x/prid/500226,https://www.jiomart.com/p/groceries/listerine-cool-mint-mouthwash-80-ml/490823634
11128,https://blinkit.com/prn/x/prid/438213,https://www.jiomart.com/p/groceries/junior-vanilla-horlicks-500-g/590801195
11152,https://blinkit.com/prn/x/prid/26059,https://www.jiomart.com/product/cadbury-oreo-pokemon-strawberry-cream-biscuit-10855-g-mffmsh-7504428
11160,https://blinkit.com/prn/x/prid/91026,https://www.jiomart.com/p/groceries/head-shoulders-anti-hairfall-anti-dandruff-shampoo-180-ml/490304456
11171,https://blinkit.com/prn/x/prid/526231,https://www.jiomart.com/p/groceries/good-life-broken-cashews-200-g/491186635
11185,https://blinkit.com/prn/x/prid/25012,https://www.jiomart.com/p/groceries/cerelac-baby-cereal-with-milk-multi-grain-fruits-12-months-stage-4-300-g/590049310
1120,https://blinkit.com/prn/x/prid/35382,https://www.jiomart.com/p/groceries/britannia-treat-jim-jam-cream-biscuits-150-g/490876695
11207,https://blinkit.com/prn/x/prid/187292,https://www.jiomart.com/product/harpic-power-plus-original-toilet-cleaner-500-ml-mogtmu-82044234
11212,https://blinkit.com/prn/x/prid/333378,https://www.jiomart.com/p/groceries/pears-natural-pomegranate-soap-125-g-pack-of-3/490861854
1122,https://blinkit.com/prn/x/prid/88276,https://www.jiomart.com/p/groceries/brittania-vita-marie-gold-248-g/594465462
11226,https://blinkit.com/prn/x/prid/10586,
11234,https://blinkit.com/prn/x/prid/111676,https://www.jiomart.com/p/groceries/nivea-milk-delights-fine-gramflour-face-wash-for-oily-skin-100-ml/491053401
11235,https://blinkit.com/prn/x/prid/548481,
11270,https://blinkit.com/prn/x/prid/401193,
11272,https://blinkit.com/prn/x/prid/19192,https://www.jiomart.com/product/colgate-strong-teeth-dental-cream-toothpaste-100-g-mffn2y-7526930
11279,https://blinkit.com/prn/x/prid/517246,https://www.jiomart.com/p/groceries/emami-7-oils-in-one-damage-control-non-sticky-hair-oil-200-ml/491376750
11294,https://blinkit.com/prn/x/prid/373665,https://www.jiomart.com/p/groceries/kellogg-s-fruit-nut-crunchy-muesli-750-g/491409955
11296,https://blinkit.com/prn/x/prid/421588,https://www.jiomart.com/p/groceries/lifebuoy-total-10-handwash-750-ml-buy-1-get-1-free/590032539
11306,https://blinkit.com/prn/x/prid/24323,https://www.jiomart.com/p/groceries/moov-pain-relief-specialist-spray-35-g/490577734
11309,https://blinkit.com/prn/x/prid/246,https://www.jiomart.com/p/groceries/nescafe-gold-instant-coffee-50-g/590034148
1131,https://blinkit.com/prn/x/prid/11156,https://www.jiomart.com/p/groceries/taaza-leaf-tea-250-g/490005004
11312,https://blinkit.com/prn/x/prid/11661,https://www.jiomart.com/p/groceries/nivea-pearl-beauty-deodorant-for-women-150-ml/490680390
11317,https://blinkit.com/prn/x/prid/208529,https://www.jiomart.com/p/groceries/patanjali-kesh-kanti-aloe-vera-hair-cleanser-200-ml/491278957
1132,https://blinkit.com/prn/x/prid/164944,https://www.jiomart.com/p/groceries/taaza-leaf-tea-250-g/490005004
11322,https://blinkit.com/prn/x/prid/21530,
1133,https://blinkit.com/prn/x/prid/250,https://www.jiomart.com/p/groceries/taj-mahal-tea-500-g-carton/490001325
1134,https://blinkit.com/prn/x/prid/582006,https://www.jiomart.com/p/groceries/taj-mahal-tea-250-g-carton/490001323
11366,https://blinkit.com/prn/x/prid/23827,https://www.jiomart.com/p/groceries/dabur-imli-hajmola-50-pcs/612165851
1137,https://blinkit.com/prn/x/prid/313400,
1138,https://blinkit.com/prn/x/prid/110655,https://www.jiomart.com/p/groceries/cadbury-gems-10-68-g/490000244
11380,https://blinkit.com/prn/x/prid/18912,
11494,https://blinkit.com/prn/x/prid/544935,https://www.jiomart.com/p/groceries/patanjali-doodh-biscuits-100-g/491278590
115,https://blinkit.com/prn/x/prid/198073,https://www.jiomart.com/p/groceries/ching-s-secret-hot-garlic-instant-noodles-240-g/490544388
11505,https://blinkit.com/prn/x/prid/81081,https://www.jiomart.com/p/groceries/cadbury-dairy-milk-silk-bubbly-chocolate-bar-50-g/491213888
11508,https://blinkit.com/prn/x/prid/527847,https://www.jiomart.com/p/groceries/patanjali-dant-kanti-natural-toothpaste-600g-200gx3/612593242
11519,https://blinkit.com/prn/x/prid/385,https://www.jiomart.com/p/groceries/kingfisher-radler-lime-300-ml-can/490005091
11520,https://blinkit.com/prn/x/prid/114481,https://www.jiomart.com/p/groceries/sunsilk-co-creations-nourishing-soft-smooth-shampoo-340-ml/490002423
11522,https://blinkit.com/prn/x/prid/380795,https://www.jiomart.com/p/groceries/scotch-brite-antibacterial-neem-scrub-pad-7-cm-x-10-cm-3-pcs/491350166
11546,https://blinkit.com/prn/x/prid/436984,https://www.jiomart.com/p/groceries/kinder-joy-creamy-chocolate-19-g/590120554
11565,https://blinkit.com/prn/x/prid/146296,
11566,https://blinkit.com/prn/x/prid/445360,
11574,https://blinkit.com/prn/x/prid/379623,https://www.jiomart.com/p/groceries/head-shoulders-2-in-1-smooth-silky-anti-dandruff-shampoo-conditioner-180-ml/491378930
11577,https://blinkit.com/prn/x/prid/77955,https://www.jiomart.com/p/groceries/whisper-bindazzz-nights-xl-sanitary-pads-40-pads/591041616
11578,https://blinkit.com/prn/x/prid/20220,https://www.jiomart.com/product/whisper-choice-ultra-sanitary-napkin-with-wings-xl-6-pads-mffmte-7506621
11588,https://blinkit.com/prn/x/prid/35864,https://www.jiomart.com/product/garnier-men-turbo-bright-anti-dullness-refreshing-face-wash-50-g-mg6lm0-7657667
11591,https://blinkit.com/prn/x/prid/492939,https://www.jiomart.com/p/groceries/garnier-black-naturals-ammonia-free-hair-colour-deep-black-1-20-ml-20-g/491208643
11600,https://blinkit.com/prn/x/prid/436993,https://www.jiomart.com/product/loreal-paris-total-repair-5-advanced-hair-conditioner-180-ml-mffnav-7544287
11601,https://blinkit.com/prn/x/prid/548695,https://www.jiomart.com/p/groceries/garnier-color-naturals-cr-me-riche-ammonia-free-permanent-hair-color-darkest-brown-3-35-ml-30-g/590113658
11610,https://blinkit.com/prn/x/prid/108721,https://www.jiomart.com/p/groceries/maggi-mushroom-penne-instant-pazzta-64-g/490870337
11616,https://blinkit.com/prn/x/prid/429492,
11618,https://blinkit.com/prn/x/prid/572131,
11648,https://blinkit.com/prn/x/prid/42002,https://www.jiomart.com/p/groceries/anik-ghee-200-ml-carton/490016468
11654,https://blinkit.com/prn/x/prid/529847,https://www.jiomart.com/product/nuts-for-wellness-whole-cashew-premium-grade-w210-handpicked-kaju-nuts-premium-cashew-nuts-raw-cashews-rich-in-protein-source-of-dietary-fiber-whole-kaju-small-100g-mo18dg-80049810
11655,https://blinkit.com/prn/x/prid/526229,https://www.jiomart.com/product/afghani-farm-black-pepper-cashews-kaju-roasted-and-spiced-crunchy-masala-kaju-snack-rich-in-protein-premium-flavored-cashew-nuts-for-healthy-snacking-and-anytime-munching-100g-mj9tyj-61896205
11656,https://blinkit.com/prn/x/prid/544935,https://www.jiomart.com/p/groceries/patanjali-doodh-biscuits-255-g/609480169
11671,https://blinkit.com/prn/x/prid/526251,https://www.jiomart.com/p/groceries/good-life-horse-gram-200-g/607919760
11678,https://blinkit.com/prn/x/prid/111843,https://www.jiomart.com/product/maggi-pazzta-cheese-macaroni-75-g-mffn2j-7526123
11702,https://blinkit.com/prn/x/prid/382044,https://www.jiomart.com/p/groceries/amul-sugar-free-dark-chocolate-bar-150-g/590067135
11708,https://blinkit.com/prn/x/prid/22392,https://www.jiomart.com/p/groceries/dove-nutritive-solutions-daily-shine-conditioner-180-ml/490316244
11711,https://blinkit.com/prn/x/prid/230042,https://www.jiomart.com/p/groceries/vaseline-intensive-care-cocoa-glow-lotion-for-dull-dry-skin-400-ml/490896758
11712,https://blinkit.com/prn/x/prid/115691,https://www.jiomart.com/p/groceries/vaseline-total-moisture-lotion-200-ml/491019492
11716,https://blinkit.com/prn/x/prid/88352,https://www.jiomart.com/p/groceries/knorr-classic-hot-sour-vegetable-soup-43-g/490211516
11722,https://blinkit.com/prn/x/prid/57435,https://www.jiomart.com/p/groceries/lay-s-classic-salted-potato-chips-52-g/490003965
11727,https://blinkit.com/prn/x/prid/555225,https://www.jiomart.com/p/groceries/mirinda-orange-250-ml/590067364
11730,https://blinkit.com/prn/x/prid/311,https://www.jiomart.com/p/groceries/tang-orange-instant-drink-powder-250-g/490002002
11731,https://blinkit.com/prn/x/prid/111562,https://www.jiomart.com/p/groceries/mountain-dew-750-ml/491349790
11732,https://blinkit.com/prn/x/prid/32390,https://www.jiomart.com/p/groceries/7up-2-l/490005200
11756,https://blinkit.com/prn/x/prid/105159,https://www.jiomart.com/p/groceries/orbit-sugar-free-spearmint-chewing-gum-22-g/590033956
11784,https://blinkit.com/prn/x/prid/450565,https://www.jiomart.com/p/groceries/kwality-walls-alphonso-mango-family-pack-700-ml-tub/590110246
11787,https://blinkit.com/prn/x/prid/16749,https://www.jiomart.com/p/groceries/cornitos-tikka-masala-nacho-crisps-60-g/590033195
11794,https://blinkit.com/prn/x/prid/527254,
11804,https://blinkit.com/prn/x/prid/521416,https://www.jiomart.com/p/groceries/cornitos-thai-sweet-chilli-nacho-crisps-60-g/590110092
11806,https://blinkit.com/prn/x/prid/367598,https://www.jiomart.com/p/groceries/pediasure-chocolate-health-drink-powder-200-g/491061211
11825,https://blinkit.com/prn/x/prid/527597,https://www.jiomart.com/product/star-a-mother-s-choice-unpolished-green-moong-dal-chilka-moong-high-fiber-premium-quality-mjhfpy-67761999
11844,https://blinkit.com/prn/x/prid/32675,
11897,https://blinkit.com/prn/x/prid/415757,https://www.jiomart.com/p/groceries/hersheys-kisses-milk-chocolate-108-g/590033933
11899,https://blinkit.com/prn/x/prid/424204,https://www.jiomart.com/p/groceries/hershey-s-strawberry-syrup-200-g/491409952
11904,https://blinkit.com/prn/x/prid/402564,https://www.jiomart.com/p/groceries/hersheys-cookies-n-cream-kisses-33-g/590033929
11906,https://blinkit.com/prn/x/prid/400628,https://www.jiomart.com/p/groceries/hersheys-kisses-almond-100-g/590033931
11908,https://blinkit.com/prn/x/prid/449051,https://www.jiomart.com/p/groceries/hershey-s-cocoa-spread-with-almond-350-g/491409951
11909,https://blinkit.com/prn/x/prid/449051,https://www.jiomart.com/p/groceries/hershey-s-cocoa-spreads-150-g/593562758
11947,https://blinkit.com/prn/x/prid/74491,https://www.jiomart.com/product/patanjali-dant-kanti-natural-toothpaste-100-g-mffn2o-7526391
11949,https://blinkit.com/prn/x/prid/264818,https://www.jiomart.com/p/groceries/veet-silk-fresh-hair-removal-cream-sensitive-skin-50-g/596769110
11957,https://blinkit.com/prn/x/prid/482995,
11984,https://blinkit.com/prn/x/prid/363331,https://www.jiomart.com/p/wellness/dettol-original-liquid-handwash-buy-2-get-1-free-175-ml/608294565
11986,https://blinkit.com/prn/x/prid/410621,https://www.jiomart.com/p/groceries/unibic-choco-chip-cookies-75-g/490012569
11987,https://blinkit.com/prn/x/prid/410622,https://www.jiomart.com/p/groceries/unibic-fruit-and-nut-cookies-150-g/593572738
11989,https://blinkit.com/prn/x/prid/193072,https://www.jiomart.com/p/groceries/sensodyne-repair-protect-toothpaste-70-g/491053382
1199,https://blinkit.com/prn/x/prid/18798,https://www.jiomart.com/p/groceries/dove-hair-therapy-dryness-care-promoisture-complex-shampoo-340-ml/490188716
11994,https://blinkit.com/prn/x/prid/429754,
11997,https://blinkit.com/prn/x/prid/254597,https://www.jiomart.com/product/vim-lemon-concentrated-dishwash-gel-130-ml-mffmzt-7520237
12013,https://blinkit.com/prn/x/prid/525,https://www.jiomart.com/p/groceries/parle-hide-seek-caffe-mocha-cookies-120-g/491062931
12022,https://blinkit.com/prn/x/prid/33354,https://www.jiomart.com/product/bisk-farm-marie-biscuits-280-g-mffmw4-7512352
12024,https://blinkit.com/prn/x/prid/133389,https://www.jiomart.com/p/groceries/faber-castell-multicolor-connector-pens-25-pcs-2-super-connectors/607520513
12025,https://blinkit.com/prn/x/prid/480529,https://www.jiomart.com/p/groceries/faber-castell-multicolor-connector-pens-25-pcs-2-super-connectors/607520513
12037,https://blinkit.com/prn/x/prid/641790,https://www.jiomart.com/p/groceries/faber-castell-drawing-book/603699844
12043,https://blinkit.com/prn/x/prid/552457,
12044,https://blinkit.com/prn/x/prid/149695,https://www.jiomart.com/p/groceries/faber-castell-assorted-synthetic-hair-round-tri-grip-paint-brush-size-0-2-4-6-set-of-4/609400681
12066,https://blinkit.com/prn/x/prid/155878,https://www.jiomart.com/p/groceries/faber-castell-assorted-textliner-classic-pen-colour-5n/607791651
12090,https://blinkit.com/prn/x/prid/360090,https://www.jiomart.com/p/groceries/saffola-gold-rice-bran-and-corn-based-blended-oil-5-l/592732840
12138,https://blinkit.com/prn/x/prid/11251,https://www.jiomart.com/p/groceries/jiocatalog14/594398373
12171,https://blinkit.com/prn/x/prid/400139,
1218,https://blinkit.com/prn/x/prid/505202,https://www.jiomart.com/p/groceries/engage-w2-perfume-spray-for-women-floral-and-fruity-skin-friendly-120ml/602472421
12205,https://blinkit.com/prn/x/prid/963,https://www.jiomart.com/p/groceries/listerine-cool-mint-mouthwash-250-ml/490823635
12258,https://blinkit.com/prn/x/prid/108927,https://www.jiomart.com/p/groceries/top-ramen-curry-saucy-flat-instant-noodles-70-g/490000497
12297,https://blinkit.com/prn/x/prid/519110,
1230,https://blinkit.com/prn/x/prid/449053,https://www.jiomart.com/p/groceries/cadbury-five-star-oreo-milky-chocolate-42-g/603923055
12300,https://blinkit.com/prn/x/prid/452646,
12302,https://blinkit.com/prn/x/prid/560117,
12304,https://blinkit.com/prn/x/prid/452648,
12307,https://blinkit.com/prn/x/prid/634,https://www.jiomart.com/product/mothers-recipe-gujarati-gor-keri-pickle-200-g-mffmyg-7517297
1231,https://blinkit.com/prn/x/prid/91212,https://www.jiomart.com/p/groceries/bournvita-200-g/490000976
12317,https://blinkit.com/prn/x/prid/362524,https://www.jiomart.com/p/groceries/dukes-waffy-vanilla-wafer-biscuits-75-g/490006491
12318,https://blinkit.com/prn/x/prid/11067,https://www.jiomart.com/p/groceries/dukes-waffy-chocolate-flavoured-wafers-75-g/490006488
1232,https://blinkit.com/prn/x/prid/91212,https://www.jiomart.com/p/groceries/bournvita-500-g/490004172
12323,https://blinkit.com/prn/x/prid/278016,https://www.jiomart.com/p/groceries/dukes-waffy-strawberry-wafer-rolls-250-g/490870963
1234,https://blinkit.com/prn/x/prid/18646,https://www.jiomart.com/p/groceries/bournvita-75-g/490005185
12362,https://blinkit.com/prn/x/prid/526248,https://www.jiomart.com/product/ahaar-500gm-black-masoor-dal-mi8sl0-19285813
1237,https://blinkit.com/prn/x/prid/391905,https://www.jiomart.com/product/cadbury-dairy-milk-mini-treats-98-g-mherl4-7748535
12386,https://blinkit.com/prn/x/prid/18927,https://www.jiomart.com/p/groceries/dabur-gulabari-premium-rose-water-59-ml/490004835
12388,https://blinkit.com/prn/x/prid/7,https://www.jiomart.com/product/aashirvaad-select-sharbati-wheat-atta-5-kg-mffn0g-7521740
1241,https://blinkit.com/prn/x/prid/369094,https://www.jiomart.com/p/groceries/cadbury-celebrations-chocolate-64-g/491227606
12411,https://blinkit.com/prn/x/prid/410622,https://www.jiomart.com/p/groceries/unibic-fruit-nut-cookies-500-g/491582190
12422,https://blinkit.com/prn/x/prid/422821,https://www.jiomart.com/p/groceries/lifebuoy-total-10-soap-125-g-pack-of-4/490258847
12431,https://blinkit.com/prn/x/prid/83117,https://www.jiomart.com/p/groceries/milkybar-chocolate-25-g/590110062
1244,https://blinkit.com/prn/x/prid/425306,https://www.jiomart.com/product/cadbury-five-star-chocolate-18-g-milckz-31048315
1245,https://blinkit.com/prn/x/prid/409619,https://www.jiomart.com/p/groceries/cadbury-chocobakes-chocofilled-cookies-300-g/593228586
12451,https://blinkit.com/prn/x/prid/11713,https://www.jiomart.com/product/odonil-jasmine-mist-air-freshener-block-48-g-mffnbp-7546039
1246,https://blinkit.com/prn/x/prid/440219,https://www.jiomart.com/product/cadbury-dairy-milk-crispello-chocolate-bar-35-g-mffmv1-7510006
12463,https://blinkit.com/prn/x/prid/10607,https://www.jiomart.com/product/parachute-100-pure-coconut-hair-oil-200-ml-mffn83-7538263
12469,https://blinkit.com/prn/x/prid/146296,https://www.jiomart.com/p/groceries/faber-castell-oil-pastel-set-pack-of-15-assorted/603974968
1248,https://blinkit.com/prn/x/prid/313400,https://www.jiomart.com/product/cadbury-dairy-milk-crackle-chocolate-bar-36-g-mffmst-7505375
1249,https://blinkit.com/prn/x/prid/86668,https://www.jiomart.com/product/cadbury-dairy-milk-chocolate-bar-11-g-mffn14-7523172
12495,https://blinkit.com/prn/x/prid/396907,https://www.jiomart.com/p/groceries/lifebuoy-mild-care-handwash-refill-750-ml/491570194
12508,https://blinkit.com/prn/x/prid/211432,https://www.jiomart.com/p/groceries/mountain-dew-750-ml/491349790
12509,https://blinkit.com/prn/x/prid/457902,
1251,https://blinkit.com/prn/x/prid/544,https://www.jiomart.com/product/cadbury-dairy-milk-crackle-chocolate-bar-36-g-mffmst-7505375
12513,https://blinkit.com/prn/x/prid/146296,https://www.jiomart.com/p/groceries/faber-castell-oil-pastels-pack-of-50/605765718
12523,https://blinkit.com/prn/x/prid/383362,
12528,https://blinkit.com/prn/x/prid/482112,https://www.jiomart.com/p/groceries/mayora-malkist-cheese-flavoured-crackers-138-g/590126712
12532,https://blinkit.com/prn/x/prid/485418,https://www.jiomart.com/p/groceries/stayfree-secure-nights-cottony-soft-comfort-sanitary-napkin-6-pads/590361093
1254,https://blinkit.com/prn/x/prid/542,https://www.jiomart.com/product/cadbury-dairy-milk-roast-almond-chocolate-bar-36-g-mffmwc-7512847
12542,https://blinkit.com/prn/x/prid/394301,https://www.jiomart.com/p/groceries/ferrero-rocher-chocolate-balls-200-g/590109995
1255,https://blinkit.com/prn/x/prid/81081,https://www.jiomart.com/p/groceries/cadbury-dairy-milk-silk-bubbly-chocolate-bar-120-g/491213889
12566,https://blinkit.com/prn/x/prid/156105,https://www.jiomart.com/p/groceries/cadbury-temptations-rum-raisins-chocolate-bar-72-g/490992522
12569,https://blinkit.com/prn/x/prid/605834,
12585,https://blinkit.com/prn/x/prid/524929,https://www.jiomart.com/product/streax-insta-shampoo-hair-colour-for-women-and-men-natural-black-18-ml-mffmxl-7515457
1261,https://blinkit.com/prn/x/prid/437645,https://www.jiomart.com/p/groceries/cadbury-dairy-milk-silk-mousse-small-bar-50-g/591923843
12614,https://blinkit.com/prn/x/prid/452656,
12622,https://blinkit.com/prn/x/prid/596090,https://www.jiomart.com/p/groceries/mamypoko-pants-all-night-absorb-coco-care-12hr-leakage-protection-m-46-count/612716717
12628,https://blinkit.com/prn/x/prid/640388,https://www.jiomart.com/p/groceries/wild-stone-body-perfume-120-ml/590105571
12641,https://blinkit.com/prn/x/prid/520199,https://www.jiomart.com/p/groceries/tide-blue-lemon-mint-detergent-bar-200-g-pack-of-5/590639715
12643,https://blinkit.com/prn/x/prid/34701,https://www.jiomart.com/p/groceries/pitambari-shining-powder-150g/596645868
1268,https://blinkit.com/prn/x/prid/391812,https://www.jiomart.com/product/cadbury-dairy-milk-chocolate-bar-family-pack-112-g-milclc-31049446
1269,https://blinkit.com/prn/x/prid/545,https://www.jiomart.com/p/groceries/cadbury-dairy-milk-silk-chocolate-bar-60-g/490659553
1270,https://blinkit.com/prn/x/prid/336631,https://www.jiomart.com/product/cadbury-fuse-chocolate-bar-21-g-mffn63-7533864
1271,https://blinkit.com/prn/x/prid/34422,https://www.jiomart.com/product/cadbury-nutties-30-g-mffn5n-7532878
1272,https://blinkit.com/prn/x/prid/26059,https://www.jiomart.com/p/groceries/cadbury-oreo-choco-creme-biscuits-300-g/590313090
1273,https://blinkit.com/prn/x/prid/331906,https://www.jiomart.com/product/cadbury-oreo-pokemon-choco-cream-biscuit-4175-g-mffmu2-7508025
12740,https://blinkit.com/prn/x/prid/30784,https://www.jiomart.com/p/groceries/himalaya-oil-clear-lemon-face-wash-50-ml/490003372
12786,https://blinkit.com/prn/x/prid/11416,https://www.jiomart.com/p/wellness/nestle-nan-pro-1-upto-6-months-powder-400-gm-refill-pack/607840497
1279,https://blinkit.com/prn/x/prid/672173,https://www.jiomart.com/p/groceries/catch-black-salt-sprinkler-200-g/490000163
12807,https://blinkit.com/prn/x/prid/335452,https://www.jiomart.com/p/groceries/horlicks-classic-malt-1-kg/491200882
12825,https://blinkit.com/prn/x/prid/220611,https://www.jiomart.com/p/groceries/dabur-honey-400-g-buy-1-get-1/490016444
12833,https://blinkit.com/prn/x/prid/10529,https://www.jiomart.com/product/maharastra-chaha-special-tea-1-kg-500-grams-jar-pack-of-2-mi8sk5-19285331
12844,https://blinkit.com/prn/x/prid/116598,
12848,https://blinkit.com/prn/x/prid/400133,https://www.jiomart.com/p/groceries/whisper-ultra-nights-sanitary-napkin-with-wings-xxxl-10-pads/491581059
12852,https://blinkit.com/prn/x/prid/871,https://www.jiomart.com/p/groceries/dove-nutritive-solutions-intense-repair-shampoo-340-ml/490188715
12854,https://blinkit.com/prn/x/prid/11008,https://www.jiomart.com/p/groceries/horlicks-lite-regular-malt-450-g/490005075
12864,https://blinkit.com/prn/x/prid/22434,https://www.jiomart.com/p/groceries/l-oreal-paris-excellence-cr-me-hair-colour-black-1-72-ml-100-g/490115714
1287,https://blinkit.com/prn/x/prid/480487,https://www.jiomart.com/p/groceries/catch-ginger-paste-100-g/593580497
12870,https://blinkit.com/prn/x/prid/390174,https://www.jiomart.com/p/groceries/lion-desert-king-seeded-dates-500-g/490017606
12871,https://blinkit.com/prn/x/prid/36104,https://www.jiomart.com/p/groceries/hershey-s-natural-unsweetened-cocoa-powder-225-g/491126668
12872,https://blinkit.com/prn/x/prid/81894,https://www.jiomart.com/product/comfort-after-wash-lily-fresh-fabric-conditioner-860-ml-mj6qnu-49792477
12874,https://blinkit.com/prn/x/prid/19333,https://www.jiomart.com/p/groceries/tide-plus-jasmine-rose-detergent-powder-2-kg/490008487
12875,https://blinkit.com/prn/x/prid/567576,
12888,https://blinkit.com/prn/x/prid/82224,https://www.jiomart.com/product/saffola-active-pro-rice-bran-oil-850-g-mffmzo-7519512
12903,https://blinkit.com/prn/x/prid/27696,https://www.jiomart.com/p/groceries/lion-arabian-seeded-dates-500-g-50-off-on-1-unit/491215550
12906,https://blinkit.com/prn/x/prid/443266,https://www.jiomart.com/p/groceries/nivea-men-deep-impact-freshness-roll-on-deodorant-for-men-50-ml/590087171
12916,https://blinkit.com/prn/x/prid/109135,https://www.jiomart.com/product/emami-healthy-tasty-ultra-lite-refined-soyabean-oil-825-g-mffms5-7503362
12917,https://blinkit.com/prn/x/prid/906,https://www.jiomart.com/p/groceries/dove-hair-therapy-fall-rescue-conditioner-with-nutrilock-actives-180-ml/590106379
12919,https://blinkit.com/prn/x/prid/907,
12922,https://blinkit.com/prn/x/prid/321412,
1293,https://blinkit.com/prn/x/prid/10902,https://www.jiomart.com/p/groceries/catch-kashmiri-mirch-powder-100-g/490006715
12939,https://blinkit.com/prn/x/prid/145130,https://www.jiomart.com/p/groceries/safed-detergent-powder-2-kg/491076512
12945,https://blinkit.com/prn/x/prid/35319,https://www.jiomart.com/p/groceries/everest-saffron-kesar-1-gm-each-pack-of-10-10gm/599997835
12946,https://blinkit.com/prn/x/prid/25405,https://www.jiomart.com/p/homeimprovement/gala-set-of-sponge-wipe-sponge-wipe-regular-pack-of-3/600161393
12963,https://blinkit.com/prn/x/prid/71098,https://www.jiomart.com/product/dove-nutritive-solutions-daily-shine-nutritive-serum-shampoo-180-ml-mffmxe-7515045
12968,https://blinkit.com/prn/x/prid/52768,https://www.jiomart.com/p/groceries/garnier-light-complete-white-speed-pure-lemon-essence-fairness-face-wash-100-g/490004732
12970,https://blinkit.com/prn/x/prid/691457,https://www.jiomart.com/p/groceries/gubb-metal-tongue-cleaner/590113684
12986,https://blinkit.com/prn/x/prid/91039,https://www.jiomart.com/p/groceries/maggi-rich-tomato-ketchup-1-kg/490000489
12991,https://blinkit.com/prn/x/prid/17149,https://www.jiomart.com/p/groceries/haldiram-s-nagpur-bhujia-sev-350-g/490007673
13001,https://blinkit.com/prn/x/prid/480365,https://www.jiomart.com/p/groceries/catch-premium-pink-rock-salt-1-kg/593641641
13003,https://blinkit.com/prn/x/prid/438930,
1302,https://blinkit.com/prn/x/prid/21621,https://www.jiomart.com/p/groceries/catch-coriander-powder-100-g/490005433
13035,https://blinkit.com/prn/x/prid/35771,https://www.jiomart.com/p/groceries/fortune-premium-khachi-ghani-pure-mustard-oil-1-l/490008024
13039,https://blinkit.com/prn/x/prid/626,
13047,https://blinkit.com/prn/x/prid/404,https://www.jiomart.com/product/vim-lemon-dishwash-liquid-gel-500-ml-mffn72-7536026
13050,https://blinkit.com/prn/x/prid/480573,https://www.jiomart.com/p/groceries/ching-s-secret-veg-hakka-noodles-600-g/590113006
13052,https://blinkit.com/prn/x/prid/35913,https://www.jiomart.com/p/groceries/gits-khaman-dhokla-mix-500-g/490005301
13057,https://blinkit.com/prn/x/prid/526171,https://www.jiomart.com/p/groceries/tata-sampann-kabuli-chana-500-g/590322110
13058,https://blinkit.com/prn/x/prid/632512,https://www.jiomart.com/product/clinic-plus-strong-thick-almond-oil-health-shampoo-175-ml-mffmuy-7509820
13064,https://blinkit.com/prn/x/prid/427120,https://www.jiomart.com/p/groceries/bambino-roasted-vermicelli-900-g-pouch/490006630
13067,https://blinkit.com/prn/x/prid/512223,https://www.jiomart.com/p/groceries/gubb-copper-tongue-cleaner-scraper-round/590113683
1307,https://blinkit.com/prn/x/prid/10899,https://www.jiomart.com/p/groceries/catch-turmeric-powder-100-g/490005434
13086,https://blinkit.com/prn/x/prid/305650,https://www.jiomart.com/product/tata-sampann-unpolished-moong-dal-500-g-mffn9t-7541911
13088,https://blinkit.com/prn/x/prid/481761,https://www.jiomart.com/p/groceries/bambino-soan-papdi-badam-flavour-200g-pack-of-3/591566541
13091,https://blinkit.com/prn/x/prid/907,
13103,https://blinkit.com/prn/x/prid/661285,https://www.jiomart.com/p/groceries/pramod-khasta-400-g/607530606
13147,https://blinkit.com/prn/x/prid/15557,
13228,https://blinkit.com/prn/x/prid/32496,https://www.jiomart.com/p/groceries/dabur-anardana-hajmola-120-pcs/491168269
13231,https://blinkit.com/prn/x/prid/33238,https://www.jiomart.com/p/groceries/bambino-popular-vermicelli-400-g/490003974
13232,https://blinkit.com/prn/x/prid/122263,https://www.jiomart.com/p/groceries/britannia-nutrichoice-hi-fibre-digestive-biscuits-100-g/490007701
13235,https://blinkit.com/prn/x/prid/81080,https://www.jiomart.com/p/groceries/dabur-pudina-hajmola-120-pcs/491335641
13239,https://blinkit.com/prn/x/prid/41707,https://www.jiomart.com/p/groceries/vaseline-original-pure-skin-jelly-20-g/591017030
13246,https://blinkit.com/prn/x/prid/556443,
13259,https://blinkit.com/prn/x/prid/529113,https://www.jiomart.com/p/groceries/patanjali-classic-instant-atta-noodles-60-g/590113014
1326,https://blinkit.com/prn/x/prid/11392,https://www.jiomart.com/p/groceries/clean-clear-foaming-face-wash-100-ml/490402996
1327,https://blinkit.com/prn/x/prid/34724,https://www.jiomart.com/product/clean-clear-foaming-face-wash-50-ml-mnzl6a-79913800
13272,https://blinkit.com/prn/x/prid/480107,https://www.jiomart.com/product/fortune-chana-sattu-500-g-mffmv8-7510444
13273,https://blinkit.com/prn/x/prid/480106,https://www.jiomart.com/product/fortune-maida-refined-wheat-flour-500-g-mffmup-7509281
13277,https://blinkit.com/prn/x/prid/336631,https://www.jiomart.com/p/groceries/cadbury-fuse-chocolate-bar-50-g/491297817
1328,https://blinkit.com/prn/x/prid/11391,
13290,https://blinkit.com/prn/x/prid/23803,https://www.jiomart.com/product/cinthol-original-deodorant-complexion-soap-100-g-mffn7j-7537065
1330,https://blinkit.com/prn/x/prid/11392,https://www.jiomart.com/p/groceries/clean-clear-foaming-face-wash-150-ml/491000010
13302,https://blinkit.com/prn/x/prid/59822,https://www.jiomart.com/product/ganesh-rawa-500-g-mffn3j-7528112
13312,https://blinkit.com/prn/x/prid/422972,https://www.jiomart.com/product/weikfield-baking-soda-100-g-mffmy5-7516667
13314,https://blinkit.com/prn/x/prid/153798,https://www.jiomart.com/p/groceries/ganesh-maida-500-g/490064859
13318,https://blinkit.com/prn/x/prid/11186,https://www.jiomart.com/p/groceries/catch-jeera-powder-50-g/490870022
1332,https://blinkit.com/prn/x/prid/105455,https://www.jiomart.com/product/clinic-plus-strong-long-health-shampoo-175-ml-mffmzr-7519971
13320,https://blinkit.com/prn/x/prid/427120,https://www.jiomart.com/p/groceries/bambino-roasted-vermicelli-200-g-pouch/490006629
13332,https://blinkit.com/prn/x/prid/580,https://www.jiomart.com/p/groceries/bingo-tomato-madness-mad-angles-80-g/490115583
13339,https://blinkit.com/prn/x/prid/67346,https://www.jiomart.com/product/bingo-masala-mad-angles-60-g-mffmy2-7516451
13365,https://blinkit.com/prn/x/prid/17571,https://www.jiomart.com/p/groceries/fortune-soya-wadi-chunks-1-kg/491161236
13368,https://blinkit.com/prn/x/prid/33237,
13376,https://blinkit.com/prn/x/prid/35388,https://www.jiomart.com/p/groceries/haldiram-n-lite-chiwda-50-g/609662226
13378,https://blinkit.com/prn/x/prid/19250,
13419,https://blinkit.com/prn/x/prid/132885,
1342,https://blinkit.com/prn/x/prid/564354,https://www.jiomart.com/product/coca-cola-250-ml-mffn39-7527571
1344,https://blinkit.com/prn/x/prid/283,https://www.jiomart.com/product/coca-cola-750-ml-mffmts-7507450
13447,https://blinkit.com/prn/x/prid/486004,https://www.jiomart.com/p/groceries/haldiram-s-nagpur-taste-of-tradition-khatta-meetha-indian-snacks-200-g-20-g-10-extra/607928779
13458,https://blinkit.com/prn/x/prid/366977,https://www.jiomart.com/p/groceries/ambi-pur-car-aqua-car-freshener-starter-kit-refill-7-5-ml/491348949
1346,https://blinkit.com/prn/x/prid/969,https://www.jiomart.com/product/colgate-strong-teeth-dental-cream-toothpaste-100-g-mffn2y-7526930
13461,https://blinkit.com/prn/x/prid/107812,
13516,https://blinkit.com/prn/x/prid/35718,https://www.jiomart.com/p/groceries/fena-superwash-rose-chandan-detergent-powder-1-kg/491210782
1353,https://blinkit.com/prn/x/prid/23816,https://www.jiomart.com/product/colgate-max-fresh-spicy-fresh-red-gel-anticavity-toothpaste-150-g-mffn6h-7534696
1354,https://blinkit.com/prn/x/prid/21566,https://www.jiomart.com/p/groceries/colgate-plax-peppermint-fresh-mouthwash-250-ml/490612714
1355,https://blinkit.com/prn/x/prid/19195,https://www.jiomart.com/p/groceries/colgate-strong-teeth-dental-cream-toothpaste-48-g/490002197
13569,https://blinkit.com/prn/x/prid/460098,https://www.jiomart.com/product/lux-freesia-scent-aloe-vera-body-wash-245ml-mffn3s-7528646
13570,https://blinkit.com/prn/x/prid/463266,https://www.jiomart.com/product/lux-black-orchid-scent-juniper-oil-body-wash-245-ml-mffmxs-7515903
1362,https://blinkit.com/prn/x/prid/42879,https://www.jiomart.com/p/groceries/colgate-cibaca-toothpaste-175-g/490002207
13620,https://blinkit.com/prn/x/prid/320666,https://www.jiomart.com/p/groceries/harpic-lemon-disinfectant-bathroom-cleaner-1-l/491299500
1363,https://blinkit.com/prn/x/prid/19192,https://www.jiomart.com/product/colgate-strong-teeth-dental-cream-toothpaste-200-g-mffmwk-7513267
13633,https://blinkit.com/prn/x/prid/18558,https://www.jiomart.com/p/groceries/surf-excel-quick-wash-detergent-powder-1-kg/490003777
13639,https://blinkit.com/prn/x/prid/45750,https://www.jiomart.com/p/groceries/comfort-after-wash-lily-fresh-fabric-conditioner-860-ml/490415503
13646,https://blinkit.com/prn/x/prid/25655,https://www.jiomart.com/p/groceries/hit-anti-roach-gel/491021527
13654,https://blinkit.com/prn/x/prid/403253,
1366,https://blinkit.com/prn/x/prid/18899,https://www.jiomart.com/p/groceries/colgate-herbal-toothpaste-200-g/490002210
13664,https://blinkit.com/prn/x/prid/25486,https://www.jiomart.com/p/groceries/amul-pure-ghee-500-ml-jar/590114683
1367,https://blinkit.com/prn/x/prid/45750,https://www.jiomart.com/product/comfort-after-wash-lily-fresh-fabric-conditioner-210-ml-mj6qnu-49792510
1368,https://blinkit.com/prn/x/prid/19581,https://www.jiomart.com/p/groceries/comfort-after-wash-morning-fresh-fabric-conditioner-220-ml/490225938
13697,https://blinkit.com/prn/x/prid/596078,
13702,https://blinkit.com/prn/x/prid/432778,https://www.jiomart.com/p/groceries/lay-s-american-style-cream-n-onion-chips-78-g/590122121
13705,https://blinkit.com/prn/x/prid/432775,https://www.jiomart.com/p/groceries/lay-s-magic-masala-chips-78-g/590122120
13706,https://blinkit.com/prn/x/prid/20227,https://www.jiomart.com/p/groceries/whisper-ultra-soft-sanitary-napkin-with-wings-xl-15-pads/491319941
1371,https://blinkit.com/prn/x/prid/10506,https://www.jiomart.com/p/groceries/complan-royal-chocolate-500-g/490004171
13725,https://blinkit.com/prn/x/prid/445815,https://www.jiomart.com/p/groceries/dove-cream-beauty-bathing-bar-125-g-pack-of-3/590287497
1373,https://blinkit.com/prn/x/prid/10509,https://www.jiomart.com/p/groceries/complan-kesar-badam-400-g/590086934
13737,https://blinkit.com/prn/x/prid/873,https://www.jiomart.com/p/groceries/dove-hair-therapy-hair-fall-rescue-shampoo-340-ml/490523630
13751,https://blinkit.com/prn/x/prid/42002,https://www.jiomart.com/p/groceries/anik-ghee-200-ml-carton/490016468
13756,https://blinkit.com/prn/x/prid/601395,
13793,https://blinkit.com/prn/x/prid/531231,
1389,https://blinkit.com/prn/x/prid/130575,https://www.jiomart.com/p/groceries/cycle-eco-handcrafted-agarbatti-250-g/490012690
13905,https://blinkit.com/prn/x/prid/57903,https://www.jiomart.com/product/tata-sampann-unpolished-moong-dal-500-g-mffn9t-7541911
13906,https://blinkit.com/prn/x/prid/39489,https://www.jiomart.com/product/tata-sampann-unpolished-chana-dal-500-g-mffmzt-7520252
13919,https://blinkit.com/prn/x/prid/55576,https://www.jiomart.com/p/groceries/catch-turmeric-powder-100-g/490005434
1392,https://blinkit.com/prn/x/prid/554954,https://www.jiomart.com/p/homeandkitchen/cycle-naivedya-cup-sambrani-dhoop-loban-guggal-for-daily-puja-4-packs-with-12-cups-in-each/594438318
13922,https://blinkit.com/prn/x/prid/492462,https://www.jiomart.com/p/groceries/unibic-snappers-cream-n-onion-potato-crackers-75-g-pack-of-4/591041788
13923,https://blinkit.com/prn/x/prid/529174,https://www.jiomart.com/p/groceries/unibic-snappers-indi-spice-potato-crackers-75-g-pack-of-4/591041787
13962,https://blinkit.com/prn/x/prid/68,
13964,https://blinkit.com/prn/x/prid/58,
13989,https://blinkit.com/prn/x/prid/440219,https://www.jiomart.com/product/cadbury-dairy-milk-chocolate-bar-11-g-mffn14-7523172
14018,https://blinkit.com/prn/x/prid/52634,https://www.jiomart.com/p/groceries/haldiram-s-nagpur-mixture-350-g/490009367
1405,https://blinkit.com/prn/x/prid/10729,https://www.jiomart.com/p/groceries/dabur-honey-250-g-get-50-g-extra/490012809
14056,https://blinkit.com/prn/x/prid/390998,https://www.jiomart.com/product/saffola-veggie-twist-instant-masala-oats-38-g-mffmzt-7520270
1406,https://blinkit.com/prn/x/prid/17680,https://www.jiomart.com/product/dabur-honey-100-pure-500-gm-500-gm-x-2-pack-of-2-worlds-no1-honey-brand-with-no-sugar-adulteration-mi8td2-19299612
14062,https://blinkit.com/prn/x/prid/371844,https://www.jiomart.com/p/groceries/sunfeast-yippee-mood-masala-instant-noodles-65-g-pouch/491337396
14077,https://blinkit.com/prn/x/prid/248000,https://www.jiomart.com/product/cadbury-dairy-milk-crackle-chocolate-bar-36-g-mffmst-7505375
14083,https://blinkit.com/prn/x/prid/35373,https://www.jiomart.com/product/bingo-masala-mad-angles-60-g-mffmy2-7516451
14126,https://blinkit.com/prn/x/prid/547242,https://www.jiomart.com/p/groceries/sunrise-pure-jeera-50-g/590961040
14129,https://blinkit.com/prn/x/prid/25790,https://www.jiomart.com/p/groceries/lifebuoy-lemon-fresh-soap-125-g/491112834
14135,https://blinkit.com/prn/x/prid/493158,https://www.jiomart.com/p/groceries/sunrise-pure-jeera-powder-50-g/590961041
1421,https://blinkit.com/prn/x/prid/34784,https://www.jiomart.com/p/groceries/dabur-lal-tail-200-ml/490004759
14220,https://blinkit.com/prn/x/prid/41808,https://www.jiomart.com/p/groceries/weikfield-strawberry-falooda-mix-200-g-pouch/491209061
14223,https://blinkit.com/prn/x/prid/15304,https://www.jiomart.com/p/groceries/unibic-choco-nut-cookies-75-g/490335851
1423,https://blinkit.com/prn/x/prid/25118,https://www.jiomart.com/p/groceries/dabur-chyawanprakash-sugarfree-900-g/590120508
14235,https://blinkit.com/prn/x/prid/519587,https://www.jiomart.com/p/groceries/unibic-strawberry-yummy-wafers-30-g/612145538
14237,https://blinkit.com/prn/x/prid/15302,https://www.jiomart.com/p/groceries/unibic-cashew-butter-cookies-75-g/491085700
14249,https://blinkit.com/prn/x/prid/375556,https://www.jiomart.com/p/groceries/haldiram-s-prabhuji-khatta-mitha-200-g/491391859
14252,https://blinkit.com/prn/x/prid/108719,
14254,https://blinkit.com/prn/x/prid/342840,https://www.jiomart.com/p/wellness/patanjali-body-cleanser-aloevera-kanti-pack-of-4-x-75-gm/608310638
1426,https://blinkit.com/prn/x/prid/17680,https://www.jiomart.com/p/groceries/dabur-chyawanprash-with-awaleha-500-g-50-g/590315623
1427,https://blinkit.com/prn/x/prid/10796,https://www.jiomart.com/p/groceries/dabur-chyawanprakash-sugarfree-500-g/590120507
14320,https://blinkit.com/prn/x/prid/60774,https://www.jiomart.com/product/patanjali-kesh-kanti-aloe-vera-hair-cleanser-180-ml-mffmwc-7512843
14325,https://blinkit.com/prn/x/prid/380978,https://www.jiomart.com/p/groceries/santoor-classic-sandalwood-tulsi-gentle-hand-wash-180-ml-buy-1-get-1-free/590333748
14368,https://blinkit.com/prn/x/prid/10624,https://www.jiomart.com/p/groceries/parachute-advansed-jasmine-non-sticky-coconut-hair-oil-190-ml-free-45-ml/490002114
1437,https://blinkit.com/prn/x/prid/18927,https://www.jiomart.com/p/groceries/dabur-gulabari-premium-rose-water-250-ml/590106282
14383,https://blinkit.com/prn/x/prid/395043,https://www.jiomart.com/p/groceries/stayfree-all-night-ultra-dry-max-sanitary-napkin-with-wings-xl-42-pads/491487024
14421,https://blinkit.com/prn/x/prid/77394,https://www.jiomart.com/p/groceries/nivea-pearl-beauty-roll-on-deodorant-for-women-25-ml/590813644
14426,https://blinkit.com/prn/x/prid/53308,https://www.jiomart.com/product/vim-lemon-dishwash-liquid-gel-500-ml-mffn72-7536026
1443,https://blinkit.com/prn/x/prid/18927,https://www.jiomart.com/p/groceries/dabur-gulabari-premium-rose-water-400-ml/605327937
14440,https://blinkit.com/prn/x/prid/475705,https://www.jiomart.com/product/on1y-pasta-seasoning-30-g-mieew9-24066076
14452,https://blinkit.com/prn/x/prid/380978,https://www.jiomart.com/product/santoor-classic-gentle-hand-wash-650-ml-buy-1-get-1-free-mffmwf-7512989
14465,https://blinkit.com/prn/x/prid/485837,https://www.jiomart.com/p/groceries/fresh-wrap-combo-pack-2-pcs/590032810
14484,https://blinkit.com/prn/x/prid/10680,https://www.jiomart.com/p/groceries/vicco-vajradanti-ayurvedic-toothpaste-200-g/490199982
14507,https://blinkit.com/prn/x/prid/556421,
1451,https://blinkit.com/prn/x/prid/410824,https://www.jiomart.com/p/groceries/dabur-honey-squeezy-225-g/491502989
1453,https://blinkit.com/prn/x/prid/10730,
14539,https://blinkit.com/prn/x/prid/38059,https://www.jiomart.com/p/groceries/odonil-sandal-bouquet-room-freshener-spray-270-ml/490843706
1454,https://blinkit.com/prn/x/prid/17681,https://www.jiomart.com/product/dabur-red-toothpaste-100-g-mffn89-7538662
14546,https://blinkit.com/prn/x/prid/110274,https://www.jiomart.com/p/groceries/scotch-brite-premium-kitchen-towel-3-pcs-590008758/490680428
1455,https://blinkit.com/prn/x/prid/18926,
14558,https://blinkit.com/prn/x/prid/18575,https://www.jiomart.com/p/groceries/vim-lemon-concentrated-dishwash-gel-750-ml/490896732
1456,https://blinkit.com/prn/x/prid/149500,https://www.jiomart.com/product/dabur-lal-tail-ayurvedic-baby-oil-clinically-tested-2-x-faster-physical-growth100-ml-pack-of-2-mi7e4v-18151879
14560,https://blinkit.com/prn/x/prid/496473,https://www.jiomart.com/p/groceries/joy-skin-fruit-active-moisture-skin-cream-with-jojoba-almond-oil-200ml-50ml/590032372
14566,https://blinkit.com/prn/x/prid/524661,https://www.jiomart.com/p/groceries/figaro-olive-oil-100-ml-bottle/491337253
14570,https://blinkit.com/prn/x/prid/496474,https://www.jiomart.com/p/groceries/joy-honey-almonds-nourishing-skin-cream-200-ml/590087127
14580,https://blinkit.com/prn/x/prid/24689,https://www.jiomart.com/p/groceries/stayfree-all-night-ultra-dry-max-sanitary-napkin-with-wings-xl-42-pads/491487024
1464,https://blinkit.com/prn/x/prid/990,https://www.jiomart.com/p/groceries/dabur-pudin-hara-active-ayurvedic-syrup-30-ml/490701696
1467,https://blinkit.com/prn/x/prid/400929,https://www.jiomart.com/p/groceries/dabur-red-ayurvedic-gel-toothpaste-150-g/491334889
1468,https://blinkit.com/prn/x/prid/19592,https://www.jiomart.com/product/dabur-red-toothpaste-100-g-mffn89-7538662
14684,https://blinkit.com/prn/x/prid/21,https://www.jiomart.com/product/india-gate-classic-basmati-rice-1-kg-mffmrh-7502237
14691,https://blinkit.com/prn/x/prid/496479,https://www.jiomart.com/p/groceries/joy-pure-aloe-vera-multi-benefit-body-lotion-300-ml/491126425
14701,https://blinkit.com/prn/x/prid/110137,https://www.jiomart.com/p/groceries/surf-excel-matic-front-load-liquid-detergent-500-ml/491432533
1476,https://blinkit.com/prn/x/prid/25127,https://www.jiomart.com/product/dabur-sarson-amla-hair-oil-175-ml-mffmtx-7507703
1477,https://blinkit.com/prn/x/prid/25127,https://www.jiomart.com/p/groceries/dabur-sarson-amla-hair-oil-80-ml/590105774
14788,https://blinkit.com/prn/x/prid/120182,https://www.jiomart.com/p/groceries/nutella-hazelnut-spread-with-cocoa-12-35-oz-350g/609581174
1479,https://blinkit.com/prn/x/prid/35008,https://www.jiomart.com/p/groceries/dabur-sat-isabgol-100-g/491335644
1489,https://blinkit.com/prn/x/prid/678924,https://www.jiomart.com/product/denver-g-o-a-t-blackcode-deodorant-body-spray-for-men-150-ml-deodorants-men-mi8st1-19290785
1490,https://blinkit.com/prn/x/prid/626392,https://www.jiomart.com/p/groceries/denver-black-code-talcum-powder-300gm-each-pack-of-2-scented-talc-for-men-dermosys/608182152
1492,https://blinkit.com/prn/x/prid/42931,https://www.jiomart.com/product/denver-g-o-a-t-blackcode-deodorant-body-spray-for-men-150-ml-pack-of-3-mi8vmf-19365876
1497,https://blinkit.com/prn/x/prid/497875,https://www.jiomart.com/product/denver-g-o-a-t-blackcode-deodorant-body-spray-for-men-150-ml-pack-of-3-mi8vmf-19365876
1503,https://blinkit.com/prn/x/prid/10806,https://www.jiomart.com/p/groceries/dettol-antiseptic-liquid-125-ml/611839097
1504,https://blinkit.com/prn/x/prid/128940,
1505,https://blinkit.com/prn/x/prid/128940,https://www.jiomart.com/p/groceries/dettol-antiseptic-liquid-250-ml-btl/591072998
1506,https://blinkit.com/prn/x/prid/128940,https://www.jiomart.com/p/groceries/dettol-antiseptic-liquid-60-ml/611187853
1513,https://blinkit.com/prn/x/prid/270248,https://www.jiomart.com/p/groceries/dettol-original-soap-100-g-pack-of-4/608723144
1514,https://blinkit.com/prn/x/prid/19617,
1518,https://blinkit.com/prn/x/prid/44,https://www.jiomart.com/product/fortune-soya-health-refined-soybean-oil-750-g-mg0tdl-7651546
1544,https://blinkit.com/prn/x/prid/456143,
1550,https://blinkit.com/prn/x/prid/428849,
1551,https://blinkit.com/prn/x/prid/456143,https://www.jiomart.com/p/groceries/doms-zoom-triangle-pencils-pack-of-10/490861545
1561,https://blinkit.com/prn/x/prid/18481,https://www.jiomart.com/product/dove-hair-therapy-hair-fall-rescue-conditioner-with-nutrilock-actives-75-ml-mffmyq-7517901
1562,https://blinkit.com/prn/x/prid/124472,https://www.jiomart.com/product/dove-cream-beauty-bathing-bar-100-g-mffn1z-7525019
15634,https://blinkit.com/prn/x/prid/522881,https://www.jiomart.com/p/groceries/sunrise-red-chilli-powder-50-g/590120619
15669,https://blinkit.com/prn/x/prid/442668,https://www.jiomart.com/p/groceries/cadbury-gems-mini-home-treat-142-2-g-pack-of-45/601932098
1570,https://blinkit.com/prn/x/prid/35215,https://www.jiomart.com/product/dove-nutritive-solutions-dandruff-care-zpto-micro-moisture-serum-shampoo-180-ml-mffn6a-7534294
15737,https://blinkit.com/prn/x/prid/518371,https://www.jiomart.com/p/groceries/whisper-choice-xl-sanitary-napkins-16-2-pads/591225832
15738,https://blinkit.com/prn/x/prid/148496,https://www.jiomart.com/p/groceries/whisper-choice-sanitary-napkin-with-wings-7-pads/490003858
15741,https://blinkit.com/prn/x/prid/108101,https://www.jiomart.com/p/groceries/nivea-soft-light-moisturiser-300-ml/490998044
1575,https://blinkit.com/prn/x/prid/25250,https://www.jiomart.com/p/groceries/dove-hair-therapy-intense-repair-keratin-actives-shampoo-180-ml/490059259
15769,https://blinkit.com/prn/x/prid/318,https://www.jiomart.com/product/bisleri-packaged-drinking-water-1-l-mmx6cl-75232735
1578,https://blinkit.com/prn/x/prid/874,https://www.jiomart.com/product/dove-nutritive-solutions-daily-shine-nutritive-serum-shampoo-180-ml-mffmxe-7515045
1584,https://blinkit.com/prn/x/prid/25357,https://www.jiomart.com/p/groceries/funfoods-thousand-island-eggless-sandwich-spread-300-g-pouch/490009581
15846,https://blinkit.com/prn/x/prid/114264,https://www.jiomart.com/p/groceries/surf-excel-detergent-bar-200-g-pack-of-4/490003812
15865,https://blinkit.com/prn/x/prid/101247,https://www.jiomart.com/product/tresemme-keratin-smooth-shampoo-340-ml-mffmzo-7519585
15882,https://blinkit.com/prn/x/prid/35388,https://www.jiomart.com/p/groceries/haldiram-s-nagpur-lite-chiwda-150-g/490842548
15899,https://blinkit.com/prn/x/prid/366866,https://www.jiomart.com/p/groceries/patanjali-classic-instant-atta-noodles-60-g/590113014
1591,https://blinkit.com/prn/x/prid/507442,https://www.jiomart.com/p/groceries/duracell-chhota-power-aa-battery-pack-of-10/596102629
15916,https://blinkit.com/prn/x/prid/396308,https://www.jiomart.com/p/groceries/britannia-treat-jim-jam-cream-biscuits-100-g/490005633
15941,https://blinkit.com/prn/x/prid/389163,
1595,https://blinkit.com/prn/x/prid/490264,
15950,https://blinkit.com/prn/x/prid/68167,https://www.jiomart.com/p/groceries/haldiram-s-prabhuji-all-in-one-mixture-200-g/491391860
15954,https://blinkit.com/prn/x/prid/68171,https://www.jiomart.com/p/groceries/haldiram-s-prabhuji-aloo-bhujia-200-g/490065628
15988,https://blinkit.com/prn/x/prid/60023,https://www.jiomart.com/p/groceries/mother-s-recipe-gujarati-gorkeri-pickle-350-g/590364574
15996,https://blinkit.com/prn/x/prid/25541,
16005,https://blinkit.com/prn/x/prid/38264,
1606,https://blinkit.com/prn/x/prid/11095,https://www.jiomart.com/product/odonil-jasmine-fresh-room-freshener-spray-220-ml-mffn3q-7528566
16068,https://blinkit.com/prn/x/prid/117512,https://www.jiomart.com/p/groceries/gillette-simply-venus-manual-shaving-cartridge-5-pcs/491601812
1611,https://blinkit.com/prn/x/prid/217447,https://www.jiomart.com/p/groceries/lakme-eyeconic-kajal-twin-0-35-g/490985943
1614,https://blinkit.com/prn/x/prid/108301,https://www.jiomart.com/product/aashirvaad-select-sharbati-wheat-atta-5-kg-mffn0g-7521740
1615,https://blinkit.com/prn/x/prid/333324,https://www.jiomart.com/p/groceries/aashirvaad-whole-wheat-atta-10-kg/490000041
1618,https://blinkit.com/prn/x/prid/37188,https://www.jiomart.com/p/groceries/nissin-mazedaar-masala-instant-cup-noodles-70-g/491173692
1619,https://blinkit.com/prn/x/prid/15410,
16216,https://blinkit.com/prn/x/prid/96077,https://www.jiomart.com/p/groceries/nivea-fresh-natural-deodorant-for-women-150-ml/490052703
16224,https://blinkit.com/prn/x/prid/390,https://www.jiomart.com/p/groceries/tide-plus-lemon-mint-detergent-powder-500-g/490003903
16232,https://blinkit.com/prn/x/prid/525531,https://www.jiomart.com/p/groceries/good-life-bay-leaf-25-g/491321964
16242,https://blinkit.com/prn/x/prid/532868,https://www.jiomart.com/p/groceries/mamypoko-pants-standard-all-night-s60-baby-diapers-small-60-count/609872055
16292,https://blinkit.com/prn/x/prid/10765,https://www.jiomart.com/p/groceries/wai-wai-123-veg-masala-flavoured-instant-noodles-70-g/490006749
16320,https://blinkit.com/prn/x/prid/63938,https://www.jiomart.com/p/groceries/colgate-anti-cavity-toothpowder-with-calcium-and-minerals-100-g/590087050
16419,https://blinkit.com/prn/x/prid/563065,
16429,https://blinkit.com/prn/x/prid/655634,https://www.jiomart.com/p/groceries/sunrise-chana-masala-50-g/590120614
16562,https://blinkit.com/prn/x/prid/25678,https://www.jiomart.com/p/groceries/haldiram-nagpur-punjabi-papad-200-g/611974958
16607,https://blinkit.com/prn/x/prid/11107,https://www.jiomart.com/p/groceries/parle-krack-jack-sweet-salty-biscuits-352-8-g/611312160
16612,https://blinkit.com/prn/x/prid/198423,https://www.jiomart.com/p/groceries/wai-wai-masala-delight-x-press-instant-noodles-super-saver-pack-420-g/491187372
16621,https://blinkit.com/prn/x/prid/279396,https://www.jiomart.com/product/tata-sampann-unpolished-chana-dal-500-g-mffmzt-7520252
16810,https://blinkit.com/prn/x/prid/543190,https://www.jiomart.com/p/groceries/patanjali-kesh-kanti-milk-protein-shampoo-200-ml/491061080
16818,https://blinkit.com/prn/x/prid/366795,https://www.jiomart.com/p/groceries/wai-wai-masala-delight-x-press-instant-noodles-60-g/490818663
16840,https://blinkit.com/prn/x/prid/475701,https://www.jiomart.com/product/on1y-chilli-flakes-34-g-milcl4-31048862
16868,https://blinkit.com/prn/x/prid/440086,https://www.jiomart.com/p/groceries/sunfeast-dark-fantasy-choco-chip-biscuits-350-g/590126857
16921,https://blinkit.com/prn/x/prid/232160,https://www.jiomart.com/p/groceries/britannia-good-day-cashew-cookies-600-g/491161888
16930,https://blinkit.com/prn/x/prid/496480,https://www.jiomart.com/p/groceries/joy-pure-neem-skin-purifying-face-wash-100-ml/590032376
17032,https://blinkit.com/prn/x/prid/417402,https://www.jiomart.com/p/groceries/dabur-meswak-complete-oral-care-toothpaste-300g/610689506
17046,https://blinkit.com/prn/x/prid/342234,https://www.jiomart.com/p/groceries/godrej-aer-power-pocket-bathroom-freshener-assorted-pack-of-3-30g-lasts-up-to-30-days-germ-protection/611512845
17154,https://blinkit.com/prn/x/prid/131475,https://www.jiomart.com/p/groceries/nivea-men-fresh-active-roll-on-deodorant-50-ml/490162338
17405,https://blinkit.com/prn/x/prid/25296,https://www.jiomart.com/p/groceries/fanta-orange-750-ml/491085933
17425,https://blinkit.com/prn/x/prid/92318,https://www.jiomart.com/p/groceries/wai-wai-veg-hakka-noodles-180-g/490818962
17433,https://blinkit.com/prn/x/prid/111649,https://www.jiomart.com/p/groceries/sunrise-pure-kashmiri-mirch-powder-50-g/590120618
17443,https://blinkit.com/prn/x/prid/59851,https://www.jiomart.com/p/groceries/sunlight-detergent-powder-500-g/490238518
17444,https://blinkit.com/prn/x/prid/655308,
17475,https://blinkit.com/prn/x/prid/458200,https://www.jiomart.com/product/nissin-geki-hot-spicy-korean-veg-flavour-noodles-80-g-mffmst-7505376
17487,https://blinkit.com/prn/x/prid/153798,https://www.jiomart.com/product/ganesh-premium-maida-1-kg-mffmwv-7513953
17670,https://blinkit.com/prn/x/prid/382396,https://www.jiomart.com/p/groceries/cadbury-oreo-perfection-chocolate-cream-sandwich-biscuit-131-25g-pack/607520765
17696,https://blinkit.com/prn/x/prid/406019,
17844,https://blinkit.com/prn/x/prid/488047,https://www.jiomart.com/p/groceries/pringles-original-potato-crisps-134-g/594181564
17854,https://blinkit.com/prn/x/prid/501332,https://www.jiomart.com/p/groceries/unibic-cashew-badam-cookies-500-g/590141638
17864,https://blinkit.com/prn/x/prid/154617,https://www.jiomart.com/product/tide-plus-jasmine-rose-detergent-washing-powder-1-kg-mief5w-24069950
18140,https://blinkit.com/prn/x/prid/479514,
18143,https://blinkit.com/prn/x/prid/162437,https://www.jiomart.com/product/ganesh-punjab-wheat-atta-5-kg-mffmvm-7511299
18189,https://blinkit.com/prn/x/prid/44916,
18257,https://blinkit.com/prn/x/prid/522629,
18293,https://blinkit.com/prn/x/prid/52616,
18308,https://blinkit.com/prn/x/prid/10968,https://www.jiomart.com/product/india-gate-rozana-basmati-rice-5-kg-mffmxv-7516068
18311,https://blinkit.com/prn/x/prid/254556,https://www.jiomart.com/p/groceries/fair-lovely-soap-125-g-pack-of-4/491214094
18405,https://blinkit.com/prn/x/prid/406144,https://www.jiomart.com/p/groceries/gillette-mach3-turbo-shaving-3-blades-cartridge-4-pcs/491179963
18409,https://blinkit.com/prn/x/prid/406724,https://www.jiomart.com/p/groceries/kellogg-s-moons-stars-chocos-cereal-1-2-kg/491586164
18410,https://blinkit.com/prn/x/prid/35002,
18435,https://blinkit.com/prn/x/prid/36188,https://www.jiomart.com/p/groceries/india-gate-super-basmati-rice-5-kg/490008232
22219,https://blinkit.com/prn/x/prid/25748,https://www.jiomart.com/product/knorr-hot-sour-instant-cup-a-soup-11-g-mffn3w-7528968
22253,https://blinkit.com/prn/x/prid/480925,https://www.jiomart.com/p/groceries/lay-s-sizzling-hot-potato-chips-20-g/612145018
22277,https://blinkit.com/prn/x/prid/484735,https://www.jiomart.com/p/groceries/fevicol-mr-squeeze-bottle-22-5-g/590116923
22297,https://blinkit.com/prn/x/prid/155908,https://www.jiomart.com/p/groceries/fevistik-super-pocket-glue-stick-5-g/590116924
22328,https://blinkit.com/prn/x/prid/19593,https://www.jiomart.com/p/groceries/dabur-red-ayurvedic-toothpaste-45-g/590120510
22383,https://blinkit.com/prn/x/prid/59595,https://www.jiomart.com/p/groceries/ganesh-chana-sattu-200-g/590120517
22422,https://blinkit.com/prn/x/prid/307185,https://www.jiomart.com/p/groceries/gala-super-scrub-10-cm-x-10-cm/491215020
22504,https://blinkit.com/prn/x/prid/21646,https://www.jiomart.com/p/wellness/colgate-zig-zag-anti-bacterial-toothbrush-soft-pack-of-3/608305966
22638,https://blinkit.com/prn/x/prid/223833,https://www.jiomart.com/p/groceries/amul-choco-cracker-chocolate-bar-150-g/590067241
22658,https://blinkit.com/prn/x/prid/496475,https://www.jiomart.com/p/groceries/joy-pure-aloe-multi-benefit-skin-cream-200-ml/606436734
22675,https://blinkit.com/prn/x/prid/437240,https://www.jiomart.com/p/groceries/kellogg-s-duet-chocos-375-g/490477998
22678,https://blinkit.com/prn/x/prid/19303,
22682,https://blinkit.com/prn/x/prid/93619,https://www.jiomart.com/product/ghadi-detergent-powder-3-kg-miefcz-24072964
22697,https://blinkit.com/prn/x/prid/96077,https://www.jiomart.com/p/groceries/nivea-fresh-natural-roll-on-deodorant-for-women-50-ml/491249261
22723,https://blinkit.com/prn/x/prid/352882,
22729,https://blinkit.com/prn/x/prid/430640,https://www.jiomart.com/p/groceries/clinic-plus-strength-shine-egg-protein-shampoo-340-ml/590040980
22776,https://blinkit.com/prn/x/prid/689136,https://www.jiomart.com/p/groceries/tide-plus-jasmine-rose-detergent-powder-4-kg/490999937
22801,https://blinkit.com/prn/x/prid/617679,
23075,https://blinkit.com/prn/x/prid/36717,https://www.jiomart.com/p/groceries/gala-double-hockey-toilet-brush/490013419
23114,https://blinkit.com/prn/x/prid/209,https://www.jiomart.com/p/groceries/kissan-mixed-fruit-jam-700-g/490957857
23169,https://blinkit.com/prn/x/prid/480925,https://www.jiomart.com/p/groceries/lay-s-sizzling-hot-potato-chips-50-g/592184747
23171,https://blinkit.com/prn/x/prid/94410,https://www.jiomart.com/p/groceries/amul-masti-dahi-400-g-cup/590032907
23183,https://blinkit.com/prn/x/prid/415627,https://www.jiomart.com/p/groceries/catch-ginger-garlic-paste-200-g/590041154
23249,https://blinkit.com/prn/x/prid/393940,https://www.jiomart.com/p/groceries/bauli-moonfils-chocolate-veg-puff-rolls-47-g/491376617
23283,https://blinkit.com/prn/x/prid/74491,https://www.jiomart.com/p/groceries/patanjali-dant-kanti-dental-cream-100-g/491061077
23300,https://blinkit.com/prn/x/prid/597,https://www.jiomart.com/p/groceries/act-ii-butter-lover-s-microwave-popcorn-33-g-590008576/490341226
23501,https://blinkit.com/prn/x/prid/475778,https://www.jiomart.com/product/on1y-oregano-10-g-milcl3-31048617
23525,https://blinkit.com/prn/x/prid/23704,https://www.jiomart.com/product/sensodyne-complete-protection-soft-tooth-brush-pack-of-3-mffnea-7550637
23573,https://blinkit.com/prn/x/prid/341655,https://www.jiomart.com/p/groceries/oral-b-assorted-criss-cross-anti-plaque-indicator-medium-toothbrush-4-pcs/608559005
23606,https://blinkit.com/prn/x/prid/496728,
23642,https://blinkit.com/prn/x/prid/392004,https://www.jiomart.com/product/parachute-100-pure-coconut-oil-600-ml-bottle-pack-of-2-mi7ejl-18171727
23648,https://blinkit.com/prn/x/prid/153365,https://www.jiomart.com/p/groceries/lux-international-creamy-perfection-soap-125-g-pack-of-4/590448174
23686,https://blinkit.com/prn/x/prid/10967,https://www.jiomart.com/product/india-gate-rozana-basmati-rice-5-kg-mffmxv-7516068
23904,https://blinkit.com/prn/x/prid/532959,https://www.jiomart.com/p/groceries/patanjali-haldi-chandan-kanti-body-cleanser-150-g/491278648
23972,https://blinkit.com/prn/x/prid/11143,
23979,https://blinkit.com/prn/x/prid/735380,https://www.jiomart.com/p/groceries/vaseline-rosy-glow-lip-care-9-g/490766703
2405,https://blinkit.com/prn/x/prid/333764,https://www.jiomart.com/product/aashirvaad-shudh-chakki-atta-5-kg-mffn01-7520797
24119,https://blinkit.com/prn/x/prid/82671,https://www.jiomart.com/p/groceries/vlcc-insta-glow-gold-bleach-30-g/490935540
2412,https://blinkit.com/prn/x/prid/185191,https://www.jiomart.com/product/maggi-2-minute-masala-noodles-70-g-mffmsg-7504290
2416,https://blinkit.com/prn/x/prid/5063,https://www.jiomart.com/product/johnsons-vitamin-e-baby-oil-100-ml-mffn8d-7538870
2419,https://blinkit.com/prn/x/prid/24207,
2420,https://blinkit.com/prn/x/prid/4752,https://www.jiomart.com/p/groceries/johnson-s-baby-no-more-tears-shampoo-50-ml/602482598
24204,https://blinkit.com/prn/x/prid/10626,https://www.jiomart.com/product/colgate-barbie-strawberry-flavor-kids-toothpaste-80-g-6-years-mffms8-7503679
2421,https://blinkit.com/prn/x/prid/5063,https://www.jiomart.com/p/groceries/johnson-s-baby-no-more-tears-shampoo-500ml/605056595
24247,https://blinkit.com/prn/x/prid/66340,https://www.jiomart.com/p/groceries/maggi-rich-tomato-ketchup-500-g/490000491
2425,https://blinkit.com/prn/x/prid/605843,
24252,https://blinkit.com/prn/x/prid/409924,https://www.jiomart.com/p/groceries/pringles-desi-masala-tadka-potato-crisps-107-g/491552052
24254,https://blinkit.com/prn/x/prid/373658,https://www.jiomart.com/p/groceries/pringles-south-african-style-peri-peri-potato-crisps-110-g/590032697
2426,https://blinkit.com/prn/x/prid/106805,https://www.jiomart.com/p/groceries/funfoods-eggless-cheese-chilli-sandwich-spread-275-g/490001973
2428,https://blinkit.com/prn/x/prid/411588,https://www.jiomart.com/p/groceries/gowardhan-pure-cow-ghee-1-l-pouch/490010244
24299,https://blinkit.com/prn/x/prid/301737,https://www.jiomart.com/p/groceries/india-gate-weight-watcher-special-brown-rice-1-kg/490197970
2433,https://blinkit.com/prn/x/prid/38944,https://www.jiomart.com/p/groceries/patanjali-cow-ghee-500-ml-carton/491249531
2441,https://blinkit.com/prn/x/prid/10732,https://www.jiomart.com/p/groceries/patanjali-honey-250-g/491061073
2442,https://blinkit.com/prn/x/prid/38937,https://www.jiomart.com/p/groceries/patanjali-honey-1-kg/491278608
2443,https://blinkit.com/prn/x/prid/10732,https://www.jiomart.com/p/groceries/patanjali-honey-250-g/491061073
2444,https://blinkit.com/prn/x/prid/10732,https://www.jiomart.com/p/groceries/patanjali-pure-honey-500-g/491061068
2445,https://blinkit.com/prn/x/prid/581132,https://www.jiomart.com/p/groceries/parrot-black-pepper-powder-100-g/490307250
2450,https://blinkit.com/prn/x/prid/3570,https://www.jiomart.com/p/groceries/mccain-aloo-tikki-400-g/490439382
2454,https://blinkit.com/prn/x/prid/3571,
2456,https://blinkit.com/prn/x/prid/10781,https://www.jiomart.com/p/groceries/mccain-french-fries-420-g/490068841
2464,https://blinkit.com/prn/x/prid/13965,
2466,https://blinkit.com/prn/x/prid/13965,https://www.jiomart.com/p/groceries/bru-instant-coffee-50-g/490000986
2469,https://blinkit.com/prn/x/prid/13968,https://www.jiomart.com/p/groceries/nescafe-classic-instant-coffee-50-g-pouch/490001207
2477,https://blinkit.com/prn/x/prid/185770,
2478,https://blinkit.com/prn/x/prid/11159,https://www.jiomart.com/p/groceries/red-label-natural-care-tea-100-g-carton/490967438
2486,https://blinkit.com/prn/x/prid/159833,https://www.jiomart.com/p/groceries/lipton-tulsi-natura-green-tea-bags-25-pcs/491161972
2490,https://blinkit.com/prn/x/prid/11156,https://www.jiomart.com/p/groceries/taaza-leaf-tea-1-kg/490005005
2491,https://blinkit.com/prn/x/prid/180026,https://www.jiomart.com/product/tata-agni-tea-250-g-mffn8a-7538716
2492,https://blinkit.com/prn/x/prid/10530,https://www.jiomart.com/p/groceries/tata-agni-tea-500-g/490005069
2494,https://blinkit.com/prn/x/prid/561630,https://www.jiomart.com/p/groceries/tata-agni-elaichi-chai-250-g/612331921
2495,https://blinkit.com/prn/x/prid/10532,https://www.jiomart.com/p/groceries/tata-gold-tea-250-g/490001340
2496,https://blinkit.com/prn/x/prid/254,https://www.jiomart.com/p/groceries/tata-gold-leaf-tea-500-g/490001341
2497,https://blinkit.com/prn/x/prid/10531,https://www.jiomart.com/p/groceries/tata-gold-leaf-tea-1-kg/490002007
2498,https://blinkit.com/prn/x/prid/109246,https://www.jiomart.com/p/groceries/tata-gold-tea-100-gm/590109989
2499,https://blinkit.com/prn/x/prid/180026,
2500,https://blinkit.com/prn/x/prid/13981,https://www.jiomart.com/p/groceries/tata-premium-leaf-tea-250-g/490002006
2501,https://blinkit.com/prn/x/prid/24739,https://www.jiomart.com/p/groceries/tata-premium-tea-1-kg/490004180
2505,https://blinkit.com/prn/x/prid/15448,https://www.jiomart.com/product/everest-tea-masala-50-g-mffmzp-7519747
2506,https://blinkit.com/prn/x/prid/90,https://www.jiomart.com/product/everest-tikhalal-chilli-powder-100-g-mffmsz-7505726
2507,https://blinkit.com/prn/x/prid/90,https://www.jiomart.com/product/everest-tea-masala-50-g-mffmzp-7519747
2509,https://blinkit.com/prn/x/prid/25279,https://www.jiomart.com/product/everest-tikhalal-chilli-powder-100-g-mffmsz-7505726
2511,https://blinkit.com/prn/x/prid/25280,https://www.jiomart.com/p/groceries/everest-tikhalal-chilli-powder-500-g/490005439
2512,https://blinkit.com/prn/x/prid/35321,https://www.jiomart.com/p/groceries/everest-white-pepper-powder-100-g/590361013
2514,https://blinkit.com/prn/x/prid/87,https://www.jiomart.com/p/groceries/mdh-kashmiri-mirch-powder-100-g/490030687
2516,https://blinkit.com/prn/x/prid/87,https://www.jiomart.com/p/groceries/mdh-kashmiri-mirch-powder-100-g/490030687
2520,https://blinkit.com/prn/x/prid/207776,https://www.jiomart.com/p/groceries/tata-sampann-chilli-powder-100-g/491278357
2522,https://blinkit.com/prn/x/prid/15451,https://www.jiomart.com/product/everest-hingraj-powder-50-g-mffmqt-7501256
2528,https://blinkit.com/prn/x/prid/81134,https://www.jiomart.com/product/everest-tea-masala-50-g-mffmzp-7519747
2530,https://blinkit.com/prn/x/prid/99,https://www.jiomart.com/p/groceries/everest-turmeric-powder-500-g/490010566
2531,https://blinkit.com/prn/x/prid/85762,https://www.jiomart.com/p/groceries/everest-garam-masala-100-g/490000105
2534,https://blinkit.com/prn/x/prid/75,https://www.jiomart.com/p/groceries/everest-kitchen-king-masala-100-g/490000172
2536,https://blinkit.com/prn/x/prid/76,https://www.jiomart.com/product/everest-shahi-biryani-masala-50-g-mffn0y-7522819
2539,https://blinkit.com/prn/x/prid/97,https://www.jiomart.com/product/everest-shahi-biryani-masala-50-g-mffn0y-7522819
2541,https://blinkit.com/prn/x/prid/99,https://www.jiomart.com/product/everest-turmeric-powder-100-g-mffn28-7525547
2542,https://blinkit.com/prn/x/prid/99,https://www.jiomart.com/p/groceries/everest-turmeric-powder-100-g/490000522
2552,https://blinkit.com/prn/x/prid/58,https://www.jiomart.com/product/mdh-biryani-masala-50-g-mieekh-24061188
2554,https://blinkit.com/prn/x/prid/68,https://www.jiomart.com/p/groceries/mdh-garam-masala-100-g/490005447
2557,https://blinkit.com/prn/x/prid/74,https://www.jiomart.com/p/groceries/mdh-kitchen-king-masala-100-g/490005450
2559,https://blinkit.com/prn/x/prid/18912,https://www.jiomart.com/p/groceries/mdh-meat-ka-masala-50-g/490070008
2562,https://blinkit.com/prn/x/prid/92,https://www.jiomart.com/p/groceries/mdh-sambar-masala-50-gm/490070012
2568,https://blinkit.com/prn/x/prid/480188,https://www.jiomart.com/p/groceries/sunrise-meat-masala-50-g/590033461
2569,https://blinkit.com/prn/x/prid/547231,https://www.jiomart.com/p/groceries/sunrise-biryani-masala-50-g/590033463
2572,https://blinkit.com/prn/x/prid/185987,https://www.jiomart.com/p/groceries/tata-sampann-chicken-masala-100-g/491278352
2578,https://blinkit.com/prn/x/prid/210169,https://www.jiomart.com/p/groceries/tata-sampann-turmeric-powder-100-g/491278358
2579,https://blinkit.com/prn/x/prid/210169,https://www.jiomart.com/p/groceries/tata-sampann-turmeric-powder-200-g/491278361
2584,https://blinkit.com/prn/x/prid/19397,https://www.jiomart.com/product/kelloggs-original-corn-flakes-251-g-mffn47-7529657
2589,https://blinkit.com/prn/x/prid/437239,https://www.jiomart.com/p/groceries/kellogg-s-chocos-crunchy-bites-390-g/491161229
2592,https://blinkit.com/prn/x/prid/555691,https://www.jiomart.com/p/groceries/kellogg-s-corn-flakes-with-real-almond-honey-300-g/490000796
2597,https://blinkit.com/prn/x/prid/545638,https://www.jiomart.com/p/groceries/keventers-green-peas-1-kg/491337401
2598,https://blinkit.com/prn/x/prid/37264,https://www.jiomart.com/product/quaker-oats-400-g-mffn9d-7540895
2599,https://blinkit.com/prn/x/prid/391003,https://www.jiomart.com/product/saffola-classic-masala-oats-500-g-mffmvy-7512015
2600,https://blinkit.com/prn/x/prid/390998,https://www.jiomart.com/p/groceries/saffola-veggie-twist-instant-masala-oats-500-g/491420618
2601,https://blinkit.com/prn/x/prid/24625,https://www.jiomart.com/p/groceries/saffola-oats-1-kg/490710232
2604,https://blinkit.com/prn/x/prid/24626,https://www.jiomart.com/product/saffola-classic-masala-oats-500-g-mffmvy-7512015
2611,https://blinkit.com/prn/x/prid/10964,https://www.jiomart.com/product/india-gate-dubar-basmati-rice-1-kg-mffn91-7540311
2618,https://blinkit.com/prn/x/prid/380157,https://www.jiomart.com/p/groceries/fortune-chakki-fresh-whole-wheat-atta-10-kg/491417436
2619,https://blinkit.com/prn/x/prid/380156,https://www.jiomart.com/p/groceries/fortune-chakki-fresh-atta-5-kg/491417435
2628,https://blinkit.com/prn/x/prid/541687,
2629,https://blinkit.com/prn/x/prid/568466,
2636,https://blinkit.com/prn/x/prid/591477,https://www.jiomart.com/product/jalan-chana-sattu-500-g-mffn9t-7541942
26382,https://blinkit.com/prn/x/prid/45527,
2641,https://blinkit.com/prn/x/prid/591470,https://www.jiomart.com/p/groceries/jalan-chana-sattu-500-g/490017440
26416,https://blinkit.com/prn/x/prid/18313,https://www.jiomart.com/p/groceries/appy-fizz-soft-drink-125-ml/611005688
2642,https://blinkit.com/prn/x/prid/591478,https://www.jiomart.com/p/groceries/jalan-chana-sattu-500-g/490017440
26473,https://blinkit.com/prn/x/prid/544859,
2651,https://blinkit.com/prn/x/prid/299087,https://www.jiomart.com/p/groceries/tata-sampann-unpolished-chana-dal-1kg/591769654
2654,https://blinkit.com/prn/x/prid/39493,https://www.jiomart.com/p/groceries/tata-sampann-high-protein-unpolished-tur-arhar-dal-1-kg/490830932
26559,https://blinkit.com/prn/x/prid/10783,https://www.jiomart.com/p/groceries/mccain-masala-fries-375-g/590124527
2676,https://blinkit.com/prn/x/prid/187063,https://www.jiomart.com/p/groceries/fevikwik-500-mg/590116925
2679,https://blinkit.com/prn/x/prid/52,
2680,https://blinkit.com/prn/x/prid/127064,https://www.jiomart.com/product/fortune-soya-health-refined-soyabean-oil-435-kg-mffmy6-7516698
2682,https://blinkit.com/prn/x/prid/480978,https://www.jiomart.com/p/groceries/himani-best-choice-refined-soyabean-oil-1-l/590714600
2688,https://blinkit.com/prn/x/prid/425301,https://www.jiomart.com/p/groceries/saffola-honey-250-g/590123092
2690,https://blinkit.com/prn/x/prid/5069,https://www.jiomart.com/p/groceries/figaro-olive-oil-500-ml-tin/490192189
2691,https://blinkit.com/prn/x/prid/5069,https://www.jiomart.com/p/groceries/figaro-olive-oil-200-ml-tin/490006679
2694,https://blinkit.com/prn/x/prid/43,https://www.jiomart.com/product/fortune-soya-health-refined-soybean-oil-750-g-mg0tdl-7651546
2697,https://blinkit.com/prn/x/prid/143319,
2699,https://blinkit.com/prn/x/prid/36707,https://www.jiomart.com/product/engine-brand-kachi-ghani-mustard-oil-1-l-pouch-mffn64-7533884
2707,https://blinkit.com/prn/x/prid/117696,https://www.jiomart.com/p/groceries/patanjali-kachi-ghani-mustard-oil-1-l-pouch/491276495
2708,https://blinkit.com/prn/x/prid/556691,https://www.jiomart.com/product/good-life-kachi-ghani-mustard-oil-500ml-mffn2d-7525793
2714,https://blinkit.com/prn/x/prid/14624,https://www.jiomart.com/product/fortune-soya-health-refined-soybean-oil-750-g-mg0tdl-7651546
27141,https://blinkit.com/prn/x/prid/522856,https://www.jiomart.com/p/groceries/sunrise-coriander-powder-50-g/590120615
27145,https://blinkit.com/prn/x/prid/110655,https://www.jiomart.com/p/groceries/cadbury-gems-23-7-g/611027050
27156,https://blinkit.com/prn/x/prid/155908,https://www.jiomart.com/p/groceries/fevistik-super-glue-stick-1-pc-8-g/490069026
2718,https://blinkit.com/prn/x/prid/27125,https://www.jiomart.com/product/dalda-refined-sunflower-oil-840-g-mffmzl-7518922
27217,https://blinkit.com/prn/x/prid/341802,https://www.jiomart.com/p/groceries/sofy-bodyfit-anti-bacteria-sanitary-napkin-with-wings-xl-7-pads/491213913
2722,https://blinkit.com/prn/x/prid/429694,https://www.jiomart.com/product/fortune-biryani-special-basmati-rice-1-kg-mffmw4-7512397
27223,https://blinkit.com/prn/x/prid/676995,https://www.jiomart.com/p/groceries/organic-tattva-jowar-flour-500-g/590306784
2723,https://blinkit.com/prn/x/prid/381536,https://www.jiomart.com/p/groceries/puro-healthy-salt-1-kg/491390865
27236,https://blinkit.com/prn/x/prid/11006,https://www.jiomart.com/p/groceries/madhur-pure-hygienic-sugar-1-kg/490861955
27294,https://blinkit.com/prn/x/prid/18947,https://www.jiomart.com/p/groceries/cadbury-dairy-milk-fruit-nut-chocolate-bar-80-g/490005289
27328,https://blinkit.com/prn/x/prid/532959,https://www.jiomart.com/p/groceries/patanjali-haldi-chandan-kanti-body-cleanser-150-g-pack-of-3/491373667
27334,https://blinkit.com/prn/x/prid/400311,https://www.jiomart.com/p/groceries/organic-tattva-brown-sonamasuri-rice-1-kg/590126977
27354,https://blinkit.com/prn/x/prid/392277,https://www.jiomart.com/product/parachute-100-pure-coconut-hair-oil-300-ml-mffn7a-7536461
2745,https://blinkit.com/prn/x/prid/357575,https://www.jiomart.com/p/groceries/parle-kaccha-mango-bite-candy-277-g/490006746
27653,https://blinkit.com/prn/x/prid/263544,https://www.jiomart.com/p/groceries/britannia-bourbon-the-original-cream-biscuits-150-g/490005349
2767,https://blinkit.com/prn/x/prid/86668,https://www.jiomart.com/p/groceries/cadbury-dairy-milk-chocolate-bar-25-3-g/490000242
27693,https://blinkit.com/prn/x/prid/371966,https://www.jiomart.com/p/groceries/patanjali-cashew-cookies-200-g/491397823
27708,https://blinkit.com/prn/x/prid/263693,
2776,https://blinkit.com/prn/x/prid/415765,https://www.jiomart.com/p/groceries/kellogg-s-fruit-magic-muesli-500-g/490478299
2777,https://blinkit.com/prn/x/prid/415763,https://www.jiomart.com/product/kelloggs-millet-muesli-500-g-mffmzo-7519613
2779,https://blinkit.com/prn/x/prid/373664,https://www.jiomart.com/p/groceries/kellogg-s-chocos-fills-250-g/491375969
2780,https://blinkit.com/prn/x/prid/16779,https://www.jiomart.com/p/groceries/kinder-joy-for-girl-chocolate-egg-20-g/491009787
27803,https://blinkit.com/prn/x/prid/18669,https://www.jiomart.com/p/groceries/kissan-sweet-spicy-sauce-500-g/490922097
2781,https://blinkit.com/prn/x/prid/19825,https://www.jiomart.com/product/kinder-joy-super-chocolate-pink-edition-20-g-pack-of-3-mffn5c-7532167
27816,https://blinkit.com/prn/x/prid/36183,https://www.jiomart.com/product/india-gate-dubar-basmati-rice-1-kg-mffn91-7540311
27966,https://blinkit.com/prn/x/prid/536803,https://www.jiomart.com/p/groceries/amul-ghee-200-ml-jar/491695042
27978,https://blinkit.com/prn/x/prid/490139,https://www.jiomart.com/p/groceries/fevicol-mr-squeeze-bottle-45-g/491044448
28040,https://blinkit.com/prn/x/prid/383355,https://www.jiomart.com/p/groceries/frooto-mango-fruit-drink-250-ml/609450211
28074,https://blinkit.com/prn/x/prid/350169,https://www.jiomart.com/p/groceries/bambino-elbow-macaroni-pasta-875-g/490006632
2811,https://blinkit.com/prn/x/prid/528249,https://www.jiomart.com/p/groceries/kit-kat-28-3-g/590049214
28122,https://blinkit.com/prn/x/prid/522857,https://www.jiomart.com/p/groceries/sunrise-pure-turmeric-powder-200-gm/590961050
28126,https://blinkit.com/prn/x/prid/493011,https://www.jiomart.com/p/groceries/sunrise-pure-poppy-seeds-50-g/590961034
2816,https://blinkit.com/prn/x/prid/110755,https://www.jiomart.com/p/groceries/parle-melody-chocolaty-toffee-391-g/490006747
2818,https://blinkit.com/prn/x/prid/409780,
2819,https://blinkit.com/prn/x/prid/366881,https://www.jiomart.com/product/polo-breath-mint-24-g-mo7cm5-81190920
2828,https://blinkit.com/prn/x/prid/25666,https://www.jiomart.com/product/womens-horlicks-plus-caramel-flavour-nutrition-drink-400-g-mffnak-7543548
2831,https://blinkit.com/prn/x/prid/18646,https://www.jiomart.com/product/bournvita-5-star-magic-nutrition-drink-500-g-pouch-mffmsg-7504324
2833,https://blinkit.com/prn/x/prid/402184,
2837,https://blinkit.com/prn/x/prid/229918,https://www.jiomart.com/p/groceries/horlicks-classic-malt-health-drink-powder-1-kg-jar/490001306
2839,https://blinkit.com/prn/x/prid/19797,https://www.jiomart.com/product/horlicks-classic-malt-nutritional-drink-mix-jar-500-g-mo7ckr-81190714
2841,https://blinkit.com/prn/x/prid/118771,https://www.jiomart.com/p/groceries/horlicks-chocolate-delight-500-g/490023082
2842,https://blinkit.com/prn/x/prid/438213,https://www.jiomart.com/product/horlicks-lite-regular-malt-450-g-mffms5-7503318
2844,https://blinkit.com/prn/x/prid/359565,https://www.jiomart.com/p/groceries/mother-s-horlicks-dha-450-g/490005080
28474,https://blinkit.com/prn/x/prid/374840,https://www.jiomart.com/p/groceries/ching-s-secret-hakka-noodles-chowmein-masala-20-g/490919295
2859,https://blinkit.com/prn/x/prid/37188,https://www.jiomart.com/p/groceries/nissin-mazedaar-masala-instant-cup-noodles-70-g/491173692
2860,https://blinkit.com/prn/x/prid/15410,
2861,https://blinkit.com/prn/x/prid/89127,https://www.jiomart.com/p/groceries/nissin-veggi-manchow-instant-cup-noodles-70-g/491173693
2863,https://blinkit.com/prn/x/prid/371844,https://www.jiomart.com/p/groceries/sunfeast-yippee-mood-masala-instant-noodles-260-g/491337397
2865,https://blinkit.com/prn/x/prid/124894,https://www.jiomart.com/p/groceries/top-ramen-masala-noodles-50-g/608658370
2866,https://blinkit.com/prn/x/prid/208638,https://www.jiomart.com/p/groceries/top-ramen-fiery-chilli-instant-noodles-70-g/590107003
2867,https://blinkit.com/prn/x/prid/280541,https://www.jiomart.com/p/groceries/top-ramen-new-masala-instant-noodles-420-g/490006655
2868,https://blinkit.com/prn/x/prid/108927,https://www.jiomart.com/p/groceries/top-ramen-curry-saucy-flat-instant-noodles-280-g-pouch/490006656
2870,https://blinkit.com/prn/x/prid/429488,
28709,https://blinkit.com/prn/x/prid/86974,https://www.jiomart.com/p/groceries/organic-tattva-ragi-millet-flour-500-g/590127712
28721,https://blinkit.com/prn/x/prid/10556,https://www.jiomart.com/p/groceries/coca-cola-1-75-l/491121060
28725,https://blinkit.com/prn/x/prid/10784,https://www.jiomart.com/p/groceries/mccain-veggie-fingers-400-g/590157296
28755,https://blinkit.com/prn/x/prid/409925,https://www.jiomart.com/product/sunfeast-dark-fantasy-yumfills-cake-242-g-mffn6n-7535045
2876,https://blinkit.com/prn/x/prid/422948,https://www.jiomart.com/p/groceries/sunfeast-yippee-instant-noodles-magic-masala-60-g/606338427
28765,https://blinkit.com/prn/x/prid/100633,https://www.jiomart.com/p/groceries/india-gate-mini-mogra-basmati-rice-10-kg/490507959
28818,https://blinkit.com/prn/x/prid/18612,https://www.jiomart.com/p/groceries/frooti-mango-drink-300-ml/590514175
28822,https://blinkit.com/prn/x/prid/217446,
28835,https://blinkit.com/prn/x/prid/658,https://www.jiomart.com/p/groceries/sunfeast-masala-instant-pasta-treat-70-g/490003831
28865,https://blinkit.com/prn/x/prid/10855,
28892,https://blinkit.com/prn/x/prid/55336,https://www.jiomart.com/p/groceries/nivea-men-fresh-ocean-deodorant-150-ml/491278208
28901,https://blinkit.com/prn/x/prid/241069,https://www.jiomart.com/p/groceries/set-wet-charm-avatar-deodorant-spray-perfume-150-ml/590087246
28905,https://blinkit.com/prn/x/prid/477933,https://www.jiomart.com/p/groceries/durex-extra-thin-bubblegum-flavoured-condoms-for-men-10s/596769777
2891,https://blinkit.com/prn/x/prid/390999,https://www.jiomart.com/p/groceries/saffola-peppy-tomato-instant-masala-oats-500-g/491420619
2899,https://blinkit.com/prn/x/prid/361151,https://www.jiomart.com/p/groceries/sunfeast-special-bounce-chocolate-cream-biscuit-41-g/490675869
2903,https://blinkit.com/prn/x/prid/11090,https://www.jiomart.com/p/groceries/nestle-bar-one-chocolate-bar-24-2-g/590108361
2909,https://blinkit.com/prn/x/prid/18925,https://www.jiomart.com/product/yuvraj-moong-papad-and-urad-masala-punjabi-bikaneri-papad-200-gm-x-2-mi8xta-19433277
29099,https://blinkit.com/prn/x/prid/109136,https://www.jiomart.com/product/emami-healthy-tasty-ultra-lite-refined-soyabean-oil-825-g-mffms5-7503362
2916,https://blinkit.com/prn/x/prid/404632,https://www.jiomart.com/product/sunfeast-mom-s-magic-cashew-almond-cookies-183-g-mo7cm5-81190912
29164,https://blinkit.com/prn/x/prid/369007,https://www.jiomart.com/p/groceries/odonil-mix-air-freshener-block-48-g-pack-of-4/596193300
29190,https://blinkit.com/prn/x/prid/425579,https://www.jiomart.com/p/groceries/rangeela-student-tempera-colours-12-shades-12x3-ml-36-ml/490281904
2923,https://blinkit.com/prn/x/prid/309634,https://www.jiomart.com/p/groceries/nestle-ceregrow-multigran-cereal-with-milk-fruits-300-g/590049313
2924,https://blinkit.com/prn/x/prid/118576,
29310,https://blinkit.com/prn/x/prid/436460,
29333,https://blinkit.com/prn/x/prid/380988,
2934,https://blinkit.com/prn/x/prid/483033,https://www.jiomart.com/p/groceries/munch-wafer-chocolate-20-1-g/590108375
29387,https://blinkit.com/prn/x/prid/98862,https://www.jiomart.com/p/groceries/nivea-men-pure-impact-shower-gel-250-ml/490920575
29398,https://blinkit.com/prn/x/prid/126482,https://www.jiomart.com/product/nivea-waterlily-oil-shower-gel-250-ml-mffmsm-7504843
2943,https://blinkit.com/prn/x/prid/55360,https://www.jiomart.com/product/parle-top-delicious-buttery-crackers-200-g-mffn3z-7529135
29437,https://blinkit.com/prn/x/prid/612068,
29523,https://blinkit.com/prn/x/prid/24203,https://www.jiomart.com/product/india-gate-dubar-basmati-rice-1-kg-mffn91-7540311
29530,https://blinkit.com/prn/x/prid/28108,
29559,https://blinkit.com/prn/x/prid/22415,https://www.jiomart.com/p/groceries/godrej-expert-natural-black-rich-creme-hair-colour-12-g-12-ml/604485030
29592,https://blinkit.com/prn/x/prid/632533,https://www.jiomart.com/p/groceries/tresemme-keratin-smooth-shampoo-580-ml/491046184
29628,https://blinkit.com/prn/x/prid/409538,https://www.jiomart.com/p/groceries/parle-choco-roll-250-g/590032687
29638,https://blinkit.com/prn/x/prid/375557,https://www.jiomart.com/p/groceries/haldiram-s-prabhuji-chatpata-namkeen-mixture-200-g/490052874
29820,https://blinkit.com/prn/x/prid/532957,
29881,https://blinkit.com/prn/x/prid/512743,
29903,https://blinkit.com/prn/x/prid/634,https://www.jiomart.com/p/groceries/mother-s-recipe-mixed-pickle-500-g/490009130
29942,https://blinkit.com/prn/x/prid/402270,https://www.jiomart.com/product/india-gate-dubar-basmati-rice-1-kg-mffn91-7540311
29964,https://blinkit.com/prn/x/prid/33863,https://www.jiomart.com/p/groceries/pringles-sour-cream-and-onion-potato-chips-110-g/590032696
30020,https://blinkit.com/prn/x/prid/679805,
3004,https://blinkit.com/prn/x/prid/56814,https://www.jiomart.com/product/date-crown-bumaan-dates-500-g-milcki-31046784
30106,https://blinkit.com/prn/x/prid/403222,https://www.jiomart.com/product/britannia-toastea-premium-bake-rusk-50-g-mffn3v-7528828
3012,https://blinkit.com/prn/x/prid/66337,https://www.jiomart.com/p/groceries/maggi-hot-sweet-tomato-chilli-sauce-200-g/490000486
30243,https://blinkit.com/prn/x/prid/18558,https://www.jiomart.com/p/groceries/surf-excel-quick-wash-detergent-powder-2-kg/490003778
30265,https://blinkit.com/prn/x/prid/392235,https://www.jiomart.com/p/groceries/surf-excel-matic-top-load-liquid-detergent-2-l/491436153
3029,https://blinkit.com/prn/x/prid/440221,https://www.jiomart.com/p/groceries/funfoods-crunchy-peanut-butter-340-g/490249804
30322,https://blinkit.com/prn/x/prid/427123,https://www.jiomart.com/p/groceries/britannia-good-day-choco-chips-biscuits-400-g/590032794
30323,https://blinkit.com/prn/x/prid/408372,https://www.jiomart.com/p/groceries/colgate-slim-soft-charcoal-soft-pack-of-2/491161014
30371,https://blinkit.com/prn/x/prid/3234,https://www.jiomart.com/p/groceries/mccain-chilli-garlic-potato-bites-420-g/490068843
30404,https://blinkit.com/prn/x/prid/195168,https://www.jiomart.com/p/groceries/colgate-barbie-extra-soft-kids-toothbrush-5-years/490896791
3041,https://blinkit.com/prn/x/prid/480192,https://www.jiomart.com/p/groceries/sunrise-tadka-masala-50-g/590033462
30418,https://blinkit.com/prn/x/prid/10785,
30484,https://blinkit.com/prn/x/prid/18318,https://www.jiomart.com/p/groceries/fanta-orange-250-ml-590008653/491373676
3049,https://blinkit.com/prn/x/prid/408195,https://www.jiomart.com/product/funfoods-cheese-chilli-sandwich-spread-250-g-mffn4h-7530241
30509,https://blinkit.com/prn/x/prid/513023,
30525,https://blinkit.com/prn/x/prid/317,https://www.jiomart.com/p/groceries/aquafina-packaged-drinking-water-500-ml/490005206
3053,https://blinkit.com/prn/x/prid/100173,https://www.jiomart.com/p/groceries/funfoods-original-veg-mayonnaise-875-g/491551838
30540,https://blinkit.com/prn/x/prid/19156,https://www.jiomart.com/p/groceries/bisleri-packaged-drinking-water-500-ml/490007752
3055,https://blinkit.com/prn/x/prid/18908,
3057,https://blinkit.com/prn/x/prid/415846,https://www.jiomart.com/product/funfoods-veg-mayonnaise-100-g-mffmur-7509430
3061,https://blinkit.com/prn/x/prid/17499,https://www.jiomart.com/p/groceries/keya-pasta-seasoning-45-g/490694640
3063,https://blinkit.com/prn/x/prid/368445,https://www.jiomart.com/product/kissan-sweet-n-spicy-tomato-sauce-415-g-mffn9f-7541055
30660,https://blinkit.com/prn/x/prid/425792,https://www.jiomart.com/p/groceries/colgate-swarna-vedshakti-400g-200g-x-2-pack-of-2-ayurvedic-cavity-protection/602966709
30683,https://blinkit.com/prn/x/prid/482755,https://www.jiomart.com/p/groceries/prolyte-orange-ors-drink-200-ml/590505672
3069,https://blinkit.com/prn/x/prid/404622,https://www.jiomart.com/p/groceries/sundrop-creamy-peanut-butter-924-g/491350004
3070,https://blinkit.com/prn/x/prid/39420,https://www.jiomart.com/p/groceries/sundrop-crunchy-peanut-butter-924-g/491350005
30709,https://blinkit.com/prn/x/prid/403224,https://www.jiomart.com/product/britannia-treat-choco-creme-wafers-biscuit-55-g-mfphy1-7571329
3076,https://blinkit.com/prn/x/prid/476046,https://www.jiomart.com/product/kissan-mixed-fruit-jam-90-g-mffms9-7503802
30791,https://blinkit.com/prn/x/prid/480189,https://www.jiomart.com/p/groceries/sunrise-pure-sabji-masala-50-g/590961501
3080,https://blinkit.com/prn/x/prid/243,https://www.jiomart.com/p/groceries/nescafe-classic-instant-coffee-100-g-jar/490503478
3081,https://blinkit.com/prn/x/prid/13966,https://www.jiomart.com/product/nescafe-classic-instant-coffee-24-g-mffmwy-7514129
3082,https://blinkit.com/prn/x/prid/72914,https://www.jiomart.com/p/groceries/nescafe-classic-instant-coffee-50-g-jar/490004155
3092,https://blinkit.com/prn/x/prid/107812,
3095,https://blinkit.com/prn/x/prid/72024,https://www.jiomart.com/p/groceries/knorr-classic-sweet-corn-vegetable-instant-soup-44-g/490211518
3098,https://blinkit.com/prn/x/prid/88353,https://www.jiomart.com/product/knorr-hot-sour-instant-cup-a-soup-11-g-mffn3w-7528968
3101,https://blinkit.com/prn/x/prid/225800,https://www.jiomart.com/p/groceries/knorr-mixed-vegetable-instant-cup-a-soup-11-g-pouch/490921889
3102,https://blinkit.com/prn/x/prid/18849,https://www.jiomart.com/product/knorr-tomato-chatpata-instant-cup-a-soup-135-g-mffmv6-7510294
3107,https://blinkit.com/prn/x/prid/450563,https://www.jiomart.com/p/groceries/kwality-walls-butterscotch-family-pack-700-ml-tub/590110247
3117,https://blinkit.com/prn/x/prid/131948,https://www.jiomart.com/p/groceries/kwality-wall-s-cornetto-butterscotch-ice-cream-105-ml-wrap/597018865
3121,https://blinkit.com/prn/x/prid/450546,
3131,https://blinkit.com/prn/x/prid/450568,https://www.jiomart.com/p/groceries/kwality-walls-oreo-family-pack-700-ml-tub/590110248
3135,https://blinkit.com/prn/x/prid/450561,
3153,https://blinkit.com/prn/x/prid/375560,https://www.jiomart.com/p/groceries/haldiram-s-prabhuji-jhal-chanachur-namkeen-400-g/491264826
31571,https://blinkit.com/prn/x/prid/457222,https://www.jiomart.com/p/groceries/haldiram-s-nagpur-moong-dal-1-kg/490604944
3159,https://blinkit.com/prn/x/prid/19264,https://www.jiomart.com/p/groceries/haldiram-s-nagpur-all-in-one-namkeen-mixture-150-g/490000269
3161,https://blinkit.com/prn/x/prid/52639,https://www.jiomart.com/p/groceries/haldiram-s-prabhuji-bhujia-200-g/491391861
31686,https://blinkit.com/prn/x/prid/579719,https://www.jiomart.com/p/groceries/hathi-mustard-oil-5-l-bottle/490012714
3172,https://blinkit.com/prn/x/prid/41397,https://www.jiomart.com/p/groceries/haldiram-s-nagpur-moong-dal-350-g/490009368
3174,https://blinkit.com/prn/x/prid/36018,
3175,https://blinkit.com/prn/x/prid/285196,https://www.jiomart.com/p/groceries/hershey-s-chocolate-syrup-200-g/491297291
31772,https://blinkit.com/prn/x/prid/109158,https://www.jiomart.com/p/groceries/jk-poppy-seed-100-g/490870386
3178,https://blinkit.com/prn/x/prid/117644,https://www.jiomart.com/p/groceries/parle-hide-seek-choco-filled-rolls-75-g/491020102
3179,https://blinkit.com/prn/x/prid/169812,https://www.jiomart.com/product/maggi-2-minute-masala-instant-noodles-560-g-mffmse-7504180
3181,https://blinkit.com/prn/x/prid/171258,https://www.jiomart.com/product/maggi-nutri-licious-masala-veg-atta-noodles-290-g-mffmwm-7513378
3183,https://blinkit.com/prn/x/prid/165271,https://www.jiomart.com/p/groceries/maggi-2-minute-masala-instant-noodles-70-g/490000363
3189,https://blinkit.com/prn/x/prid/383480,https://www.jiomart.com/product/maggi-2-minute-masala-noodles-70-g-mffmsg-7504290
3193,https://blinkit.com/prn/x/prid/2,
3205,https://blinkit.com/prn/x/prid/122155,https://www.jiomart.com/p/groceries/smith-jones-ginger-garlic-paste-200-g/490803894
3220,https://blinkit.com/prn/x/prid/87697,https://www.jiomart.com/p/groceries/fortune-soya-wadi-chunks-200-g/491161238
3221,https://blinkit.com/prn/x/prid/15180,https://www.jiomart.com/p/groceries/gits-gulab-jamun-mix-100-g/490001900
3222,https://blinkit.com/prn/x/prid/15180,https://www.jiomart.com/p/groceries/gits-gulab-jamun-mix-200-g-50-g/490001901
3230,https://blinkit.com/prn/x/prid/432043,https://www.jiomart.com/product/horlicks-lite-regular-malt-450-g-mffms5-7503318
3241,https://blinkit.com/prn/x/prid/19797,https://www.jiomart.com/p/groceries/horlicks-classic-malt-500-g-carton/490001310
3242,https://blinkit.com/prn/x/prid/25771,
3257,https://blinkit.com/prn/x/prid/65,https://www.jiomart.com/p/groceries/everest-dry-ginger-powder-100-g/590033479
3258,https://blinkit.com/prn/x/prid/22536,
3259,https://blinkit.com/prn/x/prid/85126,https://www.jiomart.com/product/everest-tea-masala-50-g-mffmzp-7519747
3260,https://blinkit.com/prn/x/prid/85126,https://www.jiomart.com/p/groceries/everest-chaat-masala-100-g/490005435
3262,https://blinkit.com/prn/x/prid/15450,https://www.jiomart.com/product/everest-tea-masala-50-g-mffmzp-7519747
3266,https://blinkit.com/prn/x/prid/581129,https://www.jiomart.com/p/groceries/parrot-coriander-powder-100-g/490307249
3268,https://blinkit.com/prn/x/prid/89391,https://www.jiomart.com/p/groceries/everest-dry-mango-powder-50-g/490007368
3270,https://blinkit.com/prn/x/prid/25269,https://www.jiomart.com/p/groceries/everest-coriander-powder-100-g/490008106
3271,https://blinkit.com/prn/x/prid/25272,https://www.jiomart.com/p/groceries/everest-yellow-hing-powder-25-g/590428226
3273,https://blinkit.com/prn/x/prid/83,https://www.jiomart.com/p/groceries/everest-jaljira-powder-50-g/490000093
3275,https://blinkit.com/prn/x/prid/80,https://www.jiomart.com/p/groceries/everest-pani-puri-masala-50-g/490000094
3277,https://blinkit.com/prn/x/prid/15460,https://www.jiomart.com/product/everest-shahi-biryani-masala-50-g-mffn0y-7522819
3281,https://blinkit.com/prn/x/prid/15461,
3282,https://blinkit.com/prn/x/prid/15462,https://www.jiomart.com/p/groceries/everest-sabji-masala-100-g/490000169
3283,https://blinkit.com/prn/x/prid/15462,https://www.jiomart.com/product/everest-shahi-biryani-masala-50-g-mffn0y-7522819
3285,https://blinkit.com/prn/x/prid/93,https://www.jiomart.com/product/everest-shahi-biryani-masala-50-g-mffn0y-7522819
3288,https://blinkit.com/prn/x/prid/25279,https://www.jiomart.com/product/everest-tea-masala-50-g-mffmzp-7519747
32957,https://blinkit.com/prn/x/prid/547232,https://www.jiomart.com/p/groceries/sunrise-pure-garam-masala-50-g/590116933
3298,https://blinkit.com/prn/x/prid/94,https://www.jiomart.com/p/groceries/mdh-shahi-paneer-masala-100-g/490005455
32983,https://blinkit.com/prn/x/prid/578449,https://www.jiomart.com/p/groceries/parachute-advansed-coconut-hair-oil-175-ml/490002144
32985,https://blinkit.com/prn/x/prid/427134,https://www.jiomart.com/product/parle-happy-happy-choco-chip-cookies-396-g-mffmsv-7505493
32997,https://blinkit.com/prn/x/prid/195821,https://www.jiomart.com/p/groceries/surf-excel-easy-wash-detergent-powder-5-kg/590837659
32999,https://blinkit.com/prn/x/prid/185770,https://www.jiomart.com/p/groceries/red-label-leaf-tea-250-g-carton/490001268
3300,https://blinkit.com/prn/x/prid/81342,https://www.jiomart.com/product/mdh-biryani-masala-50-g-mieekh-24061188
33000,https://blinkit.com/prn/x/prid/153365,https://www.jiomart.com/product/lux-international-smooth-radiant-glutathione-french-moisturiser-white-rose-scent-soap-130-g-mo7ckr-81190706
33003,https://blinkit.com/prn/x/prid/458381,https://www.jiomart.com/product/ponds-bb-natural-color-correction-cream-with-vitamin-b3-50g-tube-mffmu5-7508183
33004,https://blinkit.com/prn/x/prid/20120,https://www.jiomart.com/product/pond-s-magic-lavender-bloom-talcum-powder-80-g-mjr4lw-69366432
33005,https://blinkit.com/prn/x/prid/22700,https://www.jiomart.com/p/groceries/ponds-sandal-talc-100-g/490002502
33006,https://blinkit.com/prn/x/prid/22700,https://www.jiomart.com/p/groceries/pond-s-sandal-radiance-talc-50-g/590087226
33008,https://blinkit.com/prn/x/prid/22720,https://www.jiomart.com/p/groceries/lakme-peach-milk-moisturiser-60-ml/491398473
33009,https://blinkit.com/prn/x/prid/19570,https://www.jiomart.com/p/groceries/closeup-ever-fresh-red-hot-gel-toothpaste-150-g-pack-of-2/490008332
33011,https://blinkit.com/prn/x/prid/19570,https://www.jiomart.com/product/closeup-everfresh-anti-germ-red-hot-gel-toothpaste-150-g-mffmwm-7513374
33012,https://blinkit.com/prn/x/prid/369007,https://www.jiomart.com/p/groceries/odonil-mix-air-freshener-block-72-g-pack-of-4/596193309
3302,https://blinkit.com/prn/x/prid/56,https://www.jiomart.com/product/mdh-biryani-masala-50-g-mieekh-24061188
33035,https://blinkit.com/prn/x/prid/438218,https://www.jiomart.com/product/weikfield-mango-instant-falooda-mix-200-g-carton-mffmwh-7513112
3304,https://blinkit.com/prn/x/prid/77,https://www.jiomart.com/p/groceries/mdh-pav-bhaji-masala-100-g/490005452
33091,https://blinkit.com/prn/x/prid/409120,https://www.jiomart.com/p/groceries/colgate-charcoal-clean-toothpaste-120-g/491652547
33098,https://blinkit.com/prn/x/prid/673106,https://www.jiomart.com/p/groceries/hem-precious-chandan-incense-sticks-75-pcs-100-g/490012693
3315,https://blinkit.com/prn/x/prid/438137,https://www.jiomart.com/p/groceries/smith-jones-pasta-masala-10-g-pack-of-12/491491701
3323,https://blinkit.com/prn/x/prid/216689,https://www.jiomart.com/p/groceries/tata-sampann-coriander-powder-100-g/491278359
3325,https://blinkit.com/prn/x/prid/317,https://www.jiomart.com/p/groceries/aquafina-packaged-drinking-water-1-l/490000953
3332,https://blinkit.com/prn/x/prid/453621,https://www.jiomart.com/p/groceries/real-mango-fruit-drink-1-2-ml/590824842
3361,https://blinkit.com/prn/x/prid/555458,
3369,https://blinkit.com/prn/x/prid/12476,
3370,https://blinkit.com/prn/x/prid/27229,
3382,https://blinkit.com/prn/x/prid/358589,https://www.jiomart.com/p/groceries/dabur-regular-hajmola-120-pcs/490020543
3387,https://blinkit.com/prn/x/prid/430507,
3389,https://blinkit.com/prn/x/prid/43428,https://www.jiomart.com/p/groceries/indulekha-bhringa-ayurvedic-hair-oil-100-ml/491208796
3390,https://blinkit.com/prn/x/prid/43428,https://www.jiomart.com/p/groceries/indulekha-bhringa-ayurvedic-hair-oil-50-ml/491376429
3394,https://blinkit.com/prn/x/prid/358589,https://www.jiomart.com/p/groceries/dabur-regular-hajmola-50-pcs/612163907
3399,https://blinkit.com/prn/x/prid/22668,https://www.jiomart.com/p/groceries/iodex-body-pain-expert-8-g/612146679
3403,https://blinkit.com/prn/x/prid/28196,https://www.jiomart.com/product/moov-pain-relief-specialist-cream-20-g-mffne7-7550494
3408,https://blinkit.com/prn/x/prid/106825,https://www.jiomart.com/product/dabur-sat-isabgol-90-g-mffn36-7527376
3411,https://blinkit.com/prn/x/prid/326355,https://www.jiomart.com/p/groceries/savlon-antiseptic-disinfectant-liquid-500-ml/491539275
3416,https://blinkit.com/prn/x/prid/32877,https://www.jiomart.com/p/groceries/zandu-pain-relief-balm-8-ml/490871584
3418,https://blinkit.com/prn/x/prid/491443,https://www.jiomart.com/p/groceries/tulips-cotton-ear-buds-swabs-pack-of-3-with-white-paper-sticks-200-400-tips-in-a-flat-box/596408746
3420,https://blinkit.com/prn/x/prid/598494,https://www.jiomart.com/product/parrot-rice-flour-atta-500-g-mffn5n-7532867
3437,https://blinkit.com/prn/x/prid/5039,https://www.jiomart.com/product/himalaya-baby-diaper-rash-cream-100g-relieves-rashes-reduces-redness-irritation-with-aloe-vera-yashad-bhasma-almond-oil-mi7ewf-18189988
3438,https://blinkit.com/prn/x/prid/5039,https://www.jiomart.com/p/groceries/himalaya-baby-powder-200-g/490782407
3439,https://blinkit.com/prn/x/prid/5039,
34477,https://blinkit.com/prn/x/prid/33081,https://www.jiomart.com/p/groceries/haldiram-s-nagpur-punjabi-tadka-namkeen-150-g/590033215
34490,https://blinkit.com/prn/x/prid/18770,https://www.jiomart.com/p/groceries/india-gate-mogra-basmati-rice-10-kg/490005504
34574,https://blinkit.com/prn/x/prid/30113,https://www.jiomart.com/p/groceries/mamypoko-pants-standard-diapers-l-46-count-9-14-kg/609260365
34717,https://blinkit.com/prn/x/prid/533025,
34742,https://blinkit.com/prn/x/prid/103855,https://www.jiomart.com/p/groceries/shalimars-coconut-oil-175-ml/605752350
34744,https://blinkit.com/prn/x/prid/495551,https://www.jiomart.com/p/groceries/shalimar-s-coconut-oil-500-ml/490563212
34750,https://blinkit.com/prn/x/prid/534557,https://www.jiomart.com/p/groceries/sunfeast-dark-fantasy-bourbon-biscuits-120-g/593405131
34751,https://blinkit.com/prn/x/prid/206572,https://www.jiomart.com/p/groceries/sunfeast-dark-fantasy-bourbon-biscuits-60-g/590033240
34755,https://blinkit.com/prn/x/prid/18385,https://www.jiomart.com/p/groceries/sunfeast-nice-biscuits-150-g/490335861
34756,https://blinkit.com/prn/x/prid/17309,https://www.jiomart.com/p/groceries/sunfeast-yippee-magic-masala-noodles-560-g/606011399
3497,https://blinkit.com/prn/x/prid/18329,https://www.jiomart.com/p/groceries/boroplus-healthy-skin-antiseptic-cream-19-ml/590086832
3498,https://blinkit.com/prn/x/prid/18329,
34992,https://blinkit.com/prn/x/prid/455289,https://www.jiomart.com/p/groceries/ariel-matic-front-load-liquid-detergent-2-l/590514115
3521,https://blinkit.com/prn/x/prid/41308,https://www.jiomart.com/p/groceries/everyuth-advanced-golden-glow-peel-off-mask-50-g/490395488
35217,https://blinkit.com/prn/x/prid/415898,https://www.jiomart.com/p/groceries/britannia-tiger-krunch-chocochips-biscuits-combo-pack-400-g/590032638
35251,https://blinkit.com/prn/x/prid/365921,https://www.jiomart.com/p/homeimprovement/gala-quick-spin-mop/590902300
3557,https://blinkit.com/prn/x/prid/319259,https://www.jiomart.com/p/groceries/glow-lovely-bright-glow-face-wash-100-g/606122581
3561,https://blinkit.com/prn/x/prid/279433,https://www.jiomart.com/p/groceries/he-advanced-grooming-respect-perfumed-body-spray-150ml/607198416
3566,https://blinkit.com/prn/x/prid/25587,https://www.jiomart.com/product/himalaya-gentle-baby-shampoo-with-hibiscus-chickpea-100-ml-mffmxs-7515906
35669,https://blinkit.com/prn/x/prid/555691,https://www.jiomart.com/p/groceries/kellogg-s-cornflakes-with-real-almond-and-honey-650-g/491051948
3568,https://blinkit.com/prn/x/prid/25587,https://www.jiomart.com/p/groceries/himalaya-extra-soft-gentle-baby-cream-50-ml/590986928
35682,https://blinkit.com/prn/x/prid/11713,https://www.jiomart.com/p/groceries/odonil-jasmine-mist-air-freshener-block-75-g/490267788
35683,https://blinkit.com/prn/x/prid/11717,https://www.jiomart.com/p/groceries/odonil-mystic-rose-air-freshener-block-75-g/490583429
3569,https://blinkit.com/prn/x/prid/30073,https://www.jiomart.com/product/himalaya-gentle-baby-shampoo-with-hibiscus-chickpea-100-ml-mffmxs-7515906
35727,https://blinkit.com/prn/x/prid/392236,https://www.jiomart.com/p/groceries/surf-excel-matic-front-load-liquid-detergent-2-l/491436154
35735,https://blinkit.com/prn/x/prid/365722,https://www.jiomart.com/p/groceries/tresemme-pro-collection-keratin-smooth-hair-conditioner-80-ml/491046185
3579,https://blinkit.com/prn/x/prid/72119,https://www.jiomart.com/p/groceries/himalaya-gentle-baby-bath-100-ml/590116986
3585,https://blinkit.com/prn/x/prid/25621,https://www.jiomart.com/product/himalaya-wheatgerm-oil-carrot-seed-oil-lip-balm-10-g-mffmzx-7520607
3586,https://blinkit.com/prn/x/prid/30083,https://www.jiomart.com/p/groceries/himalaya-baby-massage-oil-200-ml/490782403
3594,https://blinkit.com/prn/x/prid/4751,https://www.jiomart.com/product/johnsons-baby-cream-100-g-mffn9p-7541716
3595,https://blinkit.com/prn/x/prid/200097,https://www.jiomart.com/product/johnsons-vitamin-e-baby-oil-100-ml-mffn8d-7538870
3596,https://blinkit.com/prn/x/prid/5068,
3598,https://blinkit.com/prn/x/prid/4751,
3599,https://blinkit.com/prn/x/prid/94435,https://www.jiomart.com/p/groceries/johnson-s-baby-milk-rice-lotion-100-ml/490002051
3608,https://blinkit.com/prn/x/prid/496478,https://www.jiomart.com/product/joy-advanced-honey-almonds-nourishing-body-lotion-300-ml-mjb6is-63001412
3666,https://blinkit.com/prn/x/prid/37193,https://www.jiomart.com/p/groceries/nivea-body-milk-48-hour-nourishing-lotion-for-very-dry-skin-400-ml/490052699
3668,https://blinkit.com/prn/x/prid/360647,https://www.jiomart.com/p/groceries/nivea-24h-caring-lip-balm-with-natural-oils-cherry-shine-4-8-g/490180140
3669,https://blinkit.com/prn/x/prid/85143,https://www.jiomart.com/p/groceries/nivea-cr-me-100-ml/490052692
3672,https://blinkit.com/prn/x/prid/11376,https://www.jiomart.com/p/groceries/nivea-cr-me-200-ml/490052693
3674,https://blinkit.com/prn/x/prid/19963,https://www.jiomart.com/p/groceries/nivea-men-face-wash-dark-spot-reduction-with-10x-vitamin-c-effect-100ml-pack-of-3/602448982
3675,https://blinkit.com/prn/x/prid/19963,
36757,https://blinkit.com/prn/x/prid/18585,https://www.jiomart.com/p/groceries/mahakosh-future-fit-refined-soyabean-oil-1-l-pouch/490031689
36795,https://blinkit.com/prn/x/prid/103857,https://www.jiomart.com/p/groceries/shalimar-s-coconut-oil-500-ml/490563212
36818,https://blinkit.com/prn/x/prid/126477,https://www.jiomart.com/p/groceries/medimix-ayurvedic-18-herbs-classic-soap-75-g/490005787
3683,https://blinkit.com/prn/x/prid/659340,https://www.jiomart.com/p/groceries/nivea-soft-vitamin-e-light-moisturiser-50-ml/490052694
3684,https://blinkit.com/prn/x/prid/19962,https://www.jiomart.com/product/nivea-soft-light-moisturizer-cream-for-face-hands-body-100-ml-mffnca-7547023
3685,https://blinkit.com/prn/x/prid/430618,https://www.jiomart.com/p/groceries/nivea-soft-vitamin-e-light-moisturiser-25-ml/590813642
3686,https://blinkit.com/prn/x/prid/369255,https://www.jiomart.com/p/groceries/godrej-nupur-henna-mehendi-50-g/491554627
3688,https://blinkit.com/prn/x/prid/369255,https://www.jiomart.com/p/groceries/godrej-nupur-henna-mehendi-50-g/491554627
3689,https://blinkit.com/prn/x/prid/108107,https://www.jiomart.com/p/wellness/nycil-cool-herbal-powder-150-gm-with-free-50-gm/608295655
369,https://blinkit.com/prn/x/prid/527639,https://www.jiomart.com/p/groceries/good-life-pure-crystal-sugar-1-kg/491551493
3696,https://blinkit.com/prn/x/prid/10789,https://www.jiomart.com/p/groceries/patanjali-saundarya-aloe-vera-gel-60-ml/590106460
3699,https://blinkit.com/prn/x/prid/330693,https://www.jiomart.com/p/groceries/patanjali-saundarya-kesar-chandan-aloe-vera-gel-150-ml/607332484
37065,https://blinkit.com/prn/x/prid/448341,https://www.jiomart.com/p/groceries/santoor-almond-soft-sandal-soap-150-g-pack-of-3/590032709
37068,https://blinkit.com/prn/x/prid/517246,
3713,https://blinkit.com/prn/x/prid/24829,https://www.jiomart.com/p/groceries/vicco-turmeric-cream-50-g/490082110
37135,https://blinkit.com/prn/x/prid/247449,https://www.jiomart.com/p/groceries/apis-himalaya-honey-500g-buy-1-get-1-free/611217938
37136,https://blinkit.com/prn/x/prid/442651,https://www.jiomart.com/p/groceries/apis-himalaya-honey-500g-buy-1-get-1-free/611217938
37140,https://blinkit.com/prn/x/prid/455288,https://www.jiomart.com/p/groceries/ariel-matic-top-load-liquid-detergent-refill-pouch-2-l/590860217
37206,https://blinkit.com/prn/x/prid/272112,
3722,https://blinkit.com/prn/x/prid/10611,https://www.jiomart.com/p/groceries/emami-kesh-king-ayurvedic-hair-oil-100-ml/491168048
37232,https://blinkit.com/prn/x/prid/188195,https://www.jiomart.com/p/groceries/engage-w1-perfume-spray-for-women-120-ml/491252932
37248,https://blinkit.com/prn/x/prid/15902,https://www.jiomart.com/p/groceries/fortune-kachi-ghani-mustard-oil-5-l-jar/490012710
3729,https://blinkit.com/prn/x/prid/301999,https://www.jiomart.com/product/garnier-men-shampoo-based-hair-color-brown-black-30-20-ml-mfpi0n-7577106
3730,https://blinkit.com/prn/x/prid/146828,https://www.jiomart.com/product/garnier-men-shampoo-based-hair-color-brown-black-30-20-ml-mfpi0n-7577106
3731,https://blinkit.com/prn/x/prid/22415,https://www.jiomart.com/p/groceries/godrej-expert-rich-cr-me-ammonia-free-hair-colour-natural-black-20-g-20-ml/490992289
3733,https://blinkit.com/prn/x/prid/22400,https://www.jiomart.com/p/groceries/garnier-black-naturals-ammonia-free-hair-colour-original-black-20-g-20-ml/491208644
3734,https://blinkit.com/prn/x/prid/301999,https://www.jiomart.com/p/groceries/garnier-color-naturals-permanent-hair-cream-burgundy-35-g-30-ml/612145381
3736,https://blinkit.com/prn/x/prid/136767,https://www.jiomart.com/p/groceries/garnier-color-naturals-creme-riche-ammonia-free-permanent-hair-color-natural-black-1-35-ml-30-g/590120522
3739,https://blinkit.com/prn/x/prid/941,
37395,https://blinkit.com/prn/x/prid/316741,https://www.jiomart.com/p/groceries/rexona-shower-fresh-underarm-roll-on-deodorant-for-women-antiperspirant-removes-odour-keeps-skin-fresh-clean-alcohol-free-skin-friendly-50-ml-axe/609185213
37423,https://blinkit.com/prn/x/prid/497422,https://www.jiomart.com/product/tata-iodised-salt-1-kg-milcl7-31049048
37425,https://blinkit.com/prn/x/prid/289036,https://www.jiomart.com/product/tata-sampann-unpolished-moong-dal-500-g-mffn9t-7541911
3750,https://blinkit.com/prn/x/prid/500889,https://www.jiomart.com/p/groceries/ponds-sun-protect-spf-50-non-oily-sunscreen-80-g/490992293
3768,https://blinkit.com/prn/x/prid/45240,
3783,https://blinkit.com/prn/x/prid/403256,https://www.jiomart.com/p/groceries/himalaya-tea-tree-oil-and-aloe-vera-anti-dandruff-shampoo-200-ml/490003346
3785,https://blinkit.com/prn/x/prid/536118,https://www.jiomart.com/p/wellness/himalaya-anti-hair-fall-shampoo-bhringaraja-180-ml/608292930
3787,https://blinkit.com/prn/x/prid/5036,https://www.jiomart.com/product/himalaya-gentle-baby-shampoo-with-hibiscus-chickpea-100-ml-mffmxs-7515906
3788,https://blinkit.com/prn/x/prid/5036,https://www.jiomart.com/product/himalaya-gentle-baby-cream-200ml-no1-doctor-prescribed-brand-nourishes-extra-soft-skin-ph-55-formulation-safe-for-newborns-mi7eti-18187180
37908,https://blinkit.com/prn/x/prid/21871,https://www.jiomart.com/p/groceries/catch-dahi-masala-sprinklers-50-g/490870008
37911,https://blinkit.com/prn/x/prid/36605,https://www.jiomart.com/p/wellness/colgate-zig-zag-anti-bacterial-toothbrush-medium/606920779
3797,https://blinkit.com/prn/x/prid/400783,https://www.jiomart.com/p/groceries/boroplus-healthy-skin-antiseptic-cream-with-skin-loving-herbs-120-ml/491437936
3798,https://blinkit.com/prn/x/prid/125152,https://www.jiomart.com/product/loreal-paris-total-repair-5-advanced-hair-conditioner-180-ml-mffnav-7544287
3809,https://blinkit.com/prn/x/prid/545908,
3810,https://blinkit.com/prn/x/prid/10643,
3811,https://blinkit.com/prn/x/prid/457998,https://www.jiomart.com/p/groceries/l-oreal-paris-casting-creme-gloss-ammonia-free-hair-colour-dark-brown-400-87-5-g-72-ml/490819083
38123,https://blinkit.com/prn/x/prid/53277,https://www.jiomart.com/p/groceries/vaseline-original-pure-skin-jelly-100-ml/490003765
3819,https://blinkit.com/prn/x/prid/916,https://www.jiomart.com/product/loreal-paris-6-oil-nourish-hair-conditioner-180-ml-mffmy5-7516655
3830,https://blinkit.com/prn/x/prid/11742,https://www.jiomart.com/p/groceries/mediker-natural-coconut-based-anti-lice-hair-oil-50-ml/590103109
3849,https://blinkit.com/prn/x/prid/22443,https://www.jiomart.com/p/groceries/pantene-pro-v-hair-fall-control-shampoo-180-ml/490003887
3859,https://blinkit.com/prn/x/prid/403229,https://www.jiomart.com/p/groceries/pantene-pro-v-advanced-hair-fall-control-shampoo-340-ml/490003892
3865,https://blinkit.com/prn/x/prid/495918,https://www.jiomart.com/p/groceries/parachute-100-pure-coconut-hair-oil-jar-100-ml/591017029
3892,https://blinkit.com/prn/x/prid/523826,https://www.jiomart.com/product/streax-hair-serum-vitalized-with-walnut-oil-45ml-mffnaz-7544529
3893,https://blinkit.com/prn/x/prid/558998,https://www.jiomart.com/product/streax-insta-shampoo-hair-colour-for-women-and-men-natural-black-18-ml-mffmxl-7515457
3910,https://blinkit.com/prn/x/prid/345992,https://www.jiomart.com/p/groceries/tresemme-pro-collection-hair-fall-defense-keratin-protein-shampoo-185-ml/490966835
3914,https://blinkit.com/prn/x/prid/349842,https://www.jiomart.com/p/groceries/tresemme-smooth-shine-shampoo-185-ml/490966838
3915,https://blinkit.com/prn/x/prid/106793,https://www.jiomart.com/p/groceries/tresemme-pro-collection-hair-fall-defense-keratin-protein-hair-conditioner-190-ml/490972107
3974,https://blinkit.com/prn/x/prid/25492,https://www.jiomart.com/p/groceries/gillette-classic-sensitive-shaving-cream-418-g/490008276
3979,https://blinkit.com/prn/x/prid/19705,https://www.jiomart.com/p/groceries/gillette-regular-sensitive-shaving-foam-418-g/490008277
3980,https://blinkit.com/prn/x/prid/19704,https://www.jiomart.com/p/groceries/gillette-regular-shaving-foam-50-g/611232235
3985,https://blinkit.com/prn/x/prid/364858,https://www.jiomart.com/p/groceries/godrej-aer-power-pocket-berry-rush-bathroom-fragrance-10-g/590369988
3986,https://blinkit.com/prn/x/prid/241046,https://www.jiomart.com/product/aer-power-pocket-fresh-blossom-bathroom-fragrance-10-g-mffmt7-7506180
3987,https://blinkit.com/prn/x/prid/224751,https://www.jiomart.com/p/groceries/godrej-aer-power-pocket-sea-breeze-bathroom-fragrance-10-g/590369990
3993,https://blinkit.com/prn/x/prid/225848,https://www.jiomart.com/product/aer-power-pocket-lavender-bloom-bathroom-fragrance-10-g-mffn6c-7534412
4040,https://blinkit.com/prn/x/prid/317342,https://www.jiomart.com/p/groceries/vwash-plus-expert-ph-3-5-intimate-hygiene-wash-20-ml/590106054
4085,https://blinkit.com/prn/x/prid/424215,https://www.jiomart.com/p/groceries/ariel-matic-top-load-liquid-detergent-1-l/590106531
4089,https://blinkit.com/prn/x/prid/19608,https://www.jiomart.com/product/dettol-menthol-cool-disinfectant-liquid-500-ml-mffnbo-7545964
4092,https://blinkit.com/prn/x/prid/357644,
4096,https://blinkit.com/prn/x/prid/459721,https://www.jiomart.com/p/groceries/fiama-peach-avocado-gel-bar-110-g/590105807
4102,https://blinkit.com/prn/x/prid/696632,
4103,https://blinkit.com/prn/x/prid/696631,https://www.jiomart.com/p/groceries/garnier-men-shampoo-based-hair-color-brown-black-3-0-20-ml/590122464
4109,https://blinkit.com/prn/x/prid/19225,https://www.jiomart.com/p/groceries/godrej-no-1-jasmine-soap-100-g-buy-4-get-1-free/590127908
4113,https://blinkit.com/prn/x/prid/210452,https://www.jiomart.com/p/groceries/godrej-no-1-saffron-milkcream-100-g-buy-3-get-1-free/590127910
4114,https://blinkit.com/prn/x/prid/108655,https://www.jiomart.com/p/groceries/godrej-no-1-lime-aloe-vera-soap-100-g-pack-of-4/490560274
4115,https://blinkit.com/prn/x/prid/368056,https://www.jiomart.com/p/groceries/godrej-no-1-sandal-turmeric-soap-100-g-pack-of-4/490002540
4128,https://blinkit.com/prn/x/prid/380186,https://www.jiomart.com/product/himalaya-gentle-baby-soap-75-g-pack-of-4-mffnay-7544448
4130,https://blinkit.com/prn/x/prid/170508,https://www.jiomart.com/p/groceries/himalaya-herbals-neem-turmeric-soap-125-g-pack-of-4/491249578
4131,https://blinkit.com/prn/x/prid/170508,https://www.jiomart.com/p/groceries/himalaya-neem-turmeric-soap-75-g-pack-of-4/491249580
4137,https://blinkit.com/prn/x/prid/81280,
4139,https://blinkit.com/prn/x/prid/5058,https://www.jiomart.com/p/groceries/johnson-s-baby-milk-rice-cream-100-g/490002035
4143,https://blinkit.com/prn/x/prid/108028,https://www.jiomart.com/product/margo-100-original-neem-soap-with-vitamin-e-100-g-mffn5w-7533414
4144,https://blinkit.com/prn/x/prid/439860,https://www.jiomart.com/p/groceries/margo-100-original-neem-soap-with-vitamin-e-100-g-buy-4-get-1-free/491337553
4148,https://blinkit.com/prn/x/prid/467546,https://www.jiomart.com/p/groceries/medimix-ayurvedic-18-herbs-classic-soap-125-g-pack-of-3/490429812
4149,https://blinkit.com/prn/x/prid/19934,https://www.jiomart.com/p/groceries/mysore-sandal-soap-75-g/490003581
4153,https://blinkit.com/prn/x/prid/19974,https://www.jiomart.com/p/groceries/nivea-waterlily-oil-shower-gel-250-ml/491085608
4155,https://blinkit.com/prn/x/prid/42229,https://www.jiomart.com/p/groceries/nivea-men-active-clean-shower-gel-250-ml/490920577
4166,https://blinkit.com/prn/x/prid/22690,https://www.jiomart.com/p/groceries/pears-pure-gentle-soap-75-g-buy-3-get-1-free/590119916
4168,https://blinkit.com/prn/x/prid/19481,https://www.jiomart.com/p/groceries/pears-pure-gentle-soap-with-natural-oils-125-g-pack-of-3/490337869
4170,https://blinkit.com/prn/x/prid/19481,https://www.jiomart.com/product/pears-pure-gentle-soap-with-natural-oils-100-g-mffmz2-7518586
4171,https://blinkit.com/prn/x/prid/23600,https://www.jiomart.com/p/groceries/pears-pure-gentle-soap-with-natural-oils-125-g/490003738
4172,https://blinkit.com/prn/x/prid/152381,https://www.jiomart.com/product/pears-pure-gentle-body-wash-250-ml-mffn66-7534008
4173,https://blinkit.com/prn/x/prid/18839,https://www.jiomart.com/product/pears-soft-fresh-soap-100-g-mffmwi-7513153
4174,https://blinkit.com/prn/x/prid/18839,https://www.jiomart.com/p/groceries/pears-soft-fresh-soap-with-mint-extracts-75-g/490003739
4175,https://blinkit.com/prn/x/prid/108704,https://www.jiomart.com/p/groceries/pond-s-white-beauty-anti-spot-fairness-spf-15-pa-day-cream-35-g/490936034
4179,https://blinkit.com/prn/x/prid/32287,
4194,https://blinkit.com/prn/x/prid/118170,https://www.jiomart.com/p/groceries/rexona-silky-soft-skin-coconut-olive-oil-soap-100-g/490003757
4196,https://blinkit.com/prn/x/prid/55453,https://www.jiomart.com/p/groceries/rin-detergent-powder-1-kg/490003789
4198,https://blinkit.com/prn/x/prid/19486,https://www.jiomart.com/p/groceries/rin-advanced-detergent-bar-250-g/490003793
4199,https://blinkit.com/prn/x/prid/28418,https://www.jiomart.com/p/groceries/santoor-sandal-turmeric-total-skin-care-soap-75-g-pack-of-4/590310605
4201,https://blinkit.com/prn/x/prid/28418,https://www.jiomart.com/p/groceries/santoor-sandal-turmeric-soap-100-g-pack-of-4/490503542
4224,https://blinkit.com/prn/x/prid/424216,https://www.jiomart.com/p/groceries/ariel-matic-front-load-liquid-detergent-1-l/590106532
42327,https://blinkit.com/prn/x/prid/212722,https://www.jiomart.com/product/nestle-chunky-caramel-kitkat-42-g-mffne6-7550432
42342,https://blinkit.com/prn/x/prid/13968,https://www.jiomart.com/p/groceries/nescafe-classic-instant-coffee-50-g-pouch/490001207
4237,https://blinkit.com/prn/x/prid/18548,https://www.jiomart.com/p/groceries/ghadi-detergent-powder-500-g/490555484
4239,https://blinkit.com/prn/x/prid/401,https://www.jiomart.com/p/groceries/godrej-ezee-winterwear-chiffon-silks-liquid-detergent-235-ml/490002586
4246,https://blinkit.com/prn/x/prid/68643,https://www.jiomart.com/p/groceries/harpic-floral-disinfectant-bathroom-cleaner-500-ml/491167950
4247,https://blinkit.com/prn/x/prid/68713,https://www.jiomart.com/product/lizol-jasmine-disinfectant-surface-cleaner-500-ml-miefbc-24072243
4248,https://blinkit.com/prn/x/prid/18577,https://www.jiomart.com/product/lizol-jasmine-disinfectant-surface-cleaner-975-ml-milckq-31047500
4251,https://blinkit.com/prn/x/prid/59843,https://www.jiomart.com/product/lizol-jasmine-disinfectant-surface-cleaner-500-ml-miefbc-24072243
4256,https://blinkit.com/prn/x/prid/533429,
4262,https://blinkit.com/prn/x/prid/346869,https://www.jiomart.com/p/groceries/pitambari-rooperi-silver-shine-dishwash-powder-combo-pack-50-ml-30-g/491066460
4264,https://blinkit.com/prn/x/prid/58051,https://www.jiomart.com/p/groceries/revive-anti-bacteria-instant-starch-200-g/490002120
4266,https://blinkit.com/prn/x/prid/28334,https://www.jiomart.com/p/groceries/revive-liquid-stiffener-400-g/490877945
4267,https://blinkit.com/prn/x/prid/28334,https://www.jiomart.com/product/revive-liquid-stiffener-200-g-miedwe-24051297
4273,https://blinkit.com/prn/x/prid/330348,https://www.jiomart.com/p/groceries/savlon-antiseptic-disinfectant-liquid-100-ml/490575430
42781,https://blinkit.com/prn/x/prid/148496,
42809,https://blinkit.com/prn/x/prid/641891,
42810,https://blinkit.com/prn/x/prid/45536,https://www.jiomart.com/p/groceries/amul-pure-ghee-40-ml-pouch/590141181
42830,https://blinkit.com/prn/x/prid/393941,
4286,https://blinkit.com/prn/x/prid/293867,https://www.jiomart.com/product/surf-excel-quick-wash-detergent-powder-1-kg-miedz2-24052264
42875,https://blinkit.com/prn/x/prid/113977,https://www.jiomart.com/p/groceries/del-monte-tomato-ketchup-1-1-kg/590126648
4288,https://blinkit.com/prn/x/prid/11619,https://www.jiomart.com/p/groceries/surf-excel-quick-wash-detergent-powder-500-g/490003776
42934,https://blinkit.com/prn/x/prid/383177,https://www.jiomart.com/product/ganesh-chana-sattu-500-g-mffn2i-7526086
42940,https://blinkit.com/prn/x/prid/11604,https://www.jiomart.com/p/groceries/godrej-ezee-winterwear-chiffon-silks-liquid-detergent-470-ml/490002585
42974,https://blinkit.com/prn/x/prid/25725,
42975,https://blinkit.com/prn/x/prid/458380,
43034,https://blinkit.com/prn/x/prid/183583,https://www.jiomart.com/p/groceries/organic-tattva-yellow-moong-dal-500-g/590126985
43094,https://blinkit.com/prn/x/prid/448340,https://www.jiomart.com/p/groceries/santoor-aloe-fresh-soap-125-g-buy-4-get-1-free/491538378
4310,https://blinkit.com/prn/x/prid/174098,https://www.jiomart.com/product/vaseline-intensive-care-deep-moisture-body-lotion-90-ml-mffn79-7536421
4315,https://blinkit.com/prn/x/prid/61761,https://www.jiomart.com/product/vim-dishwash-bar-500-g-mpfant-101798050
4326,https://blinkit.com/prn/x/prid/127083,
4329,https://blinkit.com/prn/x/prid/485820,https://www.jiomart.com/p/groceries/good-knight-activ-lavender-mosquito-repellent-refill-45-ml-pack-of-2/491398408
4334,https://blinkit.com/prn/x/prid/422973,https://www.jiomart.com/p/groceries/good-knight-gold-flash-mosquito-repellent-machine-refill-45-ml/491633338
4335,https://blinkit.com/prn/x/prid/79024,https://www.jiomart.com/p/groceries/hit-crawling-insect-killer-spray-400-ml/490024485
4337,https://blinkit.com/prn/x/prid/425,https://www.jiomart.com/product/hicare-pci-pest-seal-cockroach-repellent-spray-mj7lb8-54513567
4338,https://blinkit.com/prn/x/prid/426,https://www.jiomart.com/p/groceries/hit-lime-fresh-flying-insect-killer-spray-200-ml/590105672
4347,https://blinkit.com/prn/x/prid/243244,https://www.jiomart.com/p/groceries/patanjali-gonyle-floor-cleaner-5-l/608686503
43501,https://blinkit.com/prn/x/prid/19250,https://www.jiomart.com/product/haldirams-nagpur-aloo-bhujia-200-g-mffn0i-7521847
43502,https://blinkit.com/prn/x/prid/368777,https://www.jiomart.com/p/groceries/bagrry-s-original-healthier-cornflakes-plus-880-g/491379262
43504,https://blinkit.com/prn/x/prid/427135,https://www.jiomart.com/p/groceries/parle-marie-biscuits-800-g/590441794
43505,https://blinkit.com/prn/x/prid/427128,https://www.jiomart.com/product/parle-platina-nutricrunch-digestive-cookies-1-kg-mffmtp-7507280
43506,https://blinkit.com/prn/x/prid/429789,https://www.jiomart.com/product/britannia-good-day-cashew-biscuits-905-g-mffn3q-7528539
43521,https://blinkit.com/prn/x/prid/36014,https://www.jiomart.com/product/haldirams-nagpur-khatta-meetha-200-g-mo7cn1-81191130
43529,https://blinkit.com/prn/x/prid/482455,https://www.jiomart.com/p/groceries/sunfeast-dark-fantasy-vanilla-creme-biscuits-300-g/590126856
43532,https://blinkit.com/prn/x/prid/117520,
4393,https://blinkit.com/prn/x/prid/11196,https://www.jiomart.com/p/groceries/patanjali-cow-ghee-1-1-l/605854311
4396,https://blinkit.com/prn/x/prid/94853,https://www.jiomart.com/product/tulips-wooden-stick-toothpicks-240-pcs-mffn5k-7532700
4399,https://blinkit.com/prn/x/prid/501061,https://www.jiomart.com/p/groceries/little-s-soft-cleansing-baby-wipes-80-pcs/590087150
4403,https://blinkit.com/prn/x/prid/185781,https://www.jiomart.com/product/himalaya-gentle-baby-wipes-72-pcs-mffn3p-7528468
4427,https://blinkit.com/prn/x/prid/205888,https://www.jiomart.com/p/groceries/kangaro-munix-no-10-1m-staple-pin-pack-of-20/590033263
44295,https://blinkit.com/prn/x/prid/488707,https://www.jiomart.com/p/groceries/mtr-3-minute-breakfast-instant-vegetable-upma-mix-60-g/491335027
4440,https://blinkit.com/prn/x/prid/19717,https://www.jiomart.com/p/groceries/gillette-guard-cartridge/590127126
4442,https://blinkit.com/prn/x/prid/19718,https://www.jiomart.com/p/groceries/gillette-guard-shaving-razor/590105847
4445,https://blinkit.com/prn/x/prid/19717,https://www.jiomart.com/p/groceries/gillette-guard-cartridge/590127126
4450,https://blinkit.com/prn/x/prid/19722,https://www.jiomart.com/p/groceries/gillette-mach3-shaving-cartridge-3-blades-2-pcs/490008607
4451,https://blinkit.com/prn/x/prid/19704,https://www.jiomart.com/p/groceries/gillette-regular-shaving-cream-30-g/590878296
4458,https://blinkit.com/prn/x/prid/19223,https://www.jiomart.com/p/groceries/gillette-wilkinson-sword-blade-5-pcs/590970023
4471,https://blinkit.com/prn/x/prid/526484,
4483,https://blinkit.com/prn/x/prid/588277,
4500,https://blinkit.com/prn/x/prid/520325,https://www.jiomart.com/p/groceries/scotch-brite-stainless-steel-scrub-and-scrub-pad-1pc-1-pcs-6-9-cm-x-10-1-cm/598109848
4501,https://blinkit.com/prn/x/prid/469431,https://www.jiomart.com/product/scotch-brite-stainless-steel-scrub-and-scrub-pad-1pc-1-pcs-69-cm-x-101-cm-mffn4k-7530468
4503,https://blinkit.com/prn/x/prid/469431,https://www.jiomart.com/p/groceries/scotch-brite-silver-sparks-scrub-pad-9-5-cm-x-14-cm-3-pcs/590810506
4504,https://blinkit.com/prn/x/prid/469431,https://www.jiomart.com/p/groceries/scotch-brite-silver-sparks-scrub-pad-7-cm-x-10-cm/590313562
4513,https://blinkit.com/prn/x/prid/696821,
4550,https://blinkit.com/prn/x/prid/394402,
4564,https://blinkit.com/prn/x/prid/69430,https://www.jiomart.com/p/groceries/stayfree-secure-cottony-soft-sanitary-napkin-with-wings-regular-7-pads/490575426
4566,https://blinkit.com/prn/x/prid/10890,https://www.jiomart.com/p/groceries/stayfree-secure-dry-cover-sanitary-napkin-with-wings-regular-7-pads/490020791
4567,https://blinkit.com/prn/x/prid/112604,https://www.jiomart.com/p/groceries/stayfree-secure-cottony-soft-cover-sanitary-napkin-with-wings-xl-6-pads/490824630
4575,https://blinkit.com/prn/x/prid/496278,
4578,https://blinkit.com/prn/x/prid/581129,https://www.jiomart.com/product/parrot-jeera-powder-100-g-mffmw5-7512457
4583,https://blinkit.com/prn/x/prid/581127,https://www.jiomart.com/product/parrot-shahjeera-50-g-miedp7-24047950
4586,https://blinkit.com/prn/x/prid/581130,https://www.jiomart.com/product/parrot-shahjeera-50-g-miedp7-24047950
4593,https://blinkit.com/prn/x/prid/581128,https://www.jiomart.com/p/groceries/parrot-chilli-mirchi-powder-100-g/490307247
4595,https://blinkit.com/prn/x/prid/581134,https://www.jiomart.com/product/parrot-mahin-sounf-100-g-mieelt-24061678
4597,https://blinkit.com/prn/x/prid/581134,https://www.jiomart.com/p/groceries/parrot-mix-masala-200-g/490307251
4605,https://blinkit.com/prn/x/prid/598494,https://www.jiomart.com/product/parrot-mix-masala-200-g-mffms9-7503846
4614,https://blinkit.com/prn/x/prid/15477,https://www.jiomart.com/p/groceries/sugar-free-natura-100-pellets/590113762
4632,https://blinkit.com/prn/x/prid/67372,https://www.jiomart.com/product/kurkure-masala-munch-36-g-mffmv3-7510128
4633,https://blinkit.com/prn/x/prid/140943,https://www.jiomart.com/p/groceries/kurkure-green-chutney-rajasthani-style-105-g/590033330
4634,https://blinkit.com/prn/x/prid/67372,https://www.jiomart.com/product/kurkure-masala-munch-namkeen-75-g-mfpi96-7596187
4636,https://blinkit.com/prn/x/prid/367837,https://www.jiomart.com/p/groceries/kurkure-yummy-cheese-puffcorn-28-g/590033334
4637,https://blinkit.com/prn/x/prid/578,https://www.jiomart.com/product/lays-american-style-cream-onion-potato-chips-48-g-mffmt9-7506331
4638,https://blinkit.com/prn/x/prid/289152,https://www.jiomart.com/p/groceries/lay-s-west-indies-hot-sweet-chilli-potato-chips-82-g/611313234
4639,https://blinkit.com/prn/x/prid/240092,https://www.jiomart.com/product/lays-indias-magic-masala-potato-chips-48-g-mffmx7-7514675
4643,https://blinkit.com/prn/x/prid/578,https://www.jiomart.com/p/groceries/lay-s-american-style-cream-onion-potato-chips-26-g/590120561
4644,https://blinkit.com/prn/x/prid/240092,https://www.jiomart.com/p/groceries/lay-s-india-s-magic-masala-potato-chips-30-g/590120563
4646,https://blinkit.com/prn/x/prid/577,https://www.jiomart.com/p/groceries/lay-s-spanish-tomato-tango-potato-chips-52-g/490003815
46518,https://blinkit.com/prn/x/prid/19297,https://www.jiomart.com/p/groceries/haldiram-s-nagpur-navratan-mix-1kg/591793918
46535,https://blinkit.com/prn/x/prid/431717,
46536,https://blinkit.com/prn/x/prid/436465,https://www.jiomart.com/p/groceries/little-s-comfy-baby-pants-s-42-count-4-8-kg/590657265
4666,https://blinkit.com/prn/x/prid/45377,https://www.jiomart.com/p/groceries/uncle-chipps-plain-salted-potato-chips-55-g/490005275
4669,https://blinkit.com/prn/x/prid/45377,https://www.jiomart.com/p/groceries/uncle-chipps-plain-salted-potato-chips-55-g/490005275
4675,https://blinkit.com/prn/x/prid/122997,https://www.jiomart.com/product/kinley-soda-750-ml-mffn0n-7522139
4676,https://blinkit.com/prn/x/prid/348030,https://www.jiomart.com/p/groceries/lehar-evervess-soda-750-ml-590008700/491317058
46762,https://blinkit.com/prn/x/prid/207041,https://www.jiomart.com/p/groceries/mcvitie-s-digestive-biscuits-value-pack-200-g/491551732
46767,https://blinkit.com/prn/x/prid/56007,https://www.jiomart.com/product/emami-healthy-tasty-ultra-lite-refined-soyabean-oil-825-g-mffms5-7503362
4685,https://blinkit.com/prn/x/prid/300,https://www.jiomart.com/p/groceries/mirinda-orange-750-ml/491208776
4686,https://blinkit.com/prn/x/prid/95025,https://www.jiomart.com/p/groceries/mirinda-orange-2-25-l/490004177
46886,https://blinkit.com/prn/x/prid/71176,https://www.jiomart.com/product/joy-apricot-and-peach-long-and-silky-conditioning-paraben-free-shampoo-340ml-pack-of-2-mj705l-49844016
46887,https://blinkit.com/prn/x/prid/496444,https://www.jiomart.com/p/groceries/joy-hair-fruits-shining-black-conditioning-shampoo-340-ml/590804202
4690,https://blinkit.com/prn/x/prid/77493,https://www.jiomart.com/product/pepsi-225-l-mffn9a-7540751
4694,https://blinkit.com/prn/x/prid/10562,https://www.jiomart.com/p/groceries/sprite-250-ml-590008784/491334836
46943,https://blinkit.com/prn/x/prid/458381,https://www.jiomart.com/p/groceries/pond-s-white-beauty-spot-less-fairness-face-wash-with-micro-foam-100-g/490691485
46945,https://blinkit.com/prn/x/prid/661282,https://www.jiomart.com/p/groceries/pramod-jhal-mix-400-g/607530605
46955,https://blinkit.com/prn/x/prid/428667,https://www.jiomart.com/p/groceries/savlon-glycerin-bathing-bar-125-g-pack-of-5/591013554
4696,https://blinkit.com/prn/x/prid/312,https://www.jiomart.com/product/sprite-750-ml-mffmyq-7517896
4697,https://blinkit.com/prn/x/prid/10563,https://www.jiomart.com/p/groceries/thums-up-1-25-l/490375756
4698,https://blinkit.com/prn/x/prid/314,https://www.jiomart.com/product/thums-up-750-ml-mffmxj-7515336
4701,https://blinkit.com/prn/x/prid/314,https://www.jiomart.com/p/groceries/thums-up-750-ml/491085935
4703,https://blinkit.com/prn/x/prid/11383,https://www.jiomart.com/p/groceries/everyuth-walnut-exfoliating-scrub-100-g/490003466
4704,https://blinkit.com/prn/x/prid/11383,https://www.jiomart.com/product/everyuth-natural-glow-orange-peel-off-mask-50-g-mffn0z-7522889
4707,https://blinkit.com/prn/x/prid/544848,https://www.jiomart.com/product/fiama-bearberry-blackcurrant-gel-bar-125-g-pack-of-3-mffmsj-7504618
4708,https://blinkit.com/prn/x/prid/124474,https://www.jiomart.com/product/fiama-blackcurrant-bearberry-shower-gel-250-ml-mffmra-7501956
4709,https://blinkit.com/prn/x/prid/36713,https://www.jiomart.com/p/groceries/fiama-peach-avocado-shower-gel-250-ml/490360971
4711,https://blinkit.com/prn/x/prid/11484,https://www.jiomart.com/p/groceries/garnier-men-acno-fight-anti-pimple-face-wash-100-g/491100947
4712,https://blinkit.com/prn/x/prid/1023,
4713,https://blinkit.com/prn/x/prid/187604,
4714,https://blinkit.com/prn/x/prid/465885,https://www.jiomart.com/product/garnier-men-acno-fight-aniti-pimple-face-wash-50-g-mffn4b-7529890
4724,https://blinkit.com/prn/x/prid/19790,https://www.jiomart.com/product/himalaya-purifying-neem-face-wash-50ml-pack-of-3-mj73xd-50546703
4732,https://blinkit.com/prn/x/prid/30786,https://www.jiomart.com/p/groceries/himalaya-neem-purifying-face-wash-200-ml/490871345
4736,https://blinkit.com/prn/x/prid/19790,https://www.jiomart.com/p/groceries/himalaya-purifying-neem-face-wash-100-ml/490003413
4747,https://blinkit.com/prn/x/prid/96075,
4751,https://blinkit.com/prn/x/prid/95388,https://www.jiomart.com/p/groceries/patanjali-aloe-vera-kanti-body-cleanser-75-g/491061083
4752,https://blinkit.com/prn/x/prid/10792,https://www.jiomart.com/p/groceries/patanjali-neem-kanti-body-cleanser-75-g/491061086
4756,https://blinkit.com/prn/x/prid/11374,https://www.jiomart.com/p/groceries/patanjali-saundarya-face-wash-with-orange-peel-neem-tulsi-aloe-vera-60-g/491061087
4758,https://blinkit.com/prn/x/prid/10855,https://www.jiomart.com/p/groceries/patanjali-haldi-chandan-kanti-body-cleanser-75-g/491061081
4760,https://blinkit.com/prn/x/prid/117517,https://www.jiomart.com/p/groceries/surf-excel-detergent-bar-90-g/490003785
4765,https://blinkit.com/prn/x/prid/209345,https://www.jiomart.com/product/himalaya-complete-care-toothpaste-150-g-mffmuc-7508546
4766,https://blinkit.com/prn/x/prid/83329,https://www.jiomart.com/p/groceries/oral-b-sensitive-whitening-soft-toothbrush/590087198
4774,https://blinkit.com/prn/x/prid/52594,https://www.jiomart.com/product/gowardhan-pure-cow-ghee-500-ml-jar-mffn2d-7525784
4797,https://blinkit.com/prn/x/prid/488340,https://www.jiomart.com/p/groceries/kellogg-s-nuts-delight-muesli-500-g/490478298
4805,https://blinkit.com/prn/x/prid/11102,https://www.jiomart.com/product/parle-hide-seek-chocolate-chip-cookies-100-g-mffn80-7538083
4814,https://blinkit.com/prn/x/prid/263545,https://www.jiomart.com/p/groceries/parle-monaco-biscuits-75-4-g/490087809
4816,https://blinkit.com/prn/x/prid/529328,https://www.jiomart.com/p/groceries/patanjali-nariyal-biscuits-92-85-g/491089330
4821,https://blinkit.com/prn/x/prid/46074,https://www.jiomart.com/product/parle-premium-milk-rusk-182-g-pack-mffmy3-7516548
4826,https://blinkit.com/prn/x/prid/526,https://www.jiomart.com/p/groceries/parle-hide-seek-black-bourbon-vanilla-cream-biscuits-100-g/491061426
4830,https://blinkit.com/prn/x/prid/185368,https://www.jiomart.com/product/britannia-nutri-choice-5-grain-digestive-biscuits-192-g-mffmzk-7518924
4843,https://blinkit.com/prn/x/prid/499977,
4845,https://blinkit.com/prn/x/prid/361357,https://www.jiomart.com/p/groceries/parle-fab-bourbon-chocolate-cream-biscuits-60-g/590033316
4846,https://blinkit.com/prn/x/prid/216915,https://www.jiomart.com/p/groceries/parle-hide-seek-black-bourbon-chocolate-cream-biscuits-100-g/491061427
4853,https://blinkit.com/prn/x/prid/496462,https://www.jiomart.com/p/groceries/parle-g-biscuits-110-g-get-20-g-extra/491539619
4854,https://blinkit.com/prn/x/prid/17710,https://www.jiomart.com/product/parle-marie-biscuits-2632-g-mffnes-7551694
4863,https://blinkit.com/prn/x/prid/263545,https://www.jiomart.com/p/groceries/parle-monaco-salted-biscuits-200-g/490000415
4872,https://blinkit.com/prn/x/prid/660748,
4876,https://blinkit.com/prn/x/prid/16724,
4883,https://blinkit.com/prn/x/prid/11173,
4897,https://blinkit.com/prn/x/prid/216125,https://www.jiomart.com/p/groceries/unibic-oatmeal-digestive-cookies-150-g-buy-1-get-1/491209616
4910,https://blinkit.com/prn/x/prid/549895,https://www.jiomart.com/product/thums-up-250-ml-mffmvf-7510859
4915,https://blinkit.com/prn/x/prid/19652,https://www.jiomart.com/p/groceries/eno-lemon-flavour-fruit-salt-5-g/590119927
4919,https://blinkit.com/prn/x/prid/10841,https://www.jiomart.com/p/groceries/eno-lemon-flavour-fruit-salt-100-g/490020765
4929,https://blinkit.com/prn/x/prid/117641,https://www.jiomart.com/p/groceries/maaza-refresh-mango-drink-125-ml/602533485
4934,https://blinkit.com/prn/x/prid/356,https://www.jiomart.com/product/real-fruit-power-orange-juice-1-l-mffmuf-7508751
4938,https://blinkit.com/prn/x/prid/17489,https://www.jiomart.com/p/groceries/real-mixed-fruit-juice-200-ml/490558558
4939,https://blinkit.com/prn/x/prid/353,https://www.jiomart.com/product/real-fruit-power-mixed-fruit-juice-1-l-mffn81-7538156
4947,https://blinkit.com/prn/x/prid/106,https://www.jiomart.com/product/tata-lite-sodium-curtailed-iodised-salt-1-kg-milcl3-31048831
4949,https://blinkit.com/prn/x/prid/105,https://www.jiomart.com/product/tata-iodised-salt-1-kg-milcl7-31049048
4957,https://blinkit.com/prn/x/prid/96071,https://www.jiomart.com/p/groceries/nivea-shea-smooth-body-lotion-400ml/603212677
4959,https://blinkit.com/prn/x/prid/11352,https://www.jiomart.com/p/groceries/johnson-s-baby-lotion-100-ml/490002044
4972,https://blinkit.com/prn/x/prid/21552,https://www.jiomart.com/product/navratna-ayurvedic-cool-hair-oil-with-9-active-herbal-ingredients-90-ml-mffmrx-7503044
4980,https://blinkit.com/prn/x/prid/378975,https://www.jiomart.com/p/groceries/nihar-naturals-jasmine-coconut-hair-oil-100-ml/490002172
4981,https://blinkit.com/prn/x/prid/378975,https://www.jiomart.com/product/nihar-naturals-shanti-amla-badam-hair-oil-190-ml-mffnba-7545165
4985,https://blinkit.com/prn/x/prid/409629,https://www.jiomart.com/p/groceries/parachute-advansed-aloe-vera-enriched-coconut-hair-oil-150-ml/491229714
4987,https://blinkit.com/prn/x/prid/407479,https://www.jiomart.com/p/groceries/paracute-advance-gold-hair-oil-500-ml/491439592
4988,https://blinkit.com/prn/x/prid/409629,https://www.jiomart.com/p/groceries/parachute-advansed-aloe-vera-enriched-coconut-hair-oil-150-ml/491229714
4993,https://blinkit.com/prn/x/prid/24431,https://www.jiomart.com/p/groceries/parachute-advansed-jasmine-coconut-non-sticky-hair-oil-300-ml/490819089
4996,https://blinkit.com/prn/x/prid/10624,https://www.jiomart.com/p/groceries/parachute-advansed-jasmine-coconut-non-sticky-hair-oil-90-ml/490016062
4999,https://blinkit.com/prn/x/prid/143319,https://www.jiomart.com/p/groceries/patanjali-coconut-oil-200-ml-j-pack-of-3/609390224
5003,https://blinkit.com/prn/x/prid/10607,https://www.jiomart.com/product/parachute-pure-coconut-oil-100-ml-mffmta-7506349
5008,https://blinkit.com/prn/x/prid/328948,https://www.jiomart.com/p/groceries/himalaya-sparkling-white-toothpaste-150-g/611225288
5009,https://blinkit.com/prn/x/prid/328948,https://www.jiomart.com/p/groceries/himalaya-sparkling-white-gel-toothpaste-80-g/491296366
5010,https://blinkit.com/prn/x/prid/417402,https://www.jiomart.com/p/groceries/meswak-complete-oral-care-toothpaste-100-g/490004769
5012,https://blinkit.com/prn/x/prid/74491,https://www.jiomart.com/p/groceries/patanjali-dant-kanti-natural-toothpaste-200-200-100-g/491470555
5013,https://blinkit.com/prn/x/prid/10656,https://www.jiomart.com/product/patanjali-dant-kanti-natural-toothpaste-200-g-mffmsf-7504260
50199,https://blinkit.com/prn/x/prid/440084,https://www.jiomart.com/p/groceries/sunfeast-dark-fantasy-vanilla-fill-cream-biscuits-100-g/490335858
5021,https://blinkit.com/prn/x/prid/366189,https://www.jiomart.com/p/groceries/sensodyne-deep-clean-toothpaste-70-g/491373523
5024,https://blinkit.com/prn/x/prid/267172,https://www.jiomart.com/product/sensodyne-repair-protect-sensitive-toothpaste-100-g-mffn0b-7521394
5026,https://blinkit.com/prn/x/prid/92728,https://www.jiomart.com/product/sensodyne-fresh-gel-toothpast-value-pack-of-2-150-g-mffnde-7548507
5029,https://blinkit.com/prn/x/prid/92727,https://www.jiomart.com/p/groceries/sensodyne-sensitive-fresh-mint-toothpaste-150-g/490959103
5031,https://blinkit.com/prn/x/prid/92727,https://www.jiomart.com/p/groceries/sensodyne-sensitive-fresh-mint-toothpaste-40-g/490766822
5045,https://blinkit.com/prn/x/prid/420172,https://www.jiomart.com/product/liril-lemon-tea-tree-oil-soap-pack-of-4-125-g-each-mffmyg-7517319
5048,https://blinkit.com/prn/x/prid/354606,https://www.jiomart.com/p/groceries/patanjali-lemon-and-wood-ash-super-dishwash-bar-175-g/491184254
5056,https://blinkit.com/prn/x/prid/18555,https://www.jiomart.com/p/groceries/surf-excel-easy-wash-detergent-powder-1-5-kg/490003796
5076,https://blinkit.com/prn/x/prid/403045,
5106,https://blinkit.com/prn/x/prid/68554,
5108,https://blinkit.com/prn/x/prid/425752,https://www.jiomart.com/p/groceries/moreish-brown-bread-400-gm/490887315
5110,https://blinkit.com/prn/x/prid/479316,
5111,https://blinkit.com/prn/x/prid/572152,
5185,https://blinkit.com/prn/x/prid/18555,https://www.jiomart.com/p/groceries/surf-excel-easy-wash-detergent-powder-3-kg/490225940
5190,https://blinkit.com/prn/x/prid/127062,https://www.jiomart.com/product/nutella-hazelnut-spread-with-cocoa-jar-180-g-with-bigger-pack-mj9xc6-61959952
5200,https://blinkit.com/prn/x/prid/10715,https://www.jiomart.com/p/groceries/nestle-everyday-dairy-whitener-200-g-pouch/490188707
5201,https://blinkit.com/prn/x/prid/10715,https://www.jiomart.com/p/groceries/nestle-everyday-dairy-whitener-20-g-pouch/491298071
644,https://blinkit.com/prn/x/prid/525529,https://www.jiomart.com/p/groceries/good-life-ajwain-100-g/491185112
645,https://blinkit.com/prn/x/prid/529846,https://www.jiomart.com/p/groceries/good-life-almonds-100-g/491186623
646,https://blinkit.com/prn/x/prid/526222,https://www.jiomart.com/p/groceries/good-life-almonds-200-g/491186624
650,https://blinkit.com/prn/x/prid/527598,
654,https://blinkit.com/prn/x/prid/525533,https://www.jiomart.com/p/groceries/good-life-cardamom-black-50-g/610840057
657,https://blinkit.com/prn/x/prid/528781,https://www.jiomart.com/p/groceries/good-life-chana-dal-1-kg/491187252
659,https://blinkit.com/prn/x/prid/527583,
660,https://blinkit.com/prn/x/prid/527583,https://www.jiomart.com/product/ahaar-chana-brown-500g-kala-chana-whole-black-gram-mj76s2-50907036
66020,https://blinkit.com/prn/x/prid/496728,
661,https://blinkit.com/prn/x/prid/526234,https://www.jiomart.com/p/groceries/good-life-chironji-100-g/491186642
66207,https://blinkit.com/prn/x/prid/352107,https://www.jiomart.com/p/groceries/exo-ginger-twist-anti-bacterial-round-dishwash-bar-700-g-pack-of-4/590917292
66271,https://blinkit.com/prn/x/prid/18839,https://www.jiomart.com/p/groceries/pears-soft-fresh-soap-with-mint-extracts-125-g-buy-3-get-1-free/491127554
66275,https://blinkit.com/prn/x/prid/587082,https://www.jiomart.com/p/groceries/pro-ease-go-sanitary-pads-xl-15-pcs/611169680
66348,https://blinkit.com/prn/x/prid/60749,https://www.jiomart.com/product/parle-g-original-glucose-biscuits-800-g-mffn9g-7541098
66390,https://blinkit.com/prn/x/prid/716931,
664,https://blinkit.com/prn/x/prid/526241,https://www.jiomart.com/product/dhani-nuts-organic-black-dry-dates-kala-chuhara-traditional-dry-fruit-rich-in-fiber-iron-minerals-for-strength-digestion-and-overall-wellness-pack-of-1-250g-mjsau8-69498443
665,https://blinkit.com/prn/x/prid/526241,https://www.jiomart.com/product/dhani-nuts-premium-yellow-dry-dates-yellow-chuhara-handpicked-dry-fruits-rich-in-iron-fiber-antioxidants-for-immunity-strength-and-vitality-pack-of-1-250g-mjs6y4-69442687
66545,https://blinkit.com/prn/x/prid/587311,https://www.jiomart.com/p/groceries/joy-honey-and-almonds-nourishing-body-lotion-750ml/602252295
66698,https://blinkit.com/prn/x/prid/438914,
66796,https://blinkit.com/prn/x/prid/716299,https://www.jiomart.com/p/groceries/meri-chai-strong-ctc-tea-pouch-250-g/593557855
66809,https://blinkit.com/prn/x/prid/352881,
66854,https://blinkit.com/prn/x/prid/9483,https://www.jiomart.com/p/groceries/limca-250-ml-590008701/491373674
669,https://blinkit.com/prn/x/prid/528791,https://www.jiomart.com/p/groceries/good-life-thick-poha-aval-500-g/491185265
67095,https://blinkit.com/prn/x/prid/18357,https://www.jiomart.com/p/groceries/parle-g-gold-biscuits-1-kg/491335633
67128,https://blinkit.com/prn/x/prid/496412,https://www.jiomart.com/p/groceries/joy-skin-fruit-brightening-face-wash-100-ml/590120414
67129,https://blinkit.com/prn/x/prid/525479,https://www.jiomart.com/p/groceries/pond-s-white-beauty-spot-less-fairness-face-wash-with-advanced-vitamin-b3-200-g/491420450
67160,https://blinkit.com/prn/x/prid/397485,https://www.jiomart.com/product/britannia-treat-cocoa-creme-croissant-45-g-pack-mieeu1-24065077
67161,https://blinkit.com/prn/x/prid/480668,https://www.jiomart.com/p/groceries/britannia-treat-croissant-mixed-fruit-47-g-pack/592297129
67162,https://blinkit.com/prn/x/prid/397484,https://www.jiomart.com/product/britannia-treat-cocoa-creme-croissant-45-g-pack-mieeu1-24065077
67174,https://blinkit.com/prn/x/prid/402488,https://www.jiomart.com/p/groceries/cadbury-oreo-choco-creme-biscuits-300-g/590313090
67194,https://blinkit.com/prn/x/prid/11173,https://www.jiomart.com/p/groceries/sunfeast-mom-s-magic-cashew-almond-biscuits-600-g/491502849
672,https://blinkit.com/prn/x/prid/525541,https://www.jiomart.com/p/groceries/good-life-clove-50-g/491185126
67206,https://blinkit.com/prn/x/prid/580444,
67278,https://blinkit.com/prn/x/prid/41302,https://www.jiomart.com/p/groceries/eveready-ultima-alkaline-aa-batteries-pack-of-6/604536605
67279,https://blinkit.com/prn/x/prid/364609,https://www.jiomart.com/p/groceries/fair-handsome-oil-clear-instant-fairness-face-wash-50-g/491296634
67293,https://blinkit.com/prn/x/prid/319259,https://www.jiomart.com/p/groceries/glow-lovely-bright-glow-face-wash-100-g/606122581
673,https://blinkit.com/prn/x/prid/525547,https://www.jiomart.com/p/groceries/good-life-coconut-powder-250-g/491185157
674,https://blinkit.com/prn/x/prid/525547,https://www.jiomart.com/p/groceries/good-life-coconut-powder-250-g/491185157
67494,https://blinkit.com/prn/x/prid/386311,https://www.jiomart.com/p/groceries/parle-grand-londonderry-toffee-217-8-g/590049211
67500,https://blinkit.com/prn/x/prid/38279,https://www.jiomart.com/p/groceries/scotch-brite-sponge-wipe/490006004
67563,https://blinkit.com/prn/x/prid/375822,https://www.jiomart.com/p/groceries/amul-avsar-kaju-katri-200-g/590067346
676,https://blinkit.com/prn/x/prid/532973,
67616,https://blinkit.com/prn/x/prid/23816,https://www.jiomart.com/product/colgate-natural-strawberry-flavour-kids-toothpaste-80-g-3-5-years-mffn13-7523128
67638,https://blinkit.com/prn/x/prid/533025,https://www.jiomart.com/product/ponds-hydrated-glow-hyaluronic-acid-vitamin-e-super-light-gel-50-ml-mffmvz-7512053
67689,https://blinkit.com/prn/x/prid/45340,
67696,https://blinkit.com/prn/x/prid/35347,https://www.jiomart.com/p/groceries/everyuth-tulsi-turmeric-face-wash-165-g/491203363
677,https://blinkit.com/prn/x/prid/532973,
67707,https://blinkit.com/prn/x/prid/564613,
67733,https://blinkit.com/prn/x/prid/131662,https://www.jiomart.com/p/groceries/dnv-mustard-kasundi-700-ml/491280064
67775,https://blinkit.com/prn/x/prid/272112,https://www.jiomart.com/product/britannia-nutrichoice-hi-fibre-digestive-biscuits-917-g-mffmyg-7517310
67777,https://blinkit.com/prn/x/prid/351675,https://www.jiomart.com/product/pure-tatva-organics-anti-pollution-face-wash-100g-pack-of-2-mjwy1i-69754573
67866,https://blinkit.com/prn/x/prid/429663,https://www.jiomart.com/p/groceries/vim-dishwash-liquid-gel-lemon-refill-pouch-2-ltr/604129264
680,https://blinkit.com/prn/x/prid/525535,https://www.jiomart.com/p/groceries/good-life-cassia-bark-50-g/491185115
68039,https://blinkit.com/prn/x/prid/495701,https://www.jiomart.com/p/groceries/ayush-purifying-turmeric-soap-100-g/491502769
681,https://blinkit.com/prn/x/prid/526211,https://www.jiomart.com/product/notlih-coriander-seeds-dhaniya-sabut-fresh-whole-dhaniya-100g-ml0f4y-72746764
68171,https://blinkit.com/prn/x/prid/661285,https://www.jiomart.com/p/groceries/pramod-khasta-1-kg/609484039
68181,https://blinkit.com/prn/x/prid/316849,https://www.jiomart.com/p/groceries/lifebuoy-care-soap-with-activ-silver-formula-125-g/490802801
682,https://blinkit.com/prn/x/prid/525542,https://www.jiomart.com/product/unisha-whole-coriander-seeds-sabut-dhaniya-250g-mi9dy7-19911968
68222,https://blinkit.com/prn/x/prid/558793,
68281,https://blinkit.com/prn/x/prid/443627,https://www.jiomart.com/product/oral-b-sensitive-care-extra-soft-bristles-toothbrush-5-pcs-mffmu8-7508351
684,https://blinkit.com/prn/x/prid/524893,https://www.jiomart.com/product/gulabitewhole-cardamom-elaichi-premium-green-elaichi-pods-natural-spice-for-cooking-flavouring-mouth-freshener-10g-mj75gl-50812389
68555,https://blinkit.com/prn/x/prid/232160,https://www.jiomart.com/product/britannia-50-50-sweet-salty-biscuits-188-g-mffn24-7525321
686,https://blinkit.com/prn/x/prid/524893,https://www.jiomart.com/product/glowing-farmer-premium-green-cardamom-whole-25g-hari-elaichi-sabut-whole-spices-masala-mi9wvw-20433066
68663,https://blinkit.com/prn/x/prid/109221,
68665,https://blinkit.com/prn/x/prid/109153,https://www.jiomart.com/p/groceries/jk-panch-foran-50-g/590318199
68666,https://blinkit.com/prn/x/prid/109151,
68667,https://blinkit.com/prn/x/prid/109152,
687,https://blinkit.com/prn/x/prid/527608,https://www.jiomart.com/p/groceries/good-life-green-cardamom-50-g/491185107
68755,https://blinkit.com/prn/x/prid/485925,https://www.jiomart.com/p/groceries/apsara-non-dust-regular-eraser-pack-of-5/490268330
68856,https://blinkit.com/prn/x/prid/323036,https://www.jiomart.com/p/groceries/britannia-nutrichoice-digestive-zero-biscuits-100-g/590033132
68858,https://blinkit.com/prn/x/prid/403219,https://www.jiomart.com/p/groceries/britannia-marie-gold-biscuits-250-g/490353645
68863,https://blinkit.com/prn/x/prid/488505,https://www.jiomart.com/p/groceries/lotte-choco-pie-creamfilled-biscuit-336-g/490009614
68867,https://blinkit.com/prn/x/prid/427133,https://www.jiomart.com/product/parle-monaco-classic-regular-salted-biscuits-3712-g-mffmz1-7518574
68870,https://blinkit.com/prn/x/prid/82086,https://www.jiomart.com/p/groceries/sunfeast-farmlite-active-oats-biscuits-with-raisins-150-g/491107265
68903,https://blinkit.com/prn/x/prid/328862,
690,https://blinkit.com/prn/x/prid/527990,https://www.jiomart.com/p/groceries/good-life-black-pepper-100-g/491185110
69057,https://blinkit.com/prn/x/prid/397430,https://www.jiomart.com/p/groceries/britannia-nutrichoice-almonds-milk-oats-cookies-75-g/590033128
69076,https://blinkit.com/prn/x/prid/479822,
691,https://blinkit.com/prn/x/prid/527990,https://www.jiomart.com/p/groceries/good-life-black-pepper-100-g/491185110
69107,https://blinkit.com/prn/x/prid/103940,
69140,https://blinkit.com/prn/x/prid/619160,https://www.jiomart.com/p/groceries/wild-stone-edge-perfume-50-ml/590113047
692,https://blinkit.com/prn/x/prid/524896,https://www.jiomart.com/p/groceries/good-life-black-pepper-50-g/491185111
69206,https://blinkit.com/prn/x/prid/32790,https://www.jiomart.com/product/slice-mango-drink-175-l-mffnan-7543736
69276,https://blinkit.com/prn/x/prid/103786,
69302,https://blinkit.com/prn/x/prid/9349,https://www.jiomart.com/p/groceries/figaro-extra-virgin-olive-oil-250-ml/590113890
69307,https://blinkit.com/prn/x/prid/60645,https://www.jiomart.com/p/groceries/colgate-spiderman-extra-soft-kids-toothbrush-5-years/490896792
69319,https://blinkit.com/prn/x/prid/427381,https://www.jiomart.com/p/groceries/act-ii-classic-salted-popcorn-180-g-pack-of-3/590033067
69399,https://blinkit.com/prn/x/prid/442175,https://www.jiomart.com/p/groceries/mcvitie-s-ginger-cookies-120-g/491379237
695,https://blinkit.com/prn/x/prid/528024,
69531,https://blinkit.com/prn/x/prid/209345,
696,https://blinkit.com/prn/x/prid/524891,
69625,https://blinkit.com/prn/x/prid/526182,https://www.jiomart.com/p/groceries/vim-dishwash-bar-120-g-pack-of-4/590141353
69650,https://blinkit.com/prn/x/prid/131420,
69665,https://blinkit.com/prn/x/prid/25103,https://www.jiomart.com/p/groceries/comfort-after-wash-anti-bacterial-action-fabric-conditioner-860-ml/490877960
69725,https://blinkit.com/prn/x/prid/363754,https://www.jiomart.com/p/groceries/cadbury-dairy-milk-lickables-chocolate-20-g/491322206
69754,https://blinkit.com/prn/x/prid/422824,https://www.jiomart.com/p/groceries/mortein-insta-mosquito-repellent-machine-refill-35-ml/491210020
69755,https://blinkit.com/prn/x/prid/23324,https://www.jiomart.com/p/groceries/mccain-aloo-tikki-760-g/590122313
69764,https://blinkit.com/prn/x/prid/109159,https://www.jiomart.com/p/groceries/jk-poppy-seeds-50-g/590126605
69885,https://blinkit.com/prn/x/prid/484706,https://www.jiomart.com/p/groceries/jo-almond-cream-soap-with-glycerine-150-g-pack-of-4/491229936
69886,https://blinkit.com/prn/x/prid/143553,https://www.jiomart.com/p/groceries/jo-lime-sparkling-fresh-soap-with-glycerine-150-g-pack-of-4/491229935
699,https://blinkit.com/prn/x/prid/526215,https://www.jiomart.com/product/blk-foods-daily-100g-cumin-seed-whole-jeera-sabut-mi9x9r-20440371
69903,https://blinkit.com/prn/x/prid/265382,https://www.jiomart.com/p/groceries/britannia-nice-time-coconut-biscuits-59-4-g/612202470
69904,https://blinkit.com/prn/x/prid/25261,https://www.jiomart.com/p/groceries/dukes-waffy-pineapple-wafers-75-g/490867202
69918,https://blinkit.com/prn/x/prid/524434,
69921,https://blinkit.com/prn/x/prid/560258,
69961,https://blinkit.com/prn/x/prid/527585,https://www.jiomart.com/p/groceries/besan-500-g/491349648
700,https://blinkit.com/prn/x/prid/526212,https://www.jiomart.com/product/freshure-jeera-seeds-cumin-seeds-sabut-jeera-whole-spices-jeelakarra-zeera-for-curries-vegetables-and-everyday-indian-cooking-250g-mn5oxw-75364250
70035,https://blinkit.com/prn/x/prid/482451,https://www.jiomart.com/p/groceries/mcvitie-s-bourbon-biscuits-100-g-590008706/491010465
70056,https://blinkit.com/prn/x/prid/11022,https://www.jiomart.com/p/groceries/cadbury-dairy-milk-chocolate-bar-150-g-family-pack/490659554
70075,https://blinkit.com/prn/x/prid/477841,
701,https://blinkit.com/prn/x/prid/526215,https://www.jiomart.com/p/groceries/good-life-jeera-500-g/491185140
70121,https://blinkit.com/prn/x/prid/422184,https://www.jiomart.com/p/groceries/lacto-calamine-face-lotion-60-ml-combination-to-normal-skin-pack-of-2/608977961
702,https://blinkit.com/prn/x/prid/528784,
70383,https://blinkit.com/prn/x/prid/13460,https://www.jiomart.com/p/groceries/organic-tattva-whole-malka-masoor-500-g/590126986
70384,https://blinkit.com/prn/x/prid/13451,https://www.jiomart.com/p/groceries/organic-tattva-tur-arhar-dal-500-g/590126984
70385,https://blinkit.com/prn/x/prid/81288,https://www.jiomart.com/p/groceries/organic-tattva-organic-chana-dal-500-g/491228404
70388,https://blinkit.com/prn/x/prid/13461,https://www.jiomart.com/p/groceries/organic-tattva-organic-mix-dal-500-g/491229656
70417,https://blinkit.com/prn/x/prid/303,https://www.jiomart.com/p/groceries/mountain-dew-330-ml/611035797
70454,https://blinkit.com/prn/x/prid/383355,
70525,https://blinkit.com/prn/x/prid/86962,https://www.jiomart.com/p/groceries/organic-tatva-black-pepper-whole-100-g/608274406
70559,https://blinkit.com/prn/x/prid/24961,
70593,https://blinkit.com/prn/x/prid/13466,https://www.jiomart.com/p/groceries/organic-tattva-thick-poha-aval-500-g/491228370
706,https://blinkit.com/prn/x/prid/527966,https://www.jiomart.com/p/groceries/good-life-broken-2-pcs-cashews-200-g/491186633
70603,https://blinkit.com/prn/x/prid/13473,https://www.jiomart.com/p/groceries/organic-tattva-sugar-500-g/590126988
70810,https://blinkit.com/prn/x/prid/499365,https://www.jiomart.com/p/groceries/odonil-neem-air-freshner-blocks-pack-of-4/603893616
70853,https://blinkit.com/prn/x/prid/506534,https://www.jiomart.com/p/wellness/sensodyne-sensitive-extra-soft-deep-clean-toothbrush/608298307
70881,https://blinkit.com/prn/x/prid/33853,https://www.jiomart.com/product/pond-s-magic-lavender-bloom-talcum-powder-80-g-mjr4lw-69366432
709,https://blinkit.com/prn/x/prid/527982,https://www.jiomart.com/p/groceries/good-life-yellow-kishmish-500-g/491203242
70914,https://blinkit.com/prn/x/prid/109190,https://www.jiomart.com/p/groceries/jk-ajwan-50-g/590124304
710,https://blinkit.com/prn/x/prid/528003,https://www.jiomart.com/p/groceries/good-life-yellow-kishmish-100-g/491186657
71025,https://blinkit.com/prn/x/prid/86973,https://www.jiomart.com/p/groceries/organic-tattva-whole-wheat-atta-5-kg/491228381
71046,https://blinkit.com/prn/x/prid/238049,https://www.jiomart.com/product/britannia-nutrichoice-hi-fibre-digestive-biscuits-917-g-mffmyg-7517310
71065,https://blinkit.com/prn/x/prid/540381,https://www.jiomart.com/p/groceries/unibic-caramel-cinnamon-flavour-biscott-250-g/593407545
71067,https://blinkit.com/prn/x/prid/597530,
71086,https://blinkit.com/prn/x/prid/281869,https://www.jiomart.com/product/cadbury-perk-double-chocolate-20-g-mffnck-7547363
711,https://blinkit.com/prn/x/prid/527981,https://www.jiomart.com/p/groceries/good-life-yellow-kishmish-200-g/491186658
713,https://blinkit.com/prn/x/prid/647169,https://www.jiomart.com/product/gropure-organic-red-chilli-whole-sabut-lal-mirch-100g-mi912d-19519671
71301,https://blinkit.com/prn/x/prid/92319,
71302,https://blinkit.com/prn/x/prid/10761,https://www.jiomart.com/p/groceries/wai-wai-veg-masala-instant-cup-noodles-70-g/590123144
71357,https://blinkit.com/prn/x/prid/95031,
715,https://blinkit.com/prn/x/prid/526235,https://www.jiomart.com/product/nut-urge-watermelon-seeds-100g-i-rich-in-protein-i-healthy-snacks-i-watermelon-pits-i-edible-seeds-i-tarbuj-beej-i-magaj-dana-mi8tl2-19310280
71600,https://blinkit.com/prn/x/prid/15486,https://www.jiomart.com/p/groceries/tata-sampann-besan-gram-flour-made-from-100-chana-daal-1-kg/602454976
71612,https://blinkit.com/prn/x/prid/480017,https://www.jiomart.com/p/groceries/britannia-50-50-potazos-masti-masala-crisps-71-g/593405789
71613,https://blinkit.com/prn/x/prid/539383,
71614,https://blinkit.com/prn/x/prid/15300,https://www.jiomart.com/p/groceries/parle-hide-seek-4-fun-flavours-choco-chip-creme-sandwich-biscuits-400-g/591001086
71617,https://blinkit.com/prn/x/prid/501329,https://www.jiomart.com/p/groceries/unibic-fruit-nut-cookies-500-g/491582190
71660,https://blinkit.com/prn/x/prid/24665,
71772,https://blinkit.com/prn/x/prid/32877,https://www.jiomart.com/p/groceries/zandu-pain-relief-balm-50-ml/491642324
718,https://blinkit.com/prn/x/prid/556775,https://www.jiomart.com/p/groceries/good-life-s-fennel-100-g/491185091
71827,https://blinkit.com/prn/x/prid/198423,https://www.jiomart.com/p/groceries/wai-wai-express-masti-masala-6in1-noodles-330-g/609117819
71834,https://blinkit.com/prn/x/prid/101245,https://www.jiomart.com/p/groceries/dabur-babool-cavity-protection-toothpaste-175-g-pack-of-2/490004762
71836,https://blinkit.com/prn/x/prid/496728,
71853,https://blinkit.com/prn/x/prid/352110,https://www.jiomart.com/p/groceries/act-ii-butter-delite-instant-popcorn-70-g/490459386
71924,https://blinkit.com/prn/x/prid/101745,
72011,https://blinkit.com/prn/x/prid/1017,https://www.jiomart.com/p/groceries/vicks-vaporub-pain-relief-balm-25-ml/490020638
72037,https://blinkit.com/prn/x/prid/25803,https://www.jiomart.com/p/groceries/lifebuoy-total-10-soap-59-g-pack-of-4/491127348
72055,https://blinkit.com/prn/x/prid/427132,https://www.jiomart.com/p/groceries/parle-20-20-cashew-cookies-200-g/594185582
72060,https://blinkit.com/prn/x/prid/363831,https://www.jiomart.com/p/groceries/patanjali-marie-biscuits-250-g/491089327
721,https://blinkit.com/prn/x/prid/527624,https://www.jiomart.com/p/groceries/maida-500-g/491349661
72102,https://blinkit.com/prn/x/prid/496297,https://www.jiomart.com/p/groceries/munch-max-chocolate-42-g/595907404
72153,https://blinkit.com/prn/x/prid/54056,https://www.jiomart.com/product/act-ii-natural-microwave-popcorn-33-g-mffmui-7508894
72174,https://blinkit.com/prn/x/prid/445819,https://www.jiomart.com/p/groceries/clinic-plus-strong-extra-thick-health-almond-oil-shampoo-650-ml/491281196
72265,https://blinkit.com/prn/x/prid/498140,https://www.jiomart.com/p/groceries/gala-sponge-scrub/611123444
723,https://blinkit.com/prn/x/prid/531205,https://www.jiomart.com/p/groceries/good-life-popcorn-maize-200-g/590122175
72481,https://blinkit.com/prn/x/prid/146297,
72485,https://blinkit.com/prn/x/prid/81113,https://www.jiomart.com/product/gala-stainless-steel-scrubs-mffmuo-7509228
72486,https://blinkit.com/prn/x/prid/456146,https://www.jiomart.com/p/groceries/apsara-platinum-extra-dark-pencils-pack-of-10/603761634
72490,https://blinkit.com/prn/x/prid/491218,https://www.jiomart.com/p/groceries/cycle-lia-chandanam-incense-sticks-125-pcs-162-g/490012644
726,https://blinkit.com/prn/x/prid/526216,https://www.jiomart.com/p/groceries/good-life-kalonji-100-g/610840022
728,https://blinkit.com/prn/x/prid/531200,https://www.jiomart.com/product/jalaram-delights-unpolished-masoor-dal-iron-protein-boost-red-lentis-easy-to-digest-1kg-dal-mi8x9i-19415802
729,https://blinkit.com/prn/x/prid/526250,https://www.jiomart.com/product/star-a-mother-s-choice-unpolished-masoor-dal-high-fiber-protein-rich-farm-fresh-natural-mjhfq5-67762457
730,https://blinkit.com/prn/x/prid/528020,
731,https://blinkit.com/prn/x/prid/528020,
732,https://blinkit.com/prn/x/prid/527984,https://www.jiomart.com/p/groceries/good-life-fenugreek-100-g/491185132
733,https://blinkit.com/prn/x/prid/527984,
73396,https://blinkit.com/prn/x/prid/587173,https://www.jiomart.com/p/groceries/oral-b-criss-cross-neem-soft-toothbrush-buy-2-get-2-free/590122279
73475,https://blinkit.com/prn/x/prid/248,https://www.jiomart.com/p/groceries/red-label-natural-care-tea-500-g-carton/490967439
73484,https://blinkit.com/prn/x/prid/10895,https://www.jiomart.com/p/groceries/catch-chat-masala-sprinklers-50-g/490000158
73485,https://blinkit.com/prn/x/prid/25127,https://www.jiomart.com/p/groceries/dabur-sarson-amla-hair-oil-175-ml/590120369
73600,https://blinkit.com/prn/x/prid/48209,
73737,https://blinkit.com/prn/x/prid/62184,https://www.jiomart.com/p/groceries/fanta-orange-2-l-590008652/491093906
73773,https://blinkit.com/prn/x/prid/18581,https://www.jiomart.com/p/groceries/dhara-life-refined-rice-bran-oil-1-l/590363431
73806,https://blinkit.com/prn/x/prid/489873,
73983,https://blinkit.com/prn/x/prid/56275,https://www.jiomart.com/p/groceries/haldiram-s-nagpur-gol-kachauri-350-g/590033218
74017,https://blinkit.com/prn/x/prid/486360,https://www.jiomart.com/p/groceries/kapiva-virgin-coconut-oil-250-l/591002869
74090,https://blinkit.com/prn/x/prid/67017,https://www.jiomart.com/product/odonil-jasmine-fantasy-room-freshening-gel-75-g-mffmz3-7518670
74102,https://blinkit.com/prn/x/prid/179771,https://www.jiomart.com/product/maggi-nutri-licious-masala-veg-atta-noodles-290-g-mffmwm-7513378
74366,https://blinkit.com/prn/x/prid/18499,https://www.jiomart.com/p/groceries/fair-and-handsome-radiance-cream-15-g/590315418
74368,https://blinkit.com/prn/x/prid/20227,https://www.jiomart.com/p/groceries/whisper-ultra-clean-sanitary-napkin-with-wings-xl-15-pads/590103071
744,https://blinkit.com/prn/x/prid/527596,https://www.jiomart.com/p/groceries/good-life-moong-whole-1-kg/491187290
745,https://blinkit.com/prn/x/prid/527590,https://www.jiomart.com/p/groceries/good-life-moong-whole-500-g/491187309
746,https://blinkit.com/prn/x/prid/528786,https://www.jiomart.com/p/groceries/good-life-moong-dal-1-kg/491187257
747,https://blinkit.com/prn/x/prid/528786,https://www.jiomart.com/product/de-swati-mart-moong-dhuli-dal-premium-split-yellow-moong-lentils-unpolished-protein-rich-natural-500g-ideal-for-khichdi-and-dal-tadka-mn8ubn-75681611
748,https://blinkit.com/prn/x/prid/536546,
750,https://blinkit.com/prn/x/prid/536546,https://www.jiomart.com/p/groceries/good-life-raw-peanuts-500-g/491278616
751,https://blinkit.com/prn/x/prid/531212,https://www.jiomart.com/product/glowing-farmer-best-quality-raw-peanut-500g-mungfali-dana-whole-singdana-mi985x-19749231
75222,https://blinkit.com/prn/x/prid/438345,https://www.jiomart.com/p/groceries/gala-double-lip-bathroom-wiper/491397514
75385,https://blinkit.com/prn/x/prid/127152,https://www.jiomart.com/p/groceries/sunfeast-marie-light-biscuits-200-g/490006567
75390,https://blinkit.com/prn/x/prid/523575,https://www.jiomart.com/product/harpic-drain-xpert-powder-45-g-mieefe-24059156
75406,https://blinkit.com/prn/x/prid/597363,
75469,https://blinkit.com/prn/x/prid/408373,
75499,https://blinkit.com/prn/x/prid/34676,https://www.jiomart.com/p/groceries/sunfeast-farmlite-oats-cookies-with-almonds-150-g-590008787/491107264
75502,https://blinkit.com/prn/x/prid/240092,https://www.jiomart.com/p/groceries/lays-indian-magic-masala-chips-130-g/590121911
75582,https://blinkit.com/prn/x/prid/11102,https://www.jiomart.com/product/parle-hide-seek-4-flavour-choco-chip-creme-biscuit-400-g-mffn4b-7529885
75584,https://blinkit.com/prn/x/prid/429816,https://www.jiomart.com/p/groceries/sunfeast-marie-light-biscuits-1-kg/590313564
75585,https://blinkit.com/prn/x/prid/427122,https://www.jiomart.com/p/groceries/britannia-50-50-maska-chaska-biscuits-300-g/590033900
75588,https://blinkit.com/prn/x/prid/427130,https://www.jiomart.com/p/groceries/parle-nutricrunch-honey-oats-digestive-cookies-600-g/591012881
75591,https://blinkit.com/prn/x/prid/485920,https://www.jiomart.com/p/groceries/shubhkart-surabhi-pure-camphor-8-g/590814921
75604,https://blinkit.com/prn/x/prid/421369,https://www.jiomart.com/p/groceries/parle-mango-bite-candy-289-g/490008742
75617,https://blinkit.com/prn/x/prid/364608,https://www.jiomart.com/p/groceries/he-power-body-perfume-for-men-120-ml/491335200
75806,https://blinkit.com/prn/x/prid/495853,https://www.jiomart.com/p/groceries/pond-s-super-light-hydrated-glow-gel-200-ml/602996173
75839,https://blinkit.com/prn/x/prid/127152,https://www.jiomart.com/p/groceries/sunfeast-marie-light-biscuits-200-g/490006567
75953,https://blinkit.com/prn/x/prid/520469,
75960,https://blinkit.com/prn/x/prid/23747,https://www.jiomart.com/p/groceries/act-ii-classic-salted-instant-popcorn-150-g-party-pack/590033060
76080,https://blinkit.com/prn/x/prid/239265,https://www.jiomart.com/p/groceries/cetaphil-gentle-wash-shampoo-230-ml/590836119
76081,https://blinkit.com/prn/x/prid/469361,
76180,https://blinkit.com/prn/x/prid/393214,https://www.jiomart.com/p/groceries/whisper-ultra-clean-sanitary-napkin-with-wings-xl-30-pads/490583430
762,https://blinkit.com/prn/x/prid/527980,https://www.jiomart.com/product/sanbag-nature-farm-organic-red-rajma-500g-unpolished-kidney-beans-pesticide-free-no-preservatives-mkh507-72241350
76296,https://blinkit.com/prn/x/prid/466068,https://www.jiomart.com/p/groceries/colgate-gentle-enamel-ultra-soft-toothbrush-buy-2-get-2-free/590116106
76316,https://blinkit.com/prn/x/prid/313796,https://www.jiomart.com/p/groceries/cetaphil-oily-skin-cleanser-daily-face-wash-125ml/605570914
76379,https://blinkit.com/prn/x/prid/683599,https://www.jiomart.com/p/groceries/brooke-bond-tazaa-masala-chaska-tea-500-g/590829886
76383,https://blinkit.com/prn/x/prid/488653,https://www.jiomart.com/p/groceries/parle-kaccha-mango-bite-candy-217-8-g/590034269
76387,https://blinkit.com/prn/x/prid/495853,https://www.jiomart.com/p/groceries/pond-s-vitamin-e-glycerin-light-moisturizer-for-soft-glowing-skin-100-ml/592024326
76388,https://blinkit.com/prn/x/prid/19570,https://www.jiomart.com/p/groceries/closeup-ever-fresh-red-hot-gel-toothpaste-80-g/490002339
76403,https://blinkit.com/prn/x/prid/409579,https://www.jiomart.com/p/groceries/unibic-cashew-badam-cookies-500-g/590141638
76406,https://blinkit.com/prn/x/prid/33592,
76409,https://blinkit.com/prn/x/prid/439858,https://www.jiomart.com/p/groceries/dukes-masala-nibbles-150-g/491335112
76410,https://blinkit.com/prn/x/prid/540381,https://www.jiomart.com/p/groceries/unibic-caramel-cinnamon-flavour-biscott-250-g/593407545
76411,https://blinkit.com/prn/x/prid/488650,https://www.jiomart.com/p/groceries/parle-fab-bourbon-biscuits-500-g/591001085
76416,https://blinkit.com/prn/x/prid/397943,https://www.jiomart.com/p/groceries/too-yumm-veggie-stix-chili-chataka-75g/613026191
76419,https://blinkit.com/prn/x/prid/397963,https://www.jiomart.com/p/groceries/too-yumm-dahi-papdi-chaat-multigrain-chips-80-g-10-g/590110131
76434,https://blinkit.com/prn/x/prid/417405,https://www.jiomart.com/p/groceries/good-knight-gold-flash-mosquito-repellent-refill-45-ml-pack-of-2/491633339
76467,https://blinkit.com/prn/x/prid/53039,https://www.jiomart.com/p/groceries/navchetan-danedar-tea-1-kg/490851618
765,https://blinkit.com/prn/x/prid/525536,https://www.jiomart.com/p/groceries/good-life-guntur-stem-chilli-100-g/491185122
76733,https://blinkit.com/prn/x/prid/526240,https://www.jiomart.com/product/nourish-you-organic-roasted-chia-seeds-protein-rich-healthy-gluten-free-pack-of-1-100g-mi8srv-19290204
76734,https://blinkit.com/prn/x/prid/526240,https://www.jiomart.com/p/groceries/good-life-chia-seed-100-g/611639280
76735,https://blinkit.com/prn/x/prid/13465,https://www.jiomart.com/p/groceries/organic-tattva-organic-raw-peanuts-groundnuts-500-g/491229660
76773,https://blinkit.com/prn/x/prid/597363,https://www.jiomart.com/p/groceries/nataraj-scale-30-cm-pack-of-10-rulers/601245435
77030,https://blinkit.com/prn/x/prid/528764,https://www.jiomart.com/p/groceries/good-life-chana-sattu-500-g/611216297
77140,https://blinkit.com/prn/x/prid/499917,https://www.jiomart.com/p/groceries/parle-20-20-nice-coconut-biscuits-150-g-590008721/491391873
77176,https://blinkit.com/prn/x/prid/438081,https://www.jiomart.com/p/groceries/britannia-good-day-butter-cookies-100-g-buy-4-get-1/491293092
77179,https://blinkit.com/prn/x/prid/427132,https://www.jiomart.com/product/parle-g-gold-biscuits-1-kg-mffmsi-7504583
772,https://blinkit.com/prn/x/prid/525556,https://www.jiomart.com/product/aakash-roasted-chana-500g-chickpeas-bhuna-chana-roasted-mja61n-62661948
77213,https://blinkit.com/prn/x/prid/88340,
77297,https://blinkit.com/prn/x/prid/439619,https://www.jiomart.com/p/groceries/parle-premium-elaichi-rusk-1-kg/590124339
774,https://blinkit.com/prn/x/prid/528015,https://www.jiomart.com/p/groceries/good-life-big-mustard-100-g/491185141
775,https://blinkit.com/prn/x/prid/528015,https://www.jiomart.com/p/groceries/good-life-big-mustard-200-g/491185142
777,https://blinkit.com/prn/x/prid/528016,https://www.jiomart.com/p/groceries/good-life-yellow-mustard-100-g/491185148
77754,https://blinkit.com/prn/x/prid/627621,
778,https://blinkit.com/prn/x/prid/528016,https://www.jiomart.com/p/groceries/good-life-yellow-mustard-200-g/491185149
77827,https://blinkit.com/prn/x/prid/499917,https://www.jiomart.com/p/groceries/parle-20-20-nice-sugar-sprinkled-coconut-biscuits-500-g/597524090
77843,https://blinkit.com/prn/x/prid/625045,https://www.jiomart.com/product/loreal-paris-hyaluron-72h-moisture-filling-shampoo-180-ml-mffmye-7517176
77923,https://blinkit.com/prn/x/prid/322036,
77976,https://blinkit.com/prn/x/prid/13458,https://www.jiomart.com/p/groceries/organic-tattva-organic-black-brown-chana-500-g/491228108
77991,https://blinkit.com/prn/x/prid/60088,https://www.jiomart.com/p/groceries/pril-perfect-lime-dishwash-liquid-425-ml/590087231
78021,https://blinkit.com/prn/x/prid/207313,
78636,https://blinkit.com/prn/x/prid/423962,https://www.jiomart.com/p/groceries/bauli-moonfils-chocolate-veg-puff-rolls-47-g/491376617
78652,https://blinkit.com/prn/x/prid/474639,https://www.jiomart.com/p/groceries/bajaj-100-pure-coconut-oil-600-ml/590860228
78653,https://blinkit.com/prn/x/prid/491561,https://www.jiomart.com/p/groceries/mangaldeep-3-in-1-premium-incense-stick-with-free-matchbox-213-g/607762656
78656,https://blinkit.com/prn/x/prid/463963,https://www.jiomart.com/p/groceries/sensodyne-sensitive-soft-toothbrush-pack-of-4/491555190
78754,https://blinkit.com/prn/x/prid/564898,https://www.jiomart.com/p/groceries/shubhkart-round-cotton-wicks-50-pcs-7-g/491298174
78828,https://blinkit.com/prn/x/prid/496728,https://www.jiomart.com/p/groceries/oral-b-criss-cross-charcoal-toothbrush-buy-2-get-1-free/491552527
78848,https://blinkit.com/prn/x/prid/424362,https://www.jiomart.com/p/groceries/whisper-ultra-clean-sanitary-napkin-with-wings-xl-60-pads/590122571
78912,https://blinkit.com/prn/x/prid/485923,https://www.jiomart.com/p/groceries/cycle-baratanatyam-agarbatti-180-g/491278261
790,https://blinkit.com/prn/x/prid/525534,https://www.jiomart.com/p/groceries/good-life-black-til-100-g/491185160
79074,https://blinkit.com/prn/x/prid/393217,https://www.jiomart.com/p/groceries/whisper-ultra-clean-sanitary-napkin-with-wings-xl-7-pads/490003854
79079,https://blinkit.com/prn/x/prid/448503,https://www.jiomart.com/product/storia-tender-coconut-water-1-l-mffmti-7506863
793,https://blinkit.com/prn/x/prid/528030,https://www.jiomart.com/p/groceries/good-life-white-til-100-g/491185162
79309,https://blinkit.com/prn/x/prid/522863,https://www.jiomart.com/p/groceries/vim-extra-anti-smell-pudina-dishwash-bar-200-g-buy-4-get-1-free/591018168
79395,https://blinkit.com/prn/x/prid/27024,https://www.jiomart.com/p/groceries/amul-fruit-nut-chocolate-bar-35-g/590087017
79399,https://blinkit.com/prn/x/prid/437998,https://www.jiomart.com/product/lakme-absolute-perfect-radiance-skin-bightening-day-creme-with-sunscreens-50-g-mffmz1-7518551
79420,https://blinkit.com/prn/x/prid/484035,https://www.jiomart.com/p/groceries/doms-water-colour-cakes-12-shades/590109635
79513,https://blinkit.com/prn/x/prid/491443,https://www.jiomart.com/p/groceries/tulips-eco-friendly-cotton-swabs-100-pcs/590514117
79522,https://blinkit.com/prn/x/prid/597551,
79525,https://blinkit.com/prn/x/prid/597538,
79596,https://blinkit.com/prn/x/prid/595683,
796,https://blinkit.com/prn/x/prid/526226,https://www.jiomart.com/p/groceries/good-life-flax-seeds-100-g/491322223
79640,https://blinkit.com/prn/x/prid/500616,https://www.jiomart.com/p/groceries/beardo-strong-hold-crystal-hair-wax-50-g/590067013
79642,https://blinkit.com/prn/x/prid/477787,
79643,https://blinkit.com/prn/x/prid/578546,
79748,https://blinkit.com/prn/x/prid/436458,https://www.jiomart.com/p/groceries/little-s-comfy-baby-pants-xl-24-count-12-17-kg/590657271
798,https://blinkit.com/prn/x/prid/492966,https://www.jiomart.com/product/katyayani-agro-unpolished-toor-dal-arhar-dal-500g-premium-natural-toorarhar-high-protein-pure-unpolished-fresh-clean-cholesterol-free-mixask-35770627
799,https://blinkit.com/prn/x/prid/492965,https://www.jiomart.com/product/advik-foods-premium-toor-dal-arhar-dal-unpolished-natural-protein-rich-indian-pulse-500g-mkzam4-72700468
79902,https://blinkit.com/prn/x/prid/394670,
7997,https://blinkit.com/prn/x/prid/483439,https://www.jiomart.com/product/patanjali-herbal-wash-with-neem-extract-and-rose-fragnance-detergent-powder-900-g-mo7cm4-81190864
80008,https://blinkit.com/prn/x/prid/111391,https://www.jiomart.com/product/khadi-natural-aloe-vera-soap-125-g-mffnbk-7545751
8013,https://blinkit.com/prn/x/prid/367304,https://www.jiomart.com/p/groceries/odonil-zipper-soulful-jasmine-air-freshener-gel-10-g/491336841
80141,https://blinkit.com/prn/x/prid/364779,https://www.jiomart.com/p/groceries/organic-tattva-black-mustard-100-g/590142268
80142,https://blinkit.com/prn/x/prid/370327,https://www.jiomart.com/p/groceries/organic-tattva-whole-cumin-100-g/491229671
8027,https://blinkit.com/prn/x/prid/127048,https://www.jiomart.com/p/groceries/cycle-amber-rhythm-agarbatti-116-g/608676963
8035,https://blinkit.com/prn/x/prid/23683,https://www.jiomart.com/p/groceries/rin-refresh-lemon-rose-detergent-powder-1-kg/490003791
8039,https://blinkit.com/prn/x/prid/55453,https://www.jiomart.com/p/groceries/rin-detergent-powder-500-g/490003788
80407,https://blinkit.com/prn/x/prid/17391,https://www.jiomart.com/p/groceries/kit-kat-wafer-chocolate-18-5-g/490000403
8042,https://blinkit.com/prn/x/prid/11604,https://www.jiomart.com/p/groceries/godrej-ezee-winterwear-chiffon-silks-liquid-detergent-1-kg/490002584
805,https://blinkit.com/prn/x/prid/527992,https://www.jiomart.com/product/grano-organico-100-pure-natural-premium-urad-dal-500g-pouch-mj75ir-50822254
8050,https://blinkit.com/prn/x/prid/390,https://www.jiomart.com/p/groceries/tide-plus-lemon-and-mint-detergent-powder-1-kg/490003905
80500,https://blinkit.com/prn/x/prid/4943,
8052,https://blinkit.com/prn/x/prid/518462,https://www.jiomart.com/p/groceries/nimyle-citro-anti-insect-floor-cleaner-500-ml/490552304
80539,https://blinkit.com/prn/x/prid/536119,https://www.jiomart.com/p/groceries/himalaya-natural-glow-rose-facewash-tube-100-ml/603036097
8057,https://blinkit.com/prn/x/prid/392,https://www.jiomart.com/p/groceries/surf-excel-matic-front-load-detergent-powder-1-kg/490415504
80606,https://blinkit.com/prn/x/prid/294982,
8061,https://blinkit.com/prn/x/prid/240458,https://www.jiomart.com/p/groceries/safe-life-germ-protection-soap-100-g-pack-of-3/490792408
8064,https://blinkit.com/prn/x/prid/36058,https://www.jiomart.com/p/groceries/harpic-flushmatic-aquamarine-in-cistern-toilet-cleaner-50-g-pack-of-2/490002779
8080,https://blinkit.com/prn/x/prid/18555,https://www.jiomart.com/product/surf-excel-easy-wash-detergent-powder-500-g-mhy0hn-17507923
80816,https://blinkit.com/prn/x/prid/19539,https://www.jiomart.com/p/groceries/bru-instant-coffee-100-g/595992903
8082,https://blinkit.com/prn/x/prid/390847,https://www.jiomart.com/p/groceries/harpic-power-plus-original-disinfectant-toilet-cleaner-200-ml/490002764
80826,https://blinkit.com/prn/x/prid/427120,https://www.jiomart.com/p/groceries/bambino-roasted-vermicelli-500-g/490005346
8086,https://blinkit.com/prn/x/prid/483439,https://www.jiomart.com/p/groceries/patanjali-herbal-wash-neem-and-rose-detergent-powder-500-g/491537726
8087,https://blinkit.com/prn/x/prid/603875,https://www.jiomart.com/product/ariel-matic-top-load-detergent-powder-1-kg-mieedi-24058454
8089,https://blinkit.com/prn/x/prid/360296,https://www.jiomart.com/p/groceries/vanish-oxi-action-liquid-stain-remover-400-ml/491321623
8091,https://blinkit.com/prn/x/prid/243244,https://www.jiomart.com/product/patanjali-gonyle-floor-cleaner-1-l-mj707l-49848510
8096,https://blinkit.com/prn/x/prid/603875,https://www.jiomart.com/p/groceries/ariel-detergent-powder-55-g-get-25-g-free/590119935
8097,https://blinkit.com/prn/x/prid/67393,https://www.jiomart.com/p/groceries/surf-excel-easy-wash-detergent-powder-90-g/590120620
80977,https://blinkit.com/prn/x/prid/4907,
80979,https://blinkit.com/prn/x/prid/3918,
80980,https://blinkit.com/prn/x/prid/17748,
80981,https://blinkit.com/prn/x/prid/423735,
80982,https://blinkit.com/prn/x/prid/423735,https://www.jiomart.com/p/groceries/chilli-green-100-g-pack/611038331
80984,https://blinkit.com/prn/x/prid/3898,
80986,https://blinkit.com/prn/x/prid/3913,
80988,https://blinkit.com/prn/x/prid/339153,https://www.jiomart.com/p/groceries/cauliflower-1-pc/590000619
80992,https://blinkit.com/prn/x/prid/339152,
81100,https://blinkit.com/prn/x/prid/716931,
81190,https://blinkit.com/prn/x/prid/468078,https://www.jiomart.com/p/groceries/lakme-sun-expert-24-spf-light-feel-uv-lotion-120-ml/490002471
81208,https://blinkit.com/prn/x/prid/400626,https://www.jiomart.com/p/groceries/lifebuoy-nature-handwash-refill-750-ml/491470794
81236,https://blinkit.com/prn/x/prid/246192,https://www.jiomart.com/p/groceries/parle-monaco-classic-cheeslings-150-g/490011590
81253,https://blinkit.com/prn/x/prid/496306,
81379,https://blinkit.com/prn/x/prid/374911,https://www.jiomart.com/product/prabhuji-namkeen-6-in-1-variety-pack-340-g-mffnfa-7552491
81414,https://blinkit.com/prn/x/prid/526459,https://www.jiomart.com/p/groceries/act-ii-ipc-sour-cream-and-cheese-popcorn-50-g/608579034
81423,https://blinkit.com/prn/x/prid/400626,https://www.jiomart.com/p/groceries/rin-detergent-powder-5-kg/590140436
81471,https://blinkit.com/prn/x/prid/34879,https://www.jiomart.com/p/groceries/catch-kasuri-methi-100-g/490870025
81518,https://blinkit.com/prn/x/prid/479123,
81534,https://blinkit.com/prn/x/prid/432584,https://www.jiomart.com/p/groceries/hair-care-dry-fruit-hair-oil-200-ml/491550548
81575,https://blinkit.com/prn/x/prid/108920,https://www.jiomart.com/p/groceries/saffola-active-ricebran-based-blended-oil-1-l-pouch/490437774
816,https://blinkit.com/prn/x/prid/528790,
81653,https://blinkit.com/prn/x/prid/481354,
81654,https://blinkit.com/prn/x/prid/345112,https://www.jiomart.com/p/groceries/organic-tattva-organic-cold-pressed-mustard-oil-1-l/491390671
81696,https://blinkit.com/prn/x/prid/427382,https://www.jiomart.com/p/groceries/act-ii-golden-sizzle-popcorn-60-g-pack-of-3/590033068
81728,https://blinkit.com/prn/x/prid/19539,https://www.jiomart.com/p/groceries/bru-instant-coffee-25-g/595989966
81866,https://blinkit.com/prn/x/prid/432778,https://www.jiomart.com/p/groceries/lay-s-american-style-cream-n-onion-chips-130-g/590121272
82097,https://blinkit.com/prn/x/prid/445675,https://www.jiomart.com/p/groceries/tomato-pack-approx-480-g-500g/594260513
82100,https://blinkit.com/prn/x/prid/217614,
82102,https://blinkit.com/prn/x/prid/3889,
82104,https://blinkit.com/prn/x/prid/421724,
82106,https://blinkit.com/prn/x/prid/3914,
82108,https://blinkit.com/prn/x/prid/3907,
8211,https://blinkit.com/prn/x/prid/730339,https://www.jiomart.com/p/groceries/pampers-happy-skin-pants-l-4-count-9-14-kg/590860203
82110,https://blinkit.com/prn/x/prid/336305,
82111,https://blinkit.com/prn/x/prid/425780,
82113,https://blinkit.com/prn/x/prid/17643,
82190,https://blinkit.com/prn/x/prid/580422,
822,https://blinkit.com/prn/x/prid/23601,https://www.jiomart.com/p/groceries/pedia-sure-vanilla-delight-health-drink-powder-200-g/491061212
82319,https://blinkit.com/prn/x/prid/386700,https://www.jiomart.com/p/groceries/kapiva-dia-free-juice-1l-controls-blood-sugar-levels-lowers-bad-cholestrol/602773438
82332,https://blinkit.com/prn/x/prid/532,
82357,https://blinkit.com/prn/x/prid/656749,
82422,https://blinkit.com/prn/x/prid/112604,https://www.jiomart.com/p/groceries/stayfree-secure-cottony-soft-sanitary-napkin-with-wings-xl-20-pads/491229956
82513,https://blinkit.com/prn/x/prid/553403,https://www.jiomart.com/p/groceries/durex-extra-thin-intense-chocolate-condoms-10-pcs-pack-of-3/590999433
8269,https://blinkit.com/prn/x/prid/10870,https://www.jiomart.com/p/groceries/pond-s-dream-flower-pink-lily-fragrant-talc-50-g/590105578
8275,https://blinkit.com/prn/x/prid/94054,https://www.jiomart.com/p/groceries/liril-lemon-tea-tree-oil-soap-75-g/490555479
82758,https://blinkit.com/prn/x/prid/409537,https://www.jiomart.com/p/groceries/parle-hide-seek-black-bourbon-vanilla-cream-biscuits-270-g/613179078
8277,https://blinkit.com/prn/x/prid/11527,https://www.jiomart.com/product/kissan-mixed-fruit-jam-200-g-mffn0m-7522079
82772,https://blinkit.com/prn/x/prid/437169,https://www.jiomart.com/p/groceries/garnier_light_complete_instant_brightening_milky_serum_mask_28_g/491502770
82789,https://blinkit.com/prn/x/prid/714224,
8279,https://blinkit.com/prn/x/prid/15537,https://www.jiomart.com/p/groceries/hit-flying-insect-killer-spray-625-ml/490410805
82802,https://blinkit.com/prn/x/prid/402901,https://www.jiomart.com/p/groceries/cornitos-peri-nachos-and-salsa-dip-tray-70g-pack-of-6-x-70-g/598242050
82803,https://blinkit.com/prn/x/prid/655532,https://www.jiomart.com/product/little-sparsh-all-round-protection-pants-style-baby-diapers-s-40-pieces-mj76ow-50901712
8283,https://blinkit.com/prn/x/prid/579712,https://www.jiomart.com/product/trimbakeshwar-bhog-whole-wheat-atta-10kg-mj764x-50861285
829,https://blinkit.com/prn/x/prid/108314,https://www.jiomart.com/product/act-ii-natural-microwave-popcorn-33-g-mffmui-7508894
82966,https://blinkit.com/prn/x/prid/445515,
8299,https://blinkit.com/prn/x/prid/364857,https://www.jiomart.com/product/aer-power-pocket-floral-delight-bathroom-fragrance-10-g-mffmsi-7504511
8301,https://blinkit.com/prn/x/prid/16761,https://www.jiomart.com/p/groceries/dabur-honey-1-kg/490012806
8302,https://blinkit.com/prn/x/prid/91224,https://www.jiomart.com/p/groceries/dabur-amla-hair-oil-90-18-ml/490004772
8305,https://blinkit.com/prn/x/prid/972,https://www.jiomart.com/product/dabur-red-toothpaste-200-g-mffmxu-7516005
83096,https://blinkit.com/prn/x/prid/372351,https://www.jiomart.com/p/groceries/patanjali-super-lemon-wood-ash-dishwash-bar-70-g/608713777
8312,https://blinkit.com/prn/x/prid/18815,
8315,https://blinkit.com/prn/x/prid/779,https://www.jiomart.com/product/weikfield-vanilla-flavour-custard-powder-100-g-mffmvj-7511073
8319,https://blinkit.com/prn/x/prid/356458,https://www.jiomart.com/p/groceries/eveready-red-1012-aaa-carbon-zinc-batteries-pack-of-4/490113568
832,https://blinkit.com/prn/x/prid/104389,https://www.jiomart.com/product/act-ii-butter-flavour-microwave-popcorn-33-g-mffn91-7540284
8320,https://blinkit.com/prn/x/prid/82423,https://www.jiomart.com/p/groceries/exo-touch-shine-anti-bacterial-round-dishwash-bar-500-g/490740295
83208,https://blinkit.com/prn/x/prid/437998,https://www.jiomart.com/product/lakme-peach-milk-soft-creme-100-g-mffna9-7542876
8321,https://blinkit.com/prn/x/prid/82423,https://www.jiomart.com/p/groceries/exo-touch-shine-ginger-twist-anti-bacterial-dishwash-bar-250-g/590841717
83220,https://blinkit.com/prn/x/prid/24098,https://www.jiomart.com/p/groceries/bajaj-almond-drops-hair-oil-650-ml/590126854
8325,https://blinkit.com/prn/x/prid/17149,https://www.jiomart.com/product/haldiram-s-nagpur-bhujia-sev-1-kg-mo7cku-81190738
83270,https://blinkit.com/prn/x/prid/675826,
8328,https://blinkit.com/prn/x/prid/11237,https://www.jiomart.com/product/harpic-power-plus-original-toilet-cleaner-500-ml-mogtmu-82044234
83321,https://blinkit.com/prn/x/prid/522607,https://www.jiomart.com/p/groceries/beardo-activated-charcoal-oil-control-face-wash-100-g/491504747
8334,https://blinkit.com/prn/x/prid/116824,https://www.jiomart.com/p/groceries/kurkure-chilli-chatka-90-g/590033329
8343,https://blinkit.com/prn/x/prid/53703,https://www.jiomart.com/p/groceries/patanjali-aloe-vera-fibre-juice-1-l/491061066
8346,https://blinkit.com/prn/x/prid/374687,https://www.jiomart.com/p/groceries/budweiser-0-0-non-alcoholic-beer-330-ml-bottle/491379084
83466,https://blinkit.com/prn/x/prid/10890,https://www.jiomart.com/p/groceries/stayfree-secure-dry-cover-sanitary-napkin-with-wings-xl-7-pads/590141337
8348,https://blinkit.com/prn/x/prid/69452,https://www.jiomart.com/p/groceries/vim-dishwash-bar-300-g/490215668
83486,https://blinkit.com/prn/x/prid/15366,https://www.jiomart.com/product/britannia-toastea-elaichi-bake-rusk-250-g-pack-mffn45-7529514
8354,https://blinkit.com/prn/x/prid/496278,https://www.jiomart.com/product/whitetone-pearl-face-powder-75-g-mffmuc-7508583
836,https://blinkit.com/prn/x/prid/23747,https://www.jiomart.com/product/act-ii-natural-microwave-popcorn-33-g-mffmui-7508894
8364,https://blinkit.com/prn/x/prid/130242,https://www.jiomart.com/p/groceries/odonil-jasmine-fresh-room-freshener-spray-270-ml/490267802
83737,https://blinkit.com/prn/x/prid/578449,https://www.jiomart.com/p/groceries/parachute-advansed-coconut-hair-oil-300-ml/490819029
83782,https://blinkit.com/prn/x/prid/3916,
83783,https://blinkit.com/prn/x/prid/428608,
83784,https://blinkit.com/prn/x/prid/52634,https://www.jiomart.com/product/haldirams-nagpur-mixture-200-g-mffn5u-7533279
8391,https://blinkit.com/prn/x/prid/11735,https://www.jiomart.com/product/clinic-plus-strong-long-health-shampoo-355-ml-mo7cks
83918,https://blinkit.com/prn/x/prid/61729,https://www.jiomart.com/p/groceries/stayfree-secure-cottony-soft-sanitary-napkin-with-wings-xl-20-pads/490575427
83920,https://blinkit.com/prn/x/prid/533,https://www.jiomart.com/p/groceries/tic-tac-orange-mints-10-7-g/590087008
8395,https://blinkit.com/prn/x/prid/23816,https://www.jiomart.com/p/groceries/colgate-max-fresh-spicy-fresh-red-gel-toothpaste-150-g-pack-of-2/491016281
8396,https://blinkit.com/prn/x/prid/19184,https://www.jiomart.com/p/groceries/colgate-strong-teeth-cavity-protection-toothpaste-colgate-toothpaste-with-calcium-boost-500gm/602968116
83963,https://blinkit.com/prn/x/prid/498973,https://www.jiomart.com/p/groceries/colgate-maxfresh-charcoal-toothpast-130-g/608963902
840,https://blinkit.com/prn/x/prid/18562,https://www.jiomart.com/p/groceries/active-wheel-lemon-jasmine-detergent-powder-500-g/490568374
8400,https://blinkit.com/prn/x/prid/19587,https://www.jiomart.com/product/dabur-gulabari-premium-rose-water-120-ml-mffn6u-7535491
84000,https://blinkit.com/prn/x/prid/421747,
84019,https://blinkit.com/prn/x/prid/429492,https://www.jiomart.com/p/groceries/classmate-drawing-book-40-pgs/590802820
84033,https://blinkit.com/prn/x/prid/344553,
84034,https://blinkit.com/prn/x/prid/355012,
84051,https://blinkit.com/prn/x/prid/347631,https://www.jiomart.com/p/groceries/ritebite-max-protein-choco-almond-workout-bar-sugar-free-50-g/590320924
8408,https://blinkit.com/prn/x/prid/124472,https://www.jiomart.com/p/groceries/dove-cream-beauty-bathing-bar-75-g-pack-of-3/590119936
84141,https://blinkit.com/prn/x/prid/13980,https://www.jiomart.com/p/groceries/tata-premium-tea-1-kg/490004180
8433,https://blinkit.com/prn/x/prid/25492,https://www.jiomart.com/p/groceries/gillette-regular-shaving-foam-196-g/490008612
8447,https://blinkit.com/prn/x/prid/15298,https://www.jiomart.com/p/groceries/haldiram-s-nagpur-chana-nuts-150-g/490000273
84491,https://blinkit.com/prn/x/prid/417406,
8454,https://blinkit.com/prn/x/prid/246437,https://www.jiomart.com/p/groceries/haldiram-s-nagpur-moong-dal-150-g/490000281
84551,https://blinkit.com/prn/x/prid/484574,https://www.jiomart.com/p/groceries/patanjali-herbal-wash-neem-and-rose-detergent-powder-2-kg/491537724
8456,https://blinkit.com/prn/x/prid/251510,https://www.jiomart.com/product/haldirams-nagpur-farali-chiwda-200-g-mffn3y-7529085
8458,https://blinkit.com/prn/x/prid/91025,https://www.jiomart.com/p/groceries/head-shoulders-anti-hairfall-anti-dandruff-shampoo-340-ml/490304457
8459,https://blinkit.com/prn/x/prid/91027,https://www.jiomart.com/p/groceries/head-shoulders-cool-menthol-anti-dandruff-shampoo-170-ml/490003877
8462,https://blinkit.com/prn/x/prid/91030,https://www.jiomart.com/p/groceries/head-shoulders-smooth-silky-anti-dandruff-shampoo-180-ml/490003879
84657,https://blinkit.com/prn/x/prid/499373,https://www.jiomart.com/p/groceries/cadbury-chocobakes-choco-chip-cookies-83-g/598975369
84658,https://blinkit.com/prn/x/prid/99107,https://www.jiomart.com/product/mukharochak-sweet-sour-chanachur-200-g-mffn1a-7523543
8476,https://blinkit.com/prn/x/prid/209,https://www.jiomart.com/product/kissan-chilli-tomato-sauce-500-g-mffmuf-7508724
84830,https://blinkit.com/prn/x/prid/556687,
849,https://blinkit.com/prn/x/prid/23750,https://www.jiomart.com/p/groceries/all-out-ultra-power-mosquito-repellent-refill-45-ml/590032305
85,https://blinkit.com/prn/x/prid/52141,https://www.jiomart.com/p/groceries/ching-s-secret-green-chilli-sauce-90-g/490870795
85034,https://blinkit.com/prn/x/prid/556460,https://www.jiomart.com/p/groceries/vicks-3-in-1-orange-cough-drops-20-g/490577719
85049,https://blinkit.com/prn/x/prid/460633,https://www.jiomart.com/p/groceries/unibic-choco-kiss-cookies-250-g/590310632
8517,https://blinkit.com/prn/x/prid/529113,https://www.jiomart.com/p/groceries/patanjali-chatpataa-instant-atta-noodles-60-g/590113013
8522,https://blinkit.com/prn/x/prid/77491,
85252,https://blinkit.com/prn/x/prid/52768,https://www.jiomart.com/product/garnier-men-turbo-bright-anti-dullness-refreshing-face-wash-50-g-mg6lm0-7657667
85317,https://blinkit.com/prn/x/prid/552850,https://www.jiomart.com/p/groceries/tata-grand-premium-coffee-50-g/601680008
8555,https://blinkit.com/prn/x/prid/10629,https://www.jiomart.com/product/sunsilk-co-creations-stunning-black-shine-shampoo-180-ml-mffmwy-7514084
85679,https://blinkit.com/prn/x/prid/523825,
8572,https://blinkit.com/prn/x/prid/264818,https://www.jiomart.com/p/groceries/veet-silk-fresh-technology-hair-removal-cream-for-sensitive-skin-25-g/590105762
85722,https://blinkit.com/prn/x/prid/325207,https://www.jiomart.com/p/groceries/pepsodent-germicheck-cavity-protection-toothpaste-150-g-pack-of-2/490226009
8574,https://blinkit.com/prn/x/prid/489622,https://www.jiomart.com/p/groceries/vicco-turmeric-cream-70-g/490199990
8576,https://blinkit.com/prn/x/prid/24829,https://www.jiomart.com/p/groceries/vicco-turmeric-skin-cream-with-sandalwood-oil-15-g/590087264
8580,https://blinkit.com/prn/x/prid/53304,https://www.jiomart.com/product/vim-lemon-concentrated-dishwash-liquid-250-ml-mffmwo-7513470
8581,https://blinkit.com/prn/x/prid/12577,https://www.jiomart.com/p/groceries/ambi-pur-car-aqua-car-freshener-refill-7-5-ml/491184221
8582,https://blinkit.com/prn/x/prid/12576,https://www.jiomart.com/p/groceries/vim-dishwash-lemon-mahabar-110g/608340419
8583,https://blinkit.com/prn/x/prid/53294,https://www.jiomart.com/product/vim-lemon-dishwash-bar-60-g-mffmsv-7505466
8592,https://blinkit.com/prn/x/prid/121790,https://www.jiomart.com/product/weikfield-baking-powder-50-g-mffmvs-7511610
8593,https://blinkit.com/prn/x/prid/41797,https://www.jiomart.com/p/groceries/weikfield-cocoa-powder-50-g/490064685
8594,https://blinkit.com/prn/x/prid/10959,https://www.jiomart.com/product/weikfield-corn-flour-starch-100-g-mffmyv-7518204
8601,https://blinkit.com/prn/x/prid/393216,https://www.jiomart.com/p/groceries/whisper-bindazzz-nights-xl-sanitary-pads-40-pads/591041616
8602,https://blinkit.com/prn/x/prid/518372,
86106,https://blinkit.com/prn/x/prid/401192,https://www.jiomart.com/p/groceries/colgate-kids-2-years-extra-soft-toothbrush-3-pcs/590083966
8617,https://blinkit.com/prn/x/prid/428461,https://www.jiomart.com/p/groceries/whisper-bindazzz-night-sanitary-pads-4-thick-pads-xxxl-upto-0-leaks-suitable-for-heavy-flow-75-longer-wider-back-comfortable-cushiony-soft-wings-40-cm-long-with-disposable-wrap/604583826
8619,https://blinkit.com/prn/x/prid/496279,https://www.jiomart.com/p/groceries/whitetone-soft-smooth-hydrating-sun-protection-face-cream-50-g/590124739
8624,https://blinkit.com/prn/x/prid/529104,https://www.jiomart.com/p/groceries/wild-stone-ultra-sensual-body-deodorant-for-men-150-ml/590105778
86409,https://blinkit.com/prn/x/prid/368445,https://www.jiomart.com/p/groceries/kissan-fresh-tomato-ketchup-900-g/594415685
86457,https://blinkit.com/prn/x/prid/325042,https://www.jiomart.com/p/groceries/jk-black-pepper-100-g/590318197
86537,https://blinkit.com/prn/x/prid/19717,https://www.jiomart.com/p/groceries/gillette-guard-cartridge/590127126
8654,https://blinkit.com/prn/x/prid/383252,https://www.jiomart.com/p/groceries/maggi-masala-ae-magic-6-g-pack-of-12/491410091
86541,https://blinkit.com/prn/x/prid/407473,https://www.jiomart.com/p/groceries/boroplus-doodh-kesar-body-lotion-with-vitamin-e-400-ml-buy-1-get-1-free-24h-moisturisation-for-soft-glowing-skin-ayurvedic-non-sticky-for-all-skin-types/613276487
86557,https://blinkit.com/prn/x/prid/437997,https://www.jiomart.com/p/groceries/bingo-mad-angles-cheese-nachos-110-g/591195238
86569,https://blinkit.com/prn/x/prid/127687,
866,https://blinkit.com/prn/x/prid/168,https://www.jiomart.com/product/amul-plain-cheese-slices-200-g-pack-of-10-mffmv3-7510152
8662,https://blinkit.com/prn/x/prid/393220,https://www.jiomart.com/p/groceries/whisper-ultra-soft-sanitary-napkin-with-wings-xl-30-pads/491320016
8663,https://blinkit.com/prn/x/prid/518373,
86682,https://blinkit.com/prn/x/prid/437998,https://www.jiomart.com/p/groceries/lakme-peach-milk-soft-cream-200-g/601186653
86683,https://blinkit.com/prn/x/prid/476046,https://www.jiomart.com/product/kissan-fresh-tomato-ketchup-11-kg-mffmto-7507201
867,https://blinkit.com/prn/x/prid/125240,https://www.jiomart.com/product/amul-garlic-herbs-buttery-spread-100-g-carton-mffnbo-7545970
8671,https://blinkit.com/prn/x/prid/59854,https://www.jiomart.com/p/groceries/tropicana-mixed-fruit-delight-fruit-juice-1-l-590008793/490001821
86731,https://blinkit.com/prn/x/prid/310939,https://www.jiomart.com/p/groceries/del-monte-chifferi-rigati-pasta-500-g/490563306
86784,https://blinkit.com/prn/x/prid/3952,
86785,https://blinkit.com/prn/x/prid/4916,
86790,https://blinkit.com/prn/x/prid/9113,
868,https://blinkit.com/prn/x/prid/125240,https://www.jiomart.com/p/groceries/amul-cheese-slices-400-g-pack/490559837
86846,https://blinkit.com/prn/x/prid/716931,
8689,https://blinkit.com/prn/x/prid/543474,https://www.jiomart.com/p/groceries/maida-1-kg/491349662
86905,https://blinkit.com/prn/x/prid/110016,https://www.jiomart.com/p/groceries/cadbury-dairy-milk-silk-fruit-nut-chocolate-bar-55-g/490659555
8691,https://blinkit.com/prn/x/prid/524890,https://www.jiomart.com/product/parrot-gota-garam-masala-50-g-milcjw-31044829
86944,https://blinkit.com/prn/x/prid/424362,https://www.jiomart.com/p/groceries/whisper-ultra-wings-sanitary-napkin-with-wings-xl-15-pads/490063743
87,https://blinkit.com/prn/x/prid/343677,https://www.jiomart.com/p/groceries/ching-s-secret-hot-sour-instant-soup-15-g/490993680
8703,https://blinkit.com/prn/x/prid/11171,https://www.jiomart.com/p/groceries/sunfeast-mom-s-magic-rich-butter-cookies-200-g/491179441
87054,https://blinkit.com/prn/x/prid/478019,https://www.jiomart.com/product/pespsi-drink-330-ml-mffne7-7550491
871,https://blinkit.com/prn/x/prid/174,https://www.jiomart.com/product/amul-yummy-plain-cheese-spread-200-g-container-mffn73-7536032
87313,https://blinkit.com/prn/x/prid/532959,https://www.jiomart.com/p/groceries/patanjali-haldi-chandan-kanti-body-cleanser-150-g-pack-of-4/603898492
874,https://blinkit.com/prn/x/prid/197187,https://www.jiomart.com/product/amul-pure-ghee-1-l-mffn6c-7534410
87465,https://blinkit.com/prn/x/prid/417405,https://www.jiomart.com/p/groceries/good-knight-gold-flash-mosquito-repellent-refill-45-ml/491633340
87576,https://blinkit.com/prn/x/prid/133189,https://www.jiomart.com/p/groceries/pond-s-white-beauty-spotless-fairness-day-cream-for-normal-skin-23-g/490571520
87588,https://blinkit.com/prn/x/prid/15288,https://www.jiomart.com/product/coca-cola-300-ml-mffmx4-7514501
876,https://blinkit.com/prn/x/prid/19501,https://www.jiomart.com/p/groceries/amul-dark-chocolate-bar-150-g/490936920
87641,https://blinkit.com/prn/x/prid/407554,https://www.jiomart.com/p/groceries/bingo-achari-masti-mad-angles-200-g/491551829
87656,https://blinkit.com/prn/x/prid/368056,https://www.jiomart.com/p/groceries/godrej-no-1-sandal-and-turmeric-soap-150-g-pack-of-4/491173582
87710,https://blinkit.com/prn/x/prid/34760,https://www.jiomart.com/product/womens-horlicks-plus-caramel-flavour-nutrition-drink-400-g-mffnak-7543548
87861,https://blinkit.com/prn/x/prid/472127,
88,https://blinkit.com/prn/x/prid/344458,https://www.jiomart.com/p/groceries/ching-s-secret-manchow-soup-55-g/490470658
88165,https://blinkit.com/prn/x/prid/20081,
882,https://blinkit.com/prn/x/prid/162,https://www.jiomart.com/product/amul-fresh-cream-250-ml-mffms8-7503675
884,https://blinkit.com/prn/x/prid/27023,https://www.jiomart.com/p/groceries/amul-fruit-nut-chocolate-bar-150-g/490882860
886,https://blinkit.com/prn/x/prid/179,https://www.jiomart.com/product/amul-gold-homogenised-standardised-milk-1-l-mffn3q-7528514
89008,https://blinkit.com/prn/x/prid/331906,https://www.jiomart.com/product/cadbury-oreo-pokemon-strawberry-cream-biscuit-10855-g-mffmsh-7504428
891,https://blinkit.com/prn/x/prid/304578,https://www.jiomart.com/p/groceries/amul-kool-cafe-classic-flavoured-milk-200-ml-can/590086913
89351,https://blinkit.com/prn/x/prid/31136,https://www.jiomart.com/p/groceries/bambino-premium-spiral-pasta-500-g/590363386
89369,https://blinkit.com/prn/x/prid/432831,https://www.jiomart.com/p/groceries/act-ii-classic-caramel-bliss-popcorn-16-g/611926346
898,https://blinkit.com/prn/x/prid/191439,https://www.jiomart.com/product/amul-lassi-200-ml-tetra-pak-mffmsx-7505578
89897,https://blinkit.com/prn/x/prid/95032,https://www.jiomart.com/p/groceries/ginger-200-g/590000132
89977,https://blinkit.com/prn/x/prid/105480,
89981,https://blinkit.com/prn/x/prid/60022,
90,https://blinkit.com/prn/x/prid/425742,https://www.jiomart.com/p/groceries/ching-s-secret-paneer-chilli-masala-20-g/490803893
901,https://blinkit.com/prn/x/prid/538004,https://www.jiomart.com/p/groceries/amul-fresh-lassi-150-ml/611680541
903,https://blinkit.com/prn/x/prid/19507,https://www.jiomart.com/product/amul-masti-spiced-buttermilk-200-ml-tetra-pak-mffn4i-7530302
90332,https://blinkit.com/prn/x/prid/430959,
90374,https://blinkit.com/prn/x/prid/555646,
90487,https://blinkit.com/prn/x/prid/710835,https://www.jiomart.com/p/groceries/signature-perfume-body-spray-white-deodorant-200-ml-for-men-elegant-distinctive-fragrance-long-lasting-fragrance-skin-friendly-deo-everyday-use/603638291
90513,https://blinkit.com/prn/x/prid/527639,https://www.jiomart.com/product/loose-hmt-kolam-rice-1-kg-mffn49-7529801
90599,https://blinkit.com/prn/x/prid/538698,https://www.jiomart.com/p/groceries/pringles-grab-n-go-original-potato-chips-40-g-can/609666518
906,https://blinkit.com/prn/x/prid/207555,https://www.jiomart.com/p/groceries/amul-milk-chocolate-bar-40-g/490115457
90600,https://blinkit.com/prn/x/prid/538700,https://www.jiomart.com/p/groceries/pringles-grab-n-go-sour-cream-and-onion-flavour-potato-chips-40-g-can/609666517
90635,https://blinkit.com/prn/x/prid/36026,https://www.jiomart.com/p/groceries/haldiram-s-nagpur-all-in-one-namkeen-mixture-350-g/490009366
907,https://blinkit.com/prn/x/prid/400953,https://www.jiomart.com/p/groceries/amul-india-twilight-tryst-chocolate-125-gm/491586032
91,https://blinkit.com/prn/x/prid/425741,https://www.jiomart.com/p/groceries/ching-s-secret-schezwan-fried-rice-miracle-masala-20-g/490803892
91101,https://blinkit.com/prn/x/prid/499919,https://www.jiomart.com/p/groceries/parle-fab-jam-in-cream-biscuits-55-g-590008723/490921869
91129,https://blinkit.com/prn/x/prid/30113,https://www.jiomart.com/p/groceries/mamypoko-pants-standard-diapers-l-46-count-9-14-kg/609260365
913,https://blinkit.com/prn/x/prid/45533,https://www.jiomart.com/p/groceries/amul-masti-dahi-400-g-pouch/590032902
915,https://blinkit.com/prn/x/prid/32416,https://www.jiomart.com/p/groceries/amul-butter-school-pack-100-g-pack/490306318
917,https://blinkit.com/prn/x/prid/159,https://www.jiomart.com/product/amul-school-pack-butter-100-g-pack-of-10-mffn5f-7532357
91755,https://blinkit.com/prn/x/prid/23450,https://www.jiomart.com/p/groceries/mtr-ready-mix-rava-idli-masala-500g/608091259
91796,https://blinkit.com/prn/x/prid/653714,
91842,https://blinkit.com/prn/x/prid/522478,https://www.jiomart.com/p/groceries/bambino-all-seasons-premium-pasta-400-g/609532280
91859,https://blinkit.com/prn/x/prid/670287,
919,https://blinkit.com/prn/x/prid/63628,https://www.jiomart.com/product/amul-pasteurised-butter-200-g-tub-mffmzr-7520003
91929,https://blinkit.com/prn/x/prid/363572,
91930,https://blinkit.com/prn/x/prid/638993,https://www.jiomart.com/p/groceries/classmate-pulse-spiral-notebook-203-mm-x-267-mm-soft-cover-160-pages-unruled-over-design-of-the-notebook-is-subject-to-change/605388296
91931,https://blinkit.com/prn/x/prid/421562,https://www.jiomart.com/p/groceries/classmate-pulse-6-subject-blue-spiral-notebook-300-pgs/590778576
9195,https://blinkit.com/prn/x/prid/317342,https://www.jiomart.com/p/groceries/vwash-plus-expert-ph-3-5-intimate-hygiene-wash-100-ml/491109440
92,https://blinkit.com/prn/x/prid/724,https://www.jiomart.com/product/chings-secret-schezwan-chutney-250-g-mffn0k-7521964
92024,https://blinkit.com/prn/x/prid/693567,
9206,https://blinkit.com/prn/x/prid/200187,https://www.jiomart.com/p/groceries/nihar-naturals-shanti-amla-badam-hair-oil-300-ml/490002137
92073,https://blinkit.com/prn/x/prid/596159,https://www.jiomart.com/p/groceries/surf-excel-matic-front-load-liquid-detergent-3-2-l/596375005
92129,https://blinkit.com/prn/x/prid/396897,https://www.jiomart.com/product/bingo-masala-tadka-tedhe-medhe-75-g-mffmur-7509425
92185,https://blinkit.com/prn/x/prid/409539,https://www.jiomart.com/p/groceries/parle-milano-centre-filled-choco-cookies-250-g/590032691
9219,https://blinkit.com/prn/x/prid/23878,https://www.jiomart.com/p/groceries/hair-care-moisturising-fruit-oils-with-green-apple-olive-mosambi-hair-oil-100-ml/490002168
92192,https://blinkit.com/prn/x/prid/527847,https://www.jiomart.com/p/groceries/patanjali-dant-kanti-natural-toothpaste-800-g/600485507
9225,https://blinkit.com/prn/x/prid/19481,https://www.jiomart.com/product/pears-pure-gentle-soap-60-g-mffmzp-7519680
923,https://blinkit.com/prn/x/prid/33162,https://www.jiomart.com/product/amul-mithai-mate-sweetened-condensed-milk-200-g-tin-mffmzp-7519770
92352,https://blinkit.com/prn/x/prid/488619,https://www.jiomart.com/p/groceries/britannia-vita-marie-gold-biscuits-chai-time-pack-900-g/590317972
92364,https://blinkit.com/prn/x/prid/499918,https://www.jiomart.com/p/groceries/parle-platina-milano-chocolate-chip-cookies-120-g/491121084
92367,https://blinkit.com/prn/x/prid/35382,https://www.jiomart.com/product/britannia-little-hearts-classic-biscuits-70-g-mfphxm-7570342
924,https://blinkit.com/prn/x/prid/170,https://www.jiomart.com/p/groceries/amul-cheese-chiplets-200-g-carton/490001402
92438,https://blinkit.com/prn/x/prid/490763,
9244,https://blinkit.com/prn/x/prid/254097,https://www.jiomart.com/p/groceries/colgate-strong-teeth-dental-cream-toothpaste-200-g-100-g/490002198
92501,https://blinkit.com/prn/x/prid/507292,
92503,https://blinkit.com/prn/x/prid/507292,
92598,https://blinkit.com/prn/x/prid/481019,https://www.jiomart.com/p/groceries/dnv-sabudana-papad-100-g/590781567
9278,https://blinkit.com/prn/x/prid/60088,https://www.jiomart.com/p/groceries/pril-perfect-lime-dishwash-liquid-225-ml/490542618
9284,https://blinkit.com/prn/x/prid/381861,https://www.jiomart.com/p/groceries/cadbury-5-star-3d-chocolate-bar-45-g/491390350
929,https://blinkit.com/prn/x/prid/25486,https://www.jiomart.com/product/amul-cow-ghee-500-ml-jar-mffmrp-7502622
931,https://blinkit.com/prn/x/prid/25486,https://www.jiomart.com/p/groceries/aavin-ghee-500-ml-tin/590124608
93221,https://blinkit.com/prn/x/prid/452657,
93226,https://blinkit.com/prn/x/prid/452658,
93245,https://blinkit.com/prn/x/prid/352443,https://www.jiomart.com/p/groceries/tender-coconut-1-pc/590000097
935,https://blinkit.com/prn/x/prid/41994,https://www.jiomart.com/product/amulspray-infant-milk-food-1-kg-mffmt4-7506013
93818,https://blinkit.com/prn/x/prid/536633,https://www.jiomart.com/p/groceries/too-yumm-bhoot-chips-90-g/608579030
93823,https://blinkit.com/prn/x/prid/538936,https://www.jiomart.com/product/nissin-geki-hot-spicy-korean-veg-flavour-noodles-80-g-mffmst-7505376
93833,https://blinkit.com/prn/x/prid/77394,https://www.jiomart.com/p/groceries/nivea-pearl-beauty-roll-on-deodorant-for-women-25-ml/590813644
939,https://blinkit.com/prn/x/prid/617807,https://www.jiomart.com/product/amulspray-infant-milk-food-200-g-mffmzn-7519530
93934,https://blinkit.com/prn/x/prid/527579,https://www.jiomart.com/product/loose-hmt-kolam-rice-1-kg-mffn49-7529801
93936,https://blinkit.com/prn/x/prid/527993,https://www.jiomart.com/product/organic-tattva-yellow-moong-dal-1-kg-mffmtv-7507619
93937,https://blinkit.com/prn/x/prid/527582,
93959,https://blinkit.com/prn/x/prid/527986,
940,https://blinkit.com/prn/x/prid/41995,https://www.jiomart.com/p/groceries/amulspray-infant-milk-food-pouch-pack-500-g/490011302
941,https://blinkit.com/prn/x/prid/41995,https://www.jiomart.com/p/groceries/amulspray-infant-milk-food-tin-pack-500-g/490022075
94187,https://blinkit.com/prn/x/prid/409536,https://www.jiomart.com/p/groceries/parle-hide-seek-choco-black-bourbon-300-g/590032688
942,https://blinkit.com/prn/x/prid/48212,https://www.jiomart.com/product/amulya-dairy-whitener-200-g-mffnbi-7545613
94206,https://blinkit.com/prn/x/prid/187235,https://www.jiomart.com/p/groceries/lipton-honey-lemon-green-tea-50-pc-50-nx-1-4-g/590942544
94217,https://blinkit.com/prn/x/prid/504260,
943,https://blinkit.com/prn/x/prid/48212,https://www.jiomart.com/p/groceries/amulya-dairy-whitener-27-g-pouch/491152904
94348,https://blinkit.com/prn/x/prid/658543,https://www.jiomart.com/p/groceries/sunder-super-coconut-biscuits-200-g/590841133
94365,https://blinkit.com/prn/x/prid/520477,
944,https://blinkit.com/prn/x/prid/48212,https://www.jiomart.com/p/groceries/amulya-dairy-whitener-500-g-pouch/490011303
94460,https://blinkit.com/prn/x/prid/587062,
94463,https://blinkit.com/prn/x/prid/442176,https://www.jiomart.com/p/groceries/mcvitie-s-oat-cookies-120-g/490862032
945,https://blinkit.com/prn/x/prid/48212,https://www.jiomart.com/product/amulya-dairy-whitener-1-kg-mffmzo-7519557
94650,https://blinkit.com/prn/x/prid/531895,
94915,https://blinkit.com/prn/x/prid/656371,https://www.jiomart.com/p/groceries/pro-ease-day-night-combo-sanitary-napkin-xl-8-pads/590103105
95,https://blinkit.com/prn/x/prid/713,https://www.jiomart.com/product/chings-secret-dark-soy-sauce-210-g-mffn5w-7533426
95005,https://blinkit.com/prn/x/prid/533276,https://www.jiomart.com/p/groceries/boroplus-soft-ayurvedic-antiseptic-cream-100-ml/590802967
95007,https://blinkit.com/prn/x/prid/580433,
95008,https://blinkit.com/prn/x/prid/526364,
95028,https://blinkit.com/prn/x/prid/660759,
95031,https://blinkit.com/prn/x/prid/660755,
95039,https://blinkit.com/prn/x/prid/653908,
95040,https://blinkit.com/prn/x/prid/653910,
95128,https://blinkit.com/prn/x/prid/533464,https://www.jiomart.com/p/groceries/bingo-hashtag-cream-and-onion-potato-chips-58-g/609122479
95138,https://blinkit.com/prn/x/prid/611381,http://jiomart.com/p/groceries/bolas-value-pack-cashew-nuts-500-g/608854567
95141,https://blinkit.com/prn/x/prid/611394,https://www.jiomart.com/product/gulabi-nagri-premium-roasted-and-salted-pistachios-200g-crunchy-pista-dry-fruits-rich-in-protein-fiber-and-healthy-fats-perfect-for-snacking-and-gifting-mkpfcn-72552630
95151,https://blinkit.com/prn/x/prid/620938,
95165,https://blinkit.com/prn/x/prid/407555,https://www.jiomart.com/p/groceries/bingo-peri-peri-mad-angles-200-g/491551830
95173,https://blinkit.com/prn/x/prid/181883,https://www.jiomart.com/p/groceries/reynolds-brite-ball-pen-blue-set-of-5-pack-of-20/594125879
952,https://blinkit.com/prn/x/prid/42001,https://www.jiomart.com/p/groceries/anik-ghee-500-ml-carton/490012757
95213,https://blinkit.com/prn/x/prid/533543,
95270,https://blinkit.com/prn/x/prid/481020,https://www.jiomart.com/p/groceries/dnv-appalam-100-g/590363509
95292,https://blinkit.com/prn/x/prid/490532,https://www.jiomart.com/p/groceries/dnv-kala-jeera-50-g/491276715
95357,https://blinkit.com/prn/x/prid/527584,
95358,https://blinkit.com/prn/x/prid/527580,https://www.jiomart.com/product/loose-hmt-kolam-rice-1-kg-mffn49-7529801
95367,https://blinkit.com/prn/x/prid/543477,https://www.jiomart.com/product/india-salaam-cream-sella-basmati-rice-1-kg-premium-aged-extra-long-grain-parboiled-rice-ideal-for-biryani-pulao-daily-use-mi8yo3-19458828
95368,https://blinkit.com/prn/x/prid/528791,https://www.jiomart.com/product/loose-toor-dal-1-kg-mffn3i-7528108
95370,https://blinkit.com/prn/x/prid/543474,
95372,https://blinkit.com/prn/x/prid/527612,https://www.jiomart.com/p/groceries/good-life-raw-peanuts-1-kg/491299532
95373,https://blinkit.com/prn/x/prid/406127,https://www.jiomart.com/product/natrixeed-quality-chickpeas-kabuli-chana-chana-dal-roasted-1kg-miamwn-21255389
95374,https://blinkit.com/prn/x/prid/526213,
95443,https://blinkit.com/prn/x/prid/484035,https://www.jiomart.com/p/groceries/doms-15-mm-water-colour-cakes-15-shades/590986919
95466,https://blinkit.com/prn/x/prid/527584,
95486,https://blinkit.com/prn/x/prid/429487,https://www.jiomart.com/p/groceries/wai-wai-ready-to-eat-veg-masala-noodles-420-g/603164915
95502,https://blinkit.com/prn/x/prid/96396,https://www.jiomart.com/p/groceries/lawrence-mills-corn-flakes-500-g/590087496
95566,https://blinkit.com/prn/x/prid/137816,
95574,https://blinkit.com/prn/x/prid/4916,
95575,https://blinkit.com/prn/x/prid/3924,
95578,https://blinkit.com/prn/x/prid/545617,
95580,https://blinkit.com/prn/x/prid/351660,
95583,https://blinkit.com/prn/x/prid/240847,
95586,https://blinkit.com/prn/x/prid/10095,
95587,https://blinkit.com/prn/x/prid/166848,
95588,https://blinkit.com/prn/x/prid/425780,
95589,https://blinkit.com/prn/x/prid/421747,
95591,https://blinkit.com/prn/x/prid/327916,
95594,https://blinkit.com/prn/x/prid/3881,
95595,https://blinkit.com/prn/x/prid/3923,
95598,https://blinkit.com/prn/x/prid/95032,https://www.jiomart.com/p/groceries/ginger-200-g/590000132
95605,https://blinkit.com/prn/x/prid/428608,
95608,https://blinkit.com/prn/x/prid/440981,
95610,https://blinkit.com/prn/x/prid/369013,
95611,https://blinkit.com/prn/x/prid/3889,
95657,https://blinkit.com/prn/x/prid/634652,
95658,https://blinkit.com/prn/x/prid/634653,
95664,https://blinkit.com/prn/x/prid/425579,https://www.jiomart.com/p/groceries/pidilite-rangeela-tempera-colours-54-ml-18-shades/590145716
95725,https://blinkit.com/prn/x/prid/535625,
95726,https://blinkit.com/prn/x/prid/536398,
95796,https://blinkit.com/prn/x/prid/228139,https://www.jiomart.com/p/groceries/mukharochak-special-papri-chanachur-400-g/608730472
95799,https://blinkit.com/prn/x/prid/99107,https://www.jiomart.com/product/mukhorochak-sweet-and-sour-chanachur-400-g-mffn6x-7535702
95812,https://blinkit.com/prn/x/prid/99123,https://www.jiomart.com/product/mukharochak-lite-chiwra-200-g-mffn2y-7526927
95821,https://blinkit.com/prn/x/prid/601983,https://www.jiomart.com/p/groceries/mukharochak-dhania-peanuts-100-g-590008714/491587192
95828,https://blinkit.com/prn/x/prid/530029,https://www.jiomart.com/p/groceries/jk-jeera-powder-100-g/490870826
95829,https://blinkit.com/prn/x/prid/530030,
95831,https://blinkit.com/prn/x/prid/109212,
95834,https://blinkit.com/prn/x/prid/529929,
95837,https://blinkit.com/prn/x/prid/529957,https://www.jiomart.com/p/groceries/jk-dhaniya-powder-100-g/490870395
95847,https://blinkit.com/prn/x/prid/426374,https://www.jiomart.com/p/groceries/jk-green-cassia-100-g/590322148
95861,https://blinkit.com/prn/x/prid/134414,
95867,https://blinkit.com/prn/x/prid/532826,
95868,https://blinkit.com/prn/x/prid/532827,https://www.jiomart.com/p/groceries/jk-masale-urad-bori-200-g/611429452
95869,https://blinkit.com/prn/x/prid/532827,
95880,https://blinkit.com/prn/x/prid/207005,https://www.jiomart.com/p/groceries/del-monte-food-craft-rigate-penne-pasta-500-g/491200713
95889,https://blinkit.com/prn/x/prid/479127,
95908,https://blinkit.com/prn/x/prid/15350,https://www.jiomart.com/p/groceries/sundrop-honey-creamy-peanut-butter-300-g/611035795
95995,https://blinkit.com/prn/x/prid/429467,
95999,https://blinkit.com/prn/x/prid/429480,https://www.jiomart.com/p/groceries/elephant-steel-grey-net-colander-no-9/605414361
96126,https://blinkit.com/prn/x/prid/484608,https://www.jiomart.com/p/groceries/sparkle-lime-orange-dishwash-bar-150-g-buy-4-get-1-free/590969959
96127,https://blinkit.com/prn/x/prid/362350,https://www.jiomart.com/p/groceries/sparkle-lime-orange-dishwash-bar-700-g/590969958
96128,https://blinkit.com/prn/x/prid/224356,https://www.jiomart.com/p/groceries/safed-detergent-powder-1-kg/590032254
96129,https://blinkit.com/prn/x/prid/224356,
96131,https://blinkit.com/prn/x/prid/362350,https://www.jiomart.com/p/groceries/sparkle-lime-orange-dishwash-bar-400-g/590969957
96132,https://blinkit.com/prn/x/prid/528022,
96167,https://blinkit.com/prn/x/prid/532226,
9627,https://blinkit.com/prn/x/prid/169183,https://www.jiomart.com/p/groceries/exo-touch-shine-anti-bacterial-dishwash-bar-140-g/490003201
96272,https://blinkit.com/prn/x/prid/528001,
96284,https://blinkit.com/prn/x/prid/409242,
963,https://blinkit.com/prn/x/prid/19168,https://www.jiomart.com/product/bajaj-almond-drops-non-sticky-hair-oil-95-ml-mk3r4n-70283930
96336,https://blinkit.com/prn/x/prid/224356,https://www.jiomart.com/p/groceries/safed-detergent-powder-500-g/491053407
96337,https://blinkit.com/prn/x/prid/496445,https://www.jiomart.com/product/joy-fresh-purifying-awakening-and-refreshing-shower-gel-body-wash-250ml-pack-of-3-mj70gw-49876602
96338,https://blinkit.com/prn/x/prid/496446,https://www.jiomart.com/p/groceries/joy-refreshing-mandarin-lemongrass-shower-gel-250-ml/596541437
96343,https://blinkit.com/prn/x/prid/71176,https://www.jiomart.com/p/groceries/joy-pomegranate-and-strawberry-hairfall-defense-conditioning-paraben-free-shampoo-650ml-pack-of-1/602691307
96346,https://blinkit.com/prn/x/prid/496412,https://www.jiomart.com/p/groceries/joy-skin-fruits-brightening-face-wash-100-ml-pack-of-2/590983712
96347,https://blinkit.com/prn/x/prid/496413,https://www.jiomart.com/p/groceries/joy-skin-fruits-softening-glow-face-wash-100ml-pack-of-2/602554015
96348,https://blinkit.com/prn/x/prid/614264,https://www.jiomart.com/p/groceries/secret-temptation-romance-body-deodorant-225-ml/590126652
96349,https://blinkit.com/prn/x/prid/37172,https://www.jiomart.com/product/similac-advance-stage-1-infant-formula-up-to-6-months-400g-box-with-immunity-building-nucleotides-at-tpan-level-powder-mi7efv-18165942
9635,https://blinkit.com/prn/x/prid/17312,https://www.jiomart.com/p/groceries/mcvitie-s-digestive-biscuits-400-g/590109852
96350,https://blinkit.com/prn/x/prid/25770,
96369,https://blinkit.com/prn/x/prid/540454,https://www.jiomart.com/p/groceries/bagrry-s-crunchy-nutty-fruity-muesli-1-kg/608897525
96370,https://blinkit.com/prn/x/prid/406287,https://www.jiomart.com/p/groceries/bagrry-s-crunchy-fruit-nut-muesli-with-cranberries-375-g/594137956
964,https://blinkit.com/prn/x/prid/959,https://www.jiomart.com/p/groceries/bajaj-almond-drops-non-sticky-hair-oil-200-ml/490003988
96424,https://blinkit.com/prn/x/prid/498727,
96426,https://blinkit.com/prn/x/prid/498730,
96427,https://blinkit.com/prn/x/prid/498729,
965,https://blinkit.com/prn/x/prid/24098,https://www.jiomart.com/p/groceries/bajaj-almond-drops-non-sticky-hair-oil-300-ml/490003987
96522,https://blinkit.com/prn/x/prid/528536,https://www.jiomart.com/product/shubkart-nirmal-loban-dry-masala-agarbatti-125-g-mieeag-24057343
96523,https://blinkit.com/prn/x/prid/493524,https://www.jiomart.com/product/shubkart-nirmal-loban-dry-masala-agarbatti-125-g-mieeag-24057343
96524,https://blinkit.com/prn/x/prid/485920,https://www.jiomart.com/product/salutary-premium-camphor-tablet-100g-jar-pack-of-1-100-pure-for-puja-festivals-other-religious-ritual-no-dangerous-chemicals-leaves-no-residue-or-ash-mn4iie-75343239
96526,https://blinkit.com/prn/x/prid/554536,https://www.jiomart.com/p/groceries/shubhkart-nirmal-loban-dry-dhoop-10-stick-1-stand/604748790
96528,https://blinkit.com/prn/x/prid/554535,https://www.jiomart.com/p/groceries/nirmal-chandan-dhoop-candy-sticks-agarbatti-with-stand-10-sticks/604536596
96529,https://blinkit.com/prn/x/prid/554536,https://www.jiomart.com/p/groceries/nirmal-loban-dhoop-candy-sticks-agarbatti-with-stand-10-sticks/604536595
96530,https://blinkit.com/prn/x/prid/485231,https://www.jiomart.com/p/groceries/shubhkart-black-sambrani-160-g-12-pcs/590813692
96531,https://blinkit.com/prn/x/prid/485229,https://www.jiomart.com/product/shubhkart-tejas-pure-ghee-diya-wick-30-pcs-mffi22-7500259
96532,https://blinkit.com/prn/x/prid/380413,https://www.jiomart.com/product/swarajya-india-panch-deepam-shuddha-camphor-puja-oil-for-puja-festivals-havan-spiritual-puja-til-oil-for-pooja-camphor-fragrance-long-lasting-deepam-oil-for-daily-pooja-items-900ml-pack-of-2-mja4ng-62624008
96542,https://blinkit.com/prn/x/prid/597912,https://www.jiomart.com/p/groceries/whiskers-blood-deodorant-spray-150-ml/590448192
96577,https://blinkit.com/prn/x/prid/549436,https://www.jiomart.com/p/groceries/knorr-red-chilli-sauce-200-g/607184177
966,https://blinkit.com/prn/x/prid/18623,https://www.jiomart.com/p/groceries/bajaj-almond-drops-non-sticky-hair-oil-50-ml/590040982
96646,https://blinkit.com/prn/x/prid/66133,https://www.jiomart.com/p/groceries/gala-toilet-plunger-m/490508737
967,https://blinkit.com/prn/x/prid/18623,https://www.jiomart.com/p/groceries/bajaj-almond-drops-non-sticky-hair-oil-500-ml/490927158
96715,https://blinkit.com/prn/x/prid/600662,
96837,https://blinkit.com/prn/x/prid/656756,
96851,https://blinkit.com/prn/x/prid/533289,https://www.jiomart.com/p/groceries/bajaj-almond-drops-nourishing-body-lotion-400ml/604215433
96935,https://blinkit.com/prn/x/prid/594265,
97,https://blinkit.com/prn/x/prid/480573,https://www.jiomart.com/product/chings-secret-just-soak-veg-hakka-noodles-140-g-mffn3d-7527800
97011,https://blinkit.com/prn/x/prid/570646,
97018,https://blinkit.com/prn/x/prid/397914,https://www.jiomart.com/p/groceries/too-yumm-sour-cream-onion-veggie-stix-80-g-10-g/590110130
97021,https://blinkit.com/prn/x/prid/25009,https://www.jiomart.com/p/groceries/nestle-cerelac-baby-cereal-with-milk-wheat-apple-cherry-for-8-to-24-months-350-g/610692176
97022,https://blinkit.com/prn/x/prid/395485,https://www.jiomart.com/p/groceries/complan-royale-chocolate-health-drink-700-g/604536593
97027,https://blinkit.com/prn/x/prid/540417,https://www.jiomart.com/p/groceries/dettol-icy-cool-soap-400-g/608878792
97042,https://blinkit.com/prn/x/prid/479513,https://www.jiomart.com/p/groceries/dettol-skincare-soap-100-g-pack-of-4/608723146
97052,https://blinkit.com/prn/x/prid/519585,https://www.jiomart.com/p/groceries/giffy-green-lime-dishwash-gel-750-ml/611016242
97054,https://blinkit.com/prn/x/prid/403048,https://www.jiomart.com/p/groceries/wipro-softouch-after-wash-2x-french-perfume-fabric-conditioner-800-200-ml/491569310
97055,https://blinkit.com/prn/x/prid/28418,https://www.jiomart.com/p/groceries/santoor-sandal-turmeric-soap-125-g-pack-of-4/490002255
97062,https://blinkit.com/prn/x/prid/369752,https://www.jiomart.com/p/groceries/watermelon-kiran-1-pc/590041413
97075,https://blinkit.com/prn/x/prid/297470,https://www.jiomart.com/p/groceries/tulips-absorbent-cotton-wool-bandage-100-g/490985889
97077,https://blinkit.com/prn/x/prid/252553,https://www.jiomart.com/p/groceries/savlon-moisture-shield-handwash-refill-750-ml-buy-1-get-1-free/590032543
97081,https://blinkit.com/prn/x/prid/369752,https://www.jiomart.com/p/groceries/watermelon-kiran-1-pc/590041413
97101,https://blinkit.com/prn/x/prid/560838,https://www.jiomart.com/p/electronics/zebronics-delight-bluetooth-speaker-blue/606473339
97102,https://blinkit.com/prn/x/prid/560838,
97119,https://blinkit.com/prn/x/prid/21874,https://www.jiomart.com/p/groceries/del-monte-eggless-mayo-500-g/491298304
97140,https://blinkit.com/prn/x/prid/540416,https://www.jiomart.com/product/dettol-skincare-soap-100-g-mffn83-7538270
97142,https://blinkit.com/prn/x/prid/524938,https://www.jiomart.com/p/groceries/dettol-icy-cool-soap-100-g/609853013
97143,https://blinkit.com/prn/x/prid/548865,
97160,https://blinkit.com/prn/x/prid/701755,
97166,https://blinkit.com/prn/x/prid/543982,https://www.jiomart.com/p/groceries/britannia-good-day-fruit-nut-cookies-450-g/608494630
97168,https://blinkit.com/prn/x/prid/369752,https://www.jiomart.com/p/groceries/watermelon-kiran-1-pc/590041413
97216,https://blinkit.com/prn/x/prid/611381,https://www.jiomart.com/p/groceries/bolas-value-pack-cashew-nuts-500-g/608854567
97217,https://blinkit.com/prn/x/prid/611381,
97249,https://blinkit.com/prn/x/prid/652686,https://www.jiomart.com/p/homeandkitchen/lifelong-black-toughened-glass-top-2-burner-automatic-gas-stove/602112568
97252,https://blinkit.com/prn/x/prid/424094,
97280,https://blinkit.com/prn/x/prid/644501,
97312,https://blinkit.com/prn/x/prid/444752,
97313,https://blinkit.com/prn/x/prid/729863,
97342,https://blinkit.com/prn/x/prid/591001,https://www.jiomart.com/product/del-monte-food-craft-fusilli-pasta-450-g-mffmub-7508507
97344,https://blinkit.com/prn/x/prid/588622,
97345,https://blinkit.com/prn/x/prid/532306,
97359,https://blinkit.com/prn/x/prid/524892,https://www.jiomart.com/p/groceries/good-life-star-anise-25-g/610809281
97360,https://blinkit.com/prn/x/prid/524897,
97383,https://blinkit.com/prn/x/prid/527985,https://www.jiomart.com/p/groceries/good-life-nutmeg-50-g/610080628
97389,https://blinkit.com/prn/x/prid/527987,https://www.jiomart.com/product/kvd-collection-bangla-premium-fragrant-aromatic-gobindobhog-rice-1kg-bengal-100-natural-vegetarian-no-artificial-chemical-or-preservatives-airtight-sealed-container-mi9g8b-19976503
97402,https://blinkit.com/prn/x/prid/481018,
97414,https://blinkit.com/prn/x/prid/578546,
97416,https://blinkit.com/prn/x/prid/578549,
97443,https://blinkit.com/prn/x/prid/190320,https://www.jiomart.com/p/groceries/pineapple-1-piece/590001250
97447,https://blinkit.com/prn/x/prid/466066,
97456,https://blinkit.com/prn/x/prid/428612,
97457,https://blinkit.com/prn/x/prid/428612,
97458,https://blinkit.com/prn/x/prid/566162,
97462,https://blinkit.com/prn/x/prid/339153,https://www.jiomart.com/p/groceries/cauliflower-1-pc/590000619
97463,https://blinkit.com/prn/x/prid/355051,https://www.jiomart.com/p/groceries/papaya-each/590001247
97466,https://blinkit.com/prn/x/prid/217614,
97470,https://blinkit.com/prn/x/prid/95032,https://www.jiomart.com/p/groceries/ginger-200-g/590000132
97472,https://blinkit.com/prn/x/prid/95031,
97474,https://blinkit.com/prn/x/prid/369012,
97491,https://blinkit.com/prn/x/prid/645566,https://www.jiomart.com/p/groceries/volini-pain-relief-gel-75g/607887596
97515,https://blinkit.com/prn/x/prid/544080,https://www.jiomart.com/p/groceries/dettol-cologne-fresh-soap-100-g/609744583
97516,https://blinkit.com/prn/x/prid/544080,https://www.jiomart.com/p/groceries/dettol-cologne-fresh-soap-4x150-g/609744574
97517,https://blinkit.com/prn/x/prid/240028,
97520,https://blinkit.com/prn/x/prid/580964,https://www.jiomart.com/p/groceries/surf-excel-easy-wash-detergent-powder-7-kg/609501256
97539,https://blinkit.com/prn/x/prid/498982,https://www.jiomart.com/p/groceries/skore-skinthin-ultra-fine-condoms-10-pcs/491440967
97600,https://blinkit.com/prn/x/prid/465965,
97601,https://blinkit.com/prn/x/prid/364304,
97615,https://blinkit.com/prn/x/prid/321169,https://www.jiomart.com/p/groceries/pomegranate-economy-6-pcs-pack/590485022
97618,https://blinkit.com/prn/x/prid/124525,
97694,https://blinkit.com/prn/x/prid/95031,
97695,https://blinkit.com/prn/x/prid/3889,
97696,https://blinkit.com/prn/x/prid/423334,
977,https://blinkit.com/prn/x/prid/62119,https://www.jiomart.com/p/groceries/bikaji-bikaneri-bhujia-400-g/490005310
97728,https://blinkit.com/prn/x/prid/3914,
97729,https://blinkit.com/prn/x/prid/17643,
97732,https://blinkit.com/prn/x/prid/355012,
97738,https://blinkit.com/prn/x/prid/16405,
97739,https://blinkit.com/prn/x/prid/443547,
97751,https://blinkit.com/prn/x/prid/3924,
97752,https://blinkit.com/prn/x/prid/344565,
97753,https://blinkit.com/prn/x/prid/10095,
978,https://blinkit.com/prn/x/prid/62118,https://www.jiomart.com/p/groceries/bikaji-bikaneri-bhujia-1-kg/490005311
97822,https://blinkit.com/prn/x/prid/469737,https://www.jiomart.com/p/groceries/potato-red-1-kg/590001486
97831,https://blinkit.com/prn/x/prid/520787,https://www.jiomart.com/p/groceries/mom-cream-n-onion-roasted-makhana-58-g/611945795
97832,https://blinkit.com/prn/x/prid/553641,
97858,https://blinkit.com/prn/x/prid/485230,https://www.jiomart.com/p/groceries/shubhkart-kumkum-50-g/491299097
97860,https://blinkit.com/prn/x/prid/493527,https://www.jiomart.com/p/groceries/shubhkart-darshana-ashtagandha-kapoor-50-g/593412070
97868,https://blinkit.com/prn/x/prid/493530,https://www.jiomart.com/p/groceries/shubhkart-gangajal-100-ml/610785533
97869,https://blinkit.com/prn/x/prid/513093,https://www.jiomart.com/p/groceries/shubhkart-janeu-2-pcs/590105479
97917,https://blinkit.com/prn/x/prid/497423,https://www.jiomart.com/p/groceries/d-lecta-100-mozzarella-block-cheese-200-g-carton/595882176
97923,https://blinkit.com/prn/x/prid/495540,https://www.jiomart.com/p/groceries/bella-vita-luxury-unisex-perfume-gift-set-4-x-20-ml/608710447
97924,https://blinkit.com/prn/x/prid/457925,
97925,https://blinkit.com/prn/x/prid/457926,
97926,https://blinkit.com/prn/x/prid/457783,https://www.jiomart.com/p/groceries/bella-vita-luxury-white-oud-perfume-100-ml/608710443
97927,https://blinkit.com/prn/x/prid/457771,https://www.jiomart.com/p/groceries/bella-vita-luxury-men-ceo-perfume-100-ml/608710445
97951,https://blinkit.com/prn/x/prid/425734,https://www.jiomart.com/p/groceries/pidilite-plastic-multipurpose-home-kit-blister-shoefix-briteo-fevikwik-m-seal/603877051
97952,https://blinkit.com/prn/x/prid/344565,
97969,https://blinkit.com/prn/x/prid/425788,
98,https://blinkit.com/prn/x/prid/198073,https://www.jiomart.com/p/groceries/ching-s-secret-hot-garlic-instant-noodles-60-g/490470662
98001,https://blinkit.com/prn/x/prid/288125,
98060,https://blinkit.com/prn/x/prid/68281,https://www.jiomart.com/p/groceries/prabhuji-tok-jhal-masti-400-g/590154099
98088,https://blinkit.com/prn/x/prid/394525,
98089,https://blinkit.com/prn/x/prid/370346,
98205,https://blinkit.com/prn/x/prid/428612,
98206,https://blinkit.com/prn/x/prid/428612,
98219,https://blinkit.com/prn/x/prid/533276,https://www.jiomart.com/p/groceries/boroplus-soft-ayurvedic-antiseptic-cream-200-ml/594124018
98414,https://blinkit.com/prn/x/prid/439996,
98416,https://blinkit.com/prn/x/prid/555059,https://www.jiomart.com/p/groceries/godrej-fab-liquid-detergent-4-l/612070931
98586,https://blinkit.com/prn/x/prid/619784,https://www.jiomart.com/p/homeandkitchen/ecolink-9-watt-base-b22-led-bulb-cool-white-pack-of-2/611552218
986,https://blinkit.com/prn/x/prid/91091,https://www.jiomart.com/p/groceries/bikaji-kuch-kuch-all-in-one-mixture-200-g/490000192
98668,https://blinkit.com/prn/x/prid/344565,
9870,https://blinkit.com/prn/x/prid/627,https://www.jiomart.com/p/groceries/haldiram-s-nagpur-rassagulla-500-g/490000288
9880,https://blinkit.com/prn/x/prid/425302,https://www.jiomart.com/p/groceries/saffola-honey-1-kg/590032618
9898,https://blinkit.com/prn/x/prid/409619,https://www.jiomart.com/p/groceries/cadbury-chocobakes-chocofilled-cookies-300-g/593228586
9900,https://blinkit.com/prn/x/prid/437237,https://www.jiomart.com/product/kelloggs-chocos-127-g-mffn7c-7536621
9901,https://blinkit.com/prn/x/prid/437237,https://www.jiomart.com/product/kelloggs-chocos-250-g-mffmsg-7504336
9902,https://blinkit.com/prn/x/prid/437237,https://www.jiomart.com/p/groceries/kellogg-s-chocos-375-g/490005266
9903,https://blinkit.com/prn/x/prid/520492,
99075,https://blinkit.com/prn/x/prid/369013,
9910,https://blinkit.com/prn/x/prid/524898,https://www.jiomart.com/p/groceries/good-life-cloves-laung-15-g/600873861
9911,https://blinkit.com/prn/x/prid/28356,https://www.jiomart.com/p/groceries/rin-detergent-bar-250-g-pack-of-4/490972169
99157,https://blinkit.com/prn/x/prid/41417,
992,https://blinkit.com/prn/x/prid/62127,https://www.jiomart.com/p/groceries/bikaji-sub-kuch-navratan-mixture-200-g/490000199
99239,https://blinkit.com/prn/x/prid/572124,
99241,https://blinkit.com/prn/x/prid/354985,
993,https://blinkit.com/prn/x/prid/62127,https://www.jiomart.com/p/groceries/bikaji-sub-kuch-chabeni-mixture-400-g/490005323
9942,https://blinkit.com/prn/x/prid/457542,https://www.jiomart.com/p/groceries/kellogg-s-chocos-fills-180-g/491458267
9944,https://blinkit.com/prn/x/prid/626946,https://www.jiomart.com/p/groceries/navratna-extra-thanda-ayurved-oil-90-ml/608437846
9948,https://blinkit.com/prn/x/prid/15180,https://www.jiomart.com/p/groceries/gits-instant-gulab-jamun-dessert-mix-makes-200-per-pack-pure-veg-delicious-indian-dessert-and-mithai-1kg/602510667
9952,https://blinkit.com/prn/x/prid/11605,https://www.jiomart.com/product/rin-ala-fabric-whitener-500-ml-mieex5-24066436
9953,https://blinkit.com/prn/x/prid/44819,https://www.jiomart.com/product/surf-excel-detergent-bar-250-g-mhy0hb-17507903
9954,https://blinkit.com/prn/x/prid/44819,https://www.jiomart.com/p/groceries/surf-excel-detergent-bar-150-g/590087255
99550,https://blinkit.com/prn/x/prid/332740,
99564,https://blinkit.com/prn/x/prid/373665,https://www.jiomart.com/product/kelloggs-fruit-and-nut-seeds-muesli-72-g-mffnbz-7546506
99624,https://blinkit.com/prn/x/prid/535187,
9964,https://blinkit.com/prn/x/prid/457281,https://www.jiomart.com/p/groceries/stayfree-secure-cottony-soft-sanitary-napkin-with-wings-xl-20-pads/491229956
9967,https://blinkit.com/prn/x/prid/528805,https://www.jiomart.com/p/groceries/lipton-pure-light-green-tea-bags-25-pcs/490582715
9968,https://blinkit.com/prn/x/prid/187235,https://www.jiomart.com/product/lipton-tulsi-natura-green-tea-bags-25-pcs-mffmvd-7510752
9970,https://blinkit.com/prn/x/prid/14145,https://www.jiomart.com/product/everest-shahi-biryani-masala-50-g-mffn0y-7522819
99702,https://blinkit.com/prn/x/prid/580492,
99703,https://blinkit.com/prn/x/prid/580419,https://www.jiomart.com/product/good-life-special-super-basmati-rice-5-kg-mffndn-7549088
9972,https://blinkit.com/prn/x/prid/318064,https://www.jiomart.com/p/groceries/amul-cow-ghee-200-ml-jar/596192287
99783,https://blinkit.com/prn/x/prid/530157,
99784,https://blinkit.com/prn/x/prid/391306,
99798,https://blinkit.com/prn/x/prid/628,https://www.jiomart.com/p/groceries/mother-s-recipe-mango-pickle-500-g/490088383
998,https://blinkit.com/prn/x/prid/525567,https://www.jiomart.com/p/groceries/bikaji-soya-sticks-200-g/590033097
99803,https://blinkit.com/prn/x/prid/442961,
99805,https://blinkit.com/prn/x/prid/344553,
99810,https://blinkit.com/prn/x/prid/339153,https://www.jiomart.com/p/groceries/cauliflower-1-pc/590000619
99811,https://blinkit.com/prn/x/prid/428612,
99813,https://blinkit.com/prn/x/prid/3918,
9986,https://blinkit.com/prn/x/prid/160148,https://www.jiomart.com/p/groceries/tetley-green-tea-100-g-carton/490320503
9989,https://blinkit.com/prn/x/prid/381849,https://www.jiomart.com/p/groceries/tetley-lemon-honey-green-tea-bags-30-pcs-carton/490755302
99895,https://blinkit.com/prn/x/prid/295287,
99901,https://blinkit.com/prn/x/prid/146811,
99903,https://blinkit.com/prn/x/prid/540501,
99905,https://blinkit.com/prn/x/prid/32323,
9993,https://blinkit.com/prn/x/prid/600871,https://www.jiomart.com/p/groceries/tetley-ginger-mint-and-lemon-green-tea-bags-10-pcs/590040936
937,https://blinkit.com/prn/x/prid/176,https://www.jiomart.com/product/amul-taaza-homogenised-toned-milk-1-l-mffn0b-7521391
100013,,https://www.jiomart.com/p/groceries/bambino-rosetta-spaghetti-pasta-500-g/611262705
100200,,https://www.jiomart.com/p/groceries/cetaphil-cream-face-wash-cleanser-for-sensitive-skin-250-ml/596142894
100249,,https://www.jiomart.com/p/groceries/doms-painting-kit/590980265
100298,,https://www.jiomart.com/p/groceries/doms-q-series-30-cm-transparent-scale-pack-of-10-pieces/603885550
100353,,https://www.jiomart.com/p/groceries/go-four-cheese-200-g-pack/594103054
100354,,https://www.jiomart.com/p/groceries/go-plain-cheese-spread-200-g/590049053
100370,,https://www.jiomart.com/p/groceries/britannia-good-day-chunkies-crunchy-coconut-cookies-100-g/610896716
100441,,https://www.jiomart.com/p/groceries/nakoda-all-in-one-900-gm-mixture/596980417
100460,,https://www.jiomart.com/p/groceries/mcvitie-s-tasties-cashew-almond-biscuits-560g-pack-of-2/610083627
10047,,https://www.jiomart.com/p/groceries/haldiram-s-nagpur-sweet-soanpapdi-500-g/490000292
100493,,https://www.jiomart.com/p/groceries/jalan-makai-maize-flour-atta-500-g/611332458
100494,,https://www.jiomart.com/p/groceries/jalan-jowar-atta-500-g/611387288
100495,,https://www.jiomart.com/p/groceries/jalan-rice-atta-500-g/611386557
100496,,https://www.jiomart.com/p/groceries/jalan-cold-pressed-singhada-atta-200-g/611332456
100497,,https://www.jiomart.com/p/groceries/jalan-cold-pressed-bajra-atta-500-g/611332455
10050,,https://www.jiomart.com/p/groceries/lotte-coffy-bite-classic-toffees-239-5-g/590113768
10051,,https://www.jiomart.com/p/groceries/lotte-classic-coffee-bite-toffee-420-g/590120569
10062,,https://www.jiomart.com/p/groceries/vicks-vaporub-pain-relief-balm-50-ml/490020639
100645,,https://www.jiomart.com/p/groceries/on1y-piri-piri-mix-80-g/610771523
100854,,https://www.jiomart.com/p/groceries/sunfeast-yippee-power-up-masala-instant-atta-noodles-280-g/491298254
100857,,https://www.jiomart.com/p/groceries/bingo-chilli-limon-flavour-nachos-82-5-g/610076663
100888,,https://www.jiomart.com/p/groceries/limca-2-l/491093908
10089,,https://www.jiomart.com/p/groceries/kinley-packaged-drinking-water-1-l/490001790
100914,,https://www.jiomart.com/product/sunfeast-dark-fantasy-yumfills-cake-242-g-mffn6n-7535045
10099,,https://www.jiomart.com/p/groceries/godrej-protekt-magic-power-liquid-handwash-lime-9-g/603694249
101,,https://www.jiomart.com/p/groceries/ching-s-secret-sweet-corn-veg-instant-soup-15-g/490993681
101140,,https://www.jiomart.com/p/groceries/kurkure-schezwan-chutney-flavor-snacks-68-g/611375883
101478,,https://www.jiomart.com/p/groceries/nivea-24h-caring-lip-balm-with-shea-butter-natural-oils-original-care-4-8-g/490180137
101482,,https://www.jiomart.com/p/groceries/surf-excel-matic-top-load-liquid-detergent-3-2-l/596950628
101565,,https://www.jiomart.com/p/groceries/bellavita-organic-honey-oud-eau-de-parfum-unisex-perfume-with-floral-fruity-flavour-fresh-scent-edp-fragrance-100-ml/609400828
101707,,https://www.jiomart.com/p/groceries/hell-apple-flavour-caffeinated-beverage-energy-drink-250-ml-can/609037280
101770,,https://www.jiomart.com/p/groceries/sunlight-liquid-detergent-800-ml/590120613
101912,,https://www.jiomart.com/p/groceries/lotte-rich-cocoa-choco-pie-336-g/491379238
102,,https://www.jiomart.com/p/groceries/ching-s-secret-new-tomato-instant-soup-with-croutons-16-g/490993683
102110,,https://www.jiomart.com/p/groceries/tide-naturals-lemon-and-chandan-detergent-powder-3-kg/610857289
102390,,https://www.jiomart.com/p/groceries/whisper-period-panty-l-xl-6-pcs/611169969
102420,,https://www.jiomart.com/p/groceries/pringles-desi-masala-tadka-chips-40-g/611431688
102555,,https://www.jiomart.com/p/groceries/lux-soft-touch-bar-soap-100-g/490680423
102590,,https://www.jiomart.com/p/groceries/lacto-calamine-sunscreen-spf-50-100g-pa/608767548
102683,,https://www.jiomart.com/p/groceries/nisha-hair-serum-eversilk-argan-oil-serum-100ml-hair-serum-for-dry-frizzy-hair-hair-serum-for-women-men-serum-for-hair-smoothing/611002378
102684,,https://www.jiomart.com/p/groceries/yuthika-day-cream-for-women-daily-use-spf-30-youth-glow-hydra-bright-face-cream-50-g/611010860
102703,,https://www.jiomart.com/p/groceries/signature-green-deodorant-body-spray-pack-of-2-70-ml-each-deodorant-for-women-men-long-lasting-fragrance-skin-friendly-deo/600934506
103,,https://www.jiomart.com/p/groceries/ching-s-secret-mix-vegetable-instant-soup-15-g/490993682
103047,,https://www.jiomart.com/product/britannia-nutri-choice-hi-fibre-digestive-biscuits-960-g-mffmr7-7501827
103094,,https://www.jiomart.com/p/groceries/cadbury-oreo-original-vanilla-creme-cookies-jumbo-pack-500-g/590110608
103099,,https://www.jiomart.com/p/groceries/lux-velvet-glow-jasmine-vitamin-e-soap-150-g-pack-of-3/490915878
1031,,https://www.jiomart.com/product/bisk-farm-chatpata-spicy-biscuits-200-g-mffn26-7525402
103102,,https://www.jiomart.com/p/groceries/cadbury-celebrations-assorted-chocolate-gift-pack-120-g/612026573
103106,,https://www.jiomart.com/p/groceries/glow-lovely-advanced-multi-vitamin-cream-110-g/590084001
103107,,https://www.jiomart.com/p/groceries/glow-lovely-advanced-multi-vitamin-cream-25-g/590084002
103112,,https://www.jiomart.com/p/groceries/bambino-golden-shine-vermicelli-875-g/609551002
103189,,https://www.jiomart.com/p/groceries/cupid-dotted-extra-time-condoms-pack-of-3-lubricated-multitextured-condoms-for-her-enhanced-pleasure-pack-of-3-20-pcs-each/612515899
103190,,https://www.jiomart.com/p/groceries/cupid-dotted-extra-time-condoms-pack-of-4-lubricated-multitextured-condoms-for-her-enhanced-pleasure-pack-of-4-12-pcs-each/612515333
103194,,https://www.jiomart.com/p/groceries/cupid-angel-deo-150ml-pack-of-2/612514112
103210,,https://www.jiomart.com/p/groceries/lotte-pepero-original-sticks-30-g/611965776
103216,,https://www.jiomart.com/p/groceries/glow-lovely-advanced-multi-vitamin-cream-80-g/590084004
103295,,https://www.jiomart.com/p/groceries/mamypoko-pants-all-night-absorb-coco-care-12hr-leakage-protection-s-56-count/612717727
103296,,https://www.jiomart.com/p/groceries/mamypoko-pants-all-night-absorb-coco-care-12hr-leakage-protection-xl-34-count/612716984
103337,,https://www.jiomart.com/p/groceries/cadbury-celebrations-chocolate-64-g/491227606
103401,,https://www.jiomart.com/p/groceries/parachute-advansed-gold-biotin-coconut-hair-oil-deep-nourishment-for-fuller-hair-no-paraben-or-silicone-300ml/612616104
10355,,https://www.jiomart.com/product/amul-kool-kesar-flavoured-milk-180-ml-mffmv8-7510413
1036,,https://www.jiomart.com/p/groceries/bisk-farm-cheese-cream-biscuits-150-g/490786328
103693,,https://www.jiomart.com/p/groceries/india-gate-classic-lucknowi-briyani-masala-70-g/608746776
103694,,https://www.jiomart.com/p/groceries/india-gate-classic-kolkata-briyani-masala-70-g/608746778
103744,,https://www.jiomart.com/p/groceries/himalaya-moisturizing-aloe-vera-face-wash-100ml-pack-of-3/609958447
103760,,https://www.jiomart.com/p/groceries/vlcc-bright-glow-serum-face-wash-with-vitamin-c-serum-mulberry-150ml-150ml-buy-one-get-one/610067030
103785,,https://www.jiomart.com/p/groceries/aromaplus-papaya-glow-face-wash-240-ml/602198352
103786,,https://www.jiomart.com/p/groceries/aromaplus-herbal-ubtan-face-wash-with-turmeric-saffron-sandalwood-rose-water-chickpeas-and-hyaluronic/612274472
103794,,https://www.jiomart.com/p/groceries/aromaplus-herbal-red-onion-brahmi-strengthening-nourishing-shampoo-200x2p-400-ml/602005861
103795,,https://www.jiomart.com/p/groceries/aromaplus-herbal-amla-blueberry-shampoo-for-strong-thick-hair-200mlx2p-400-ml/602005857
103796,,https://www.jiomart.com/p/groceries/aromaplus-herbal-sandal-shower-gel-with-natural-essence-250-ml/602022157
103797,,https://www.jiomart.com/p/groceries/aromaplus-herbal-neem-shower-gel-with-natural-essence-250-ml/602007911
103798,,https://www.jiomart.com/p/groceries/aromaplus-herbal-aqua-shower-gel-with-natural-essence-250-ml/602007889
103799,,https://www.jiomart.com/p/groceries/aromaplus-herbal-lavender-shower-gel-with-natural-essence-250-ml/611013777
10384,,https://www.jiomart.com/p/groceries/mtr-instant-uttappam-mix-500-g/490009597
103868,,https://www.jiomart.com/p/groceries/keya-red-chilli-green-chilli-dark-soya-sauce-pack-of-3-90-g/611508061
103872,,https://www.jiomart.com/p/groceries/keya-schezwan-chilli-garlic-chutney-250-g/611626508
103894,,https://www.jiomart.com/p/groceries/sensodyne-fresh-gel-for-daily-sensitivity-protection-toothpaste-75-g/602657315
103923,,https://www.jiomart.com/p/groceries/bikaji-falhari-chips-70-g/590033092
103966,,https://www.jiomart.com/p/groceries/wickedgud-classic-hakka-noodles-200g/610635079
103967,,https://www.jiomart.com/p/groceries/wickedgud-fiery-2x-spicy-korean-instant-noodles-67-g/611434355
103972,,https://www.jiomart.com/p/groceries/wickedgud-desi-manchow-cup-noodles-70-g/610889078
10399,,https://www.jiomart.com/p/groceries/pond-s-magic-freshness-acacia-honey-talcum-400-g/490002439
103995,,https://www.jiomart.com/p/groceries/teddyy-baby-diapers-pants-easy-new-born-144-count-pack-of-8/601756019
104,,https://www.jiomart.com/p/groceries/ching-s-secret-manchurian-instant-noodles-60-g/490470664
10408,,https://www.jiomart.com/product/cadbury-dairy-milk-crackle-chocolate-bar-36-g-mffmst-7505375
104140,,https://www.jiomart.com/p/groceries/trishul-germonil-premium-disinfectant-white-floor-cleaner-white-phenyl-liquid-mosquito-repellent-for-hospitals-homes-offices-removes-dirt-grime-kills-99-9-germs-1ltr-pack-of-10/610888586
10420,,https://www.jiomart.com/p/groceries/gillette-shaving-brush/490008610
104219,,https://www.jiomart.com/p/groceries/crax-biggies-swiss-cheese-namkeen-puff-65-g/611920079
104234,,https://www.jiomart.com/p/groceries/apis-himalaya-honey-375-g/491502958
104235,,https://www.jiomart.com/p/groceries/lotus-herbals-teatreewash-cinnamon-anti-acne-oil-control-face-wash-for-oily-skin-150-g/590124287
104236,,https://www.jiomart.com/p/groceries/lotus-herbals-neemwash-purifying-face-wash-150-g/590124279
104245,,https://www.jiomart.com/p/groceries/aromaplus-almoliv-body-oil-enriched-with-goodness-of-almond-olive-and-argon-oil-400-ml/602027021
104247,,https://www.jiomart.com/p/groceries/aromaplus-herbals-almonds-rosemary-moisturising-lotion-400-ml-pack-of-4/602007370
104248,,https://www.jiomart.com/p/groceries/aromaplus-herbals-almonds-rosemary-moisturising-lotion-400-ml-pack-of-4/602007370
104250,,https://www.jiomart.com/p/groceries/lotus-biscoff-caramelized-cookie-75-g/612747545
104267,,https://www.jiomart.com/p/groceries/dabur-chyawanprash-awaleha-with-goodness-of-gur-jaggery-900g-jar/610786910
104306,,https://www.jiomart.com/p/groceries/tru-nature-liquid-vapouriser-refill-45ml-paediatrician-certified-powered-by-nature-2-x-45-ml/604549157
10443,,https://www.jiomart.com/p/groceries/nivea-men-dark-spot-reduction-cr-me-75-ml/491276444
1045,,https://www.jiomart.com/product/bisk-farm-sugar-free-masala-cream-cracker-250-g-mffms7-7503545
1046,,https://www.jiomart.com/p/groceries/bisk-farm-sugar-free-cream-crackers-300-g/491587015
1047,,https://www.jiomart.com/product/bisk-farm-the-top-butter-biscuits-200-g-mffn4k-7530403
1050,,https://www.jiomart.com/product/bisk-farm-top-gold-biscuits-200-g-mffmvp-7511468
10510,,https://www.jiomart.com/p/groceries/fiama-patchouli-macadamia-shower-gel-250-ml/590087082
10530,,https://www.jiomart.com/p/groceries/wild-stone-ultra-sensual-edp-perfume-for-men-50-ml/491392414
10531,,https://www.jiomart.com/p/groceries/wild-stone-hydra-energy-edp-perfume-for-men-50-ml/491392420
10552,,https://www.jiomart.com/p/groceries/good-life-big-fennel-100-g/491185129
10598,,https://www.jiomart.com/p/groceries/dettol-refresh-yuzu-citrus-hygeine-body-wash-250-ml/590124289
10602,,https://www.jiomart.com/p/groceries/dettol-original-liquid-handwash-750-ml-buy-1-get-1-free/590040983
10647,,https://www.jiomart.com/p/groceries/patanjali-herbo-wash-neem-and-lemon-detergent-powder-1-kg/491537727
10650,,https://www.jiomart.com/p/groceries/mtr-instant-rice-idli-mix-500-g/490009197
10651,,https://www.jiomart.com/p/groceries/mtr-instant-rava-idli-mix-500-g/490000391
10657,,https://www.jiomart.com/p/groceries/mtr-instant-sambhar-mix-180-g/490008982
10664,,https://www.jiomart.com/p/groceries/veet-easy-grip-ready-to-use-half-body-waxing-kit-for-normal-skin-10-pcs/491337688
10670,,https://www.jiomart.com/p/groceries/milkybar-moosha-milk-chocolate-bar-40-g/491416449
10672,,https://www.jiomart.com/product/maggi-masala-instant-cuppa-noodles-70-g-mffmqu-7501279
10696,,https://www.jiomart.com/product/dhara-kachi-ghani-mustard-oil-1-l-pouch-mffmqt-7501227
10706,,https://www.jiomart.com/p/groceries/pink-delight-saccha-moti-premium-sabudana-sago-tapioca-500-gm-pack/597591242
10712,,https://www.jiomart.com/product/head-shoulders-smooth-silky-anti-dandruff-shampoo-72-ml-mffms7-7503583
10724,,https://www.jiomart.com/p/groceries/dabur-chyawanprash-with-awaleha-1-kg/490020520
10730,,https://www.jiomart.com/p/groceries/eva-blush-deodorant-for-women-125-ml/590428261
10759,,https://www.jiomart.com/p/groceries/women-s-horlicks-chocolate-400-g/490766750
10786,,https://www.jiomart.com/p/groceries/ponds-sun-protect-spf-30-non-oily-sunscreen-80-g/491432558
10796,,https://www.jiomart.com/product/fogg-napoleon-fragrance-body-spray-150-ml-mffn92-7540349
108,,https://www.jiomart.com/p/groceries/ching-s-secret-red-chilli-sauce-90-g/490870796
1080,,https://www.jiomart.com/p/groceries/britannia-good-day-butter-cookies-75-g/490007836
10811,,https://www.jiomart.com/p/groceries/colgate-total-charcoal-deep-clean-toothpaste-120-g/491373513
10817,,https://www.jiomart.com/p/groceries/colgate-active-salt-neem-toothpaste-200-g/491212727
10819,,https://www.jiomart.com/p/groceries/colgate-super-flexi-medium-toothbrush/590120501
1082,,https://www.jiomart.com/p/groceries/britannia-good-day-choco-chip-cookies-44-g/490857537
10823,,https://www.jiomart.com/p/groceries/colgate-slim-soft-charcoal-soft-toothbrush/491161010
10824,,https://www.jiomart.com/product/colgate-sensitive-soft-toothbrush-pack-of-4-mffn6o-7535139
10850,,https://www.jiomart.com/p/groceries/classmate-single-line-soft-long-notebook-1-pc-240-pgs/490062761
10851,,https://www.jiomart.com/p/groceries/classmate-single-line-soft-long-notebook-1-pc-160-pgs/490062675
1092,,https://www.jiomart.com/product/britannia-little-hearts-classic-biscuits-70-g-mfphxm-7570342
10926,,https://www.jiomart.com/p/groceries/reynolds-trimax-pen-blue-ink-for-extra-smooth-writing-i-roller-pen-0-5mm-tip-size-pack-of-2-pen/601896059
1093,,https://www.jiomart.com/p/groceries/britannia-milk-bikis-biscuits-200-g/490016254
10972,,https://www.jiomart.com/product/grano-organico-100-pure-natural-premium-kabuli-chana-chhole-500g-pouch-mj76pp-50903416
1102,,https://www.jiomart.com/p/groceries/britannia-nutrichoice-essentials-oat-cookies-150-g/590033115
1104,,https://www.jiomart.com/p/groceries/britannia-nutrichoice-hi-fibre-5-grain-digestive-biscuits-200-g/490432314
11114,,https://www.jiomart.com/p/groceries/sanifresh-bathroom-cleaner-450-ml/491391831
11155,,https://www.jiomart.com/p/groceries/himalaya-fresh-start-blueberry-oil-clear-face-wash-100-ml/491055436
11158,,https://www.jiomart.com/p/groceries/head-shoulders-smooth-silky-anti-dandruff-shampoo-340-ml/490003880
11159,,https://www.jiomart.com/p/groceries/head-shoulders-silky-black-anti-dandruff-shampoo-180-ml/590448160
11184,,https://www.jiomart.com/p/groceries/cerelac-baby-cereal-with-milk-wheat-rice-mixed-fruit-10-months-stage-3-300-g/590124524
11211,,https://www.jiomart.com/p/groceries/pears-natural-aloe-vera-soap-125-g/490861853
11215,,https://www.jiomart.com/p/groceries/harpic-disinfectant-bathroom-cleaner-floral-1-l/590034280
1126,,https://www.jiomart.com/p/groceries/red-label-leaf-tea-1-kg/490001992
11301,,https://www.jiomart.com/p/groceries/mangaldeep-french-lavender-zip-lock-premium-agarbati-53-pcs-pack-of-2/590313095
11313,,https://www.jiomart.com/p/groceries/nivea-whitening-smooth-skin-48h-deodorant-roll-on-25-ml/596395188
11326,,https://www.jiomart.com/p/groceries/red-label-natural-care-tea-250-g-carton/490967440
11330,,https://www.jiomart.com/p/groceries/suhana-mutton-gravy-mix-masala-80-g/491071359
11332,,https://www.jiomart.com/p/groceries/suhana-mutter-paneer-spice-mix-50-g/491161009
114,,https://www.jiomart.com/product/chings-secret-veg-manchurian-masala-20-g-mffn45-7529522
11500,,https://www.jiomart.com/p/groceries/kellogg-s-oats-1-kg/490750671
11527,,https://www.jiomart.com/product/aldeira-natural-whole-raw-cashew-nuts-500gm-premium-quality-kaju-pouch-pack-of-1-healthy-fresh-mi8tfe-19302831
11559,,https://www.jiomart.com/p/groceries/faber-castell-transparant-broad-scale-30cm-pack-of-10/599996739
11595,,https://www.jiomart.com/p/groceries/sunsilk-co-creations-keratin-yoghurt-lusciously-thick-long-shampoo-340-ml/490002418
11661,,https://www.jiomart.com/p/groceries/cycle-sandalum-agarbatti-180-g/611530858
11689,,https://www.jiomart.com/p/groceries/good-life-unpolished-moong-dal-1-kg/591219170
11690,,https://www.jiomart.com/product/de-swati-mart-moong-dhuli-dal-premium-split-yellow-moong-lentils-unpolished-protein-rich-natural-500g-ideal-for-khichdi-and-dal-tadka-mn8ubn-75681611
11715,,https://www.jiomart.com/p/groceries/kissan-pineapple-jam-500-g/490005239
11719,,https://www.jiomart.com/p/groceries/good-life-unpolished-masoor-dal-500-g/591219165
11724,,https://www.jiomart.com/product/advik-foods-premium-toor-dal-arhar-dal-unpolished-natural-protein-rich-indian-pulse-500g-mkzam4-72700468
11725,,https://www.jiomart.com/p/groceries/good-life-unpolished-toor-dal-1-kg/591219169
11748,,https://www.jiomart.com/p/groceries/lotte-choco-pie-creamfilled-biscuit-28-g-pack-of-2/590067178
11750,,https://www.jiomart.com/p/groceries/haldiram-s-nagpur-soan-cake-200-g/590033204
11755,,https://www.jiomart.com/p/groceries/wrigley-s-doublemints-spearmints-mints-4-8-g/590110157
11799,,https://www.jiomart.com/p/groceries/cornitos-sizzlin-jalapeno-nacho-crisps-60-g/490929249
11821,,https://www.jiomart.com/p/groceries/keya-wonder-hot-red-chilli-flakes-40-g/490490648
11827,,https://www.jiomart.com/p/groceries/fiama-seaweed-lemongrass-gel-bar-125-g-pack-of-3/490804636
11838,,https://www.jiomart.com/p/groceries/bournvita-5-star-magic-500-g/490001980
11907,,https://www.jiomart.com/p/groceries/hersheys-kisses-milk-chocolate-36-g/590033934
11970,,https://www.jiomart.com/p/groceries/head-shoulders-2-in-1-smooth-silky-anti-dandruff-shampoo-conditioner-360-ml/491379053
11978,,https://www.jiomart.com/p/groceries/good-life-whole-garam-masala-100-g/491185135
11979,,https://www.jiomart.com/p/groceries/keo-karpin-non-sticky-hair-oil-200ml-with-vitamin-e/603967608
12027,,https://www.jiomart.com/p/groceries/faber-castell-connector-pen-set-pack-of-15-assorted/603699897
12028,,https://www.jiomart.com/p/groceries/faber-castell-connector-pen-set-pack-of-15-assorted/603699897
1203,,https://www.jiomart.com/p/groceries/engage-woman-blush-bodylicious-deo-spray-165-ml/491055505
1204,,https://www.jiomart.com/p/groceries/engage-drizzle-deo-spray-for-women-150-ml/491089764
1205,,https://www.jiomart.com/p/groceries/engage-woman-spell-deo-spray-150-ml/491055506
1206,,https://www.jiomart.com/p/groceries/engage-tease-deodorant-for-women-citrus-and-floral-skin-friendly-150-ml/602638424
12073,,https://www.jiomart.com/p/groceries/faber-castell-correction-pen-pack-of-10-white/603699808
12092,,https://www.jiomart.com/p/groceries/haldiram-bhujiawala-prabhuji-besan-laddu-336-g/590067361
12131,,https://www.jiomart.com/p/groceries/dettol-sensitive-handwash-750-ml/593220248
1216,,https://www.jiomart.com/p/groceries/engage-m4-perfume-spray-for-men-120-ml/491252869
12223,,https://www.jiomart.com/p/groceries/daawat-pulav-basmati-rice-1-kg/490863678
12261,,https://www.jiomart.com/product/dettol-skincare-liquid-handwash-200-ml-mffn4m-7530579
12275,,https://www.jiomart.com/p/homeimprovement/hic-clean-all-clip-n-fit-cotton-mop-ideal-for-all-kind-of-floor-perfect-for-cleaning-hardwood-tiles/591300125
12276,,https://www.jiomart.com/p/homeimprovement/hic-clean-all-clip-n-fit-cotton-mop-ideal-for-all-kind-of-floor-perfect-for-cleaning-hardwood-tiles/591300125
12289,,https://www.jiomart.com/p/groceries/mother-s-recipe-chana-masala-papad-200-g/590109948
12306,,https://www.jiomart.com/p/groceries/mother-s-recipe-mango-pickle-200-g-pouch/490005248
12319,,https://www.jiomart.com/p/groceries/dukes-waffy-orange-wafers-75-g/490006489
12320,,https://www.jiomart.com/p/groceries/dukes-waffy-strawberry-flavoured-wafers-75-g/490006834
12322,,https://www.jiomart.com/p/groceries/dukes-waffy-choco-wafer-rolls-250-g/490870964
12428,,https://www.jiomart.com/p/groceries/boroplus-organic-vitamin-e-aloe-vera-gel-60ml/608047938
12482,,https://www.jiomart.com/p/groceries/faber-castell-fabric-colours-10ml-each-pack-of-12/603748352
12520,,https://www.jiomart.com/p/groceries/ariel-matic-top-load-detergent-powder-1-kg/491317352
12529,,https://www.jiomart.com/p/groceries/mayora-malkist-chocolate-flavoured-crackers-138-g/590126711
1260,,https://www.jiomart.com/p/groceries/cadbury-dairy-milk-silk-hazelnur-chocolate-143-g/491503070
1263,,https://www.jiomart.com/p/groceries/cadbury-dairy-milk-silk-oreo-chocolate-bar-130-g/491317356
12635,,https://www.jiomart.com/p/groceries/red-label-leaf-tea-500-g-carton/490001269
1264,,https://www.jiomart.com/p/groceries/cadbury-dairy-milk-silk-oreo-chocolate-bar-60-g/491317355
1265,,https://www.jiomart.com/p/groceries/cadbury-dairy-milk-silk-roast-almond-chocolate-bar-137-g/490659558
12670,,https://www.jiomart.com/p/groceries/johnson-s-baby-lotion-100-ml/490002044
1274,,https://www.jiomart.com/p/groceries/cadbury-temptations-almond-treat-chocolate-bar-72-g/490992521
12759,,https://www.jiomart.com/p/groceries/himalaya-baby-diaper-rash-cream-with-almond-oil-50-g/490782418
12824,,https://www.jiomart.com/product/vaseline-intensive-care-deep-moisture-lotion-400-ml-mffmsf-7504239
12831,,https://www.jiomart.com/p/groceries/dove-hair-therapy-dandruff-care-shampoo-340-ml/490632506
12882,,https://www.jiomart.com/p/groceries/daawat-biryani-basmati-rice-1-kg/490863667
12960,,https://www.jiomart.com/p/groceries/maggi-hot-sweet-tomato-chilli-sauce-1-kg/490000488
1297,,https://www.jiomart.com/p/groceries/catch-chat-masala-sprinklers-100-g/490000159
12987,,https://www.jiomart.com/p/groceries/odonil-lavender-mist-room-freshener-spray-270-ml/490267803
13002,,https://www.jiomart.com/p/groceries/himalaya-lemon-oil-clear-face-wash-for-oily-skin-100-ml/490003373
1303,,https://www.jiomart.com/p/groceries/catch-coriander-powder-200-g/490870010
13049,,https://www.jiomart.com/p/groceries/keya-pizza-oregano-80-g/590309852
1306,,https://www.jiomart.com/p/groceries/catch-red-chilli-powder-200-g/490870039
13060,,https://www.jiomart.com/p/groceries/real-fruit-power-mango-juice-1-l/590052490
1308,,https://www.jiomart.com/p/groceries/catch-red-chilli-powder-100-g/490069979
13107,,https://www.jiomart.com/product/himalaya-moisturizing-aloe-vera-face-gel-100ml-pack-of-3-mj73z2-50553699
13113,,https://www.jiomart.com/p/groceries/bambino-premium-vermicelli-850-g/490005345
13125,,https://www.jiomart.com/p/groceries/odomos-fabric-roll-on-mosquito-repellent-8-ml-buy-1-get-1-free/491391832
13146,,https://www.jiomart.com/product/pramod-soan-papdi-400g-mg563f-7656821
1316,,https://www.jiomart.com/p/groceries/catch-iodised-salt-sprinkler-200-g/490000162
1317,,https://www.jiomart.com/p/groceries/catch-turmeric-powder-200-g/490870053
13187,,https://www.jiomart.com/product/haldirams-nagpur-panchratan-mixture-200-g-mffn03-7520963
13243,,https://www.jiomart.com/p/groceries/tata-sampann-white-poha-500g/491614721
13255,,https://www.jiomart.com/p/groceries/nestle-milkybar-chocolate-42-g/599073480
13262,,https://www.jiomart.com/p/groceries/suhana-veg-biryani-mix-50-g/491470955
13264,,https://www.jiomart.com/p/groceries/suhana-paneer-tikka-masala-mix-50-g/490577665
13284,,https://www.jiomart.com/p/groceries/tide-naturals-lemon-chandan-detergent-powder-800-g/490916874
1329,,https://www.jiomart.com/p/groceries/clean-clear-morning-energy-energizing-lemon-face-wash-100-ml/490957907
13307,,https://www.jiomart.com/product/parrot-shahjeera-50-g-miedp7-24047950
13322,,https://www.jiomart.com/p/groceries/dabur-hommade-tomato-puree-200-g/490009009
13333,,https://www.jiomart.com/p/groceries/cycle-om-shanthi-pure-camphor-15-n/607518415
13342,,https://www.jiomart.com/p/groceries/milkybar-moosha-milk-chocolate-bar-40-g/491416449
13350,,https://www.jiomart.com/p/groceries/maggi-2-minute-special-masala-instant-noodles-70-g-pouch/491458259
13360,,https://www.jiomart.com/p/groceries/tata-i-shakti-cooking-soda-100-g/491188728
13374,,https://www.jiomart.com/p/groceries/britannia-50-50-sweet-salty-biscuits-76-g/490053921
13377,,https://www.jiomart.com/p/groceries/haldiram-s-moong-dal-namkeen-35-g/490870925
1343,,https://www.jiomart.com/p/groceries/coca-cola-300-ml-can/490809341
13463,,https://www.jiomart.com/p/groceries/bambino-balian-thin-and-roasted-vermicelli-seviyan-130-g/611163447
13508,,https://www.jiomart.com/p/groceries/hershey-s-exotic-dark-raspberry-goji-flavored-chocolate-33-3-g/591195241
13554,,https://www.jiomart.com/p/groceries/tata-sampann-garam-masala-100-g/491278350
13555,,https://www.jiomart.com/p/groceries/weikfield-cornflour-500-g/490009183
13607,,https://www.jiomart.com/p/groceries/lion-deseeded-dates-500-g/490000031
13610,,https://www.jiomart.com/p/groceries/nimyle-lemongrass-floor-cleaner-975-ml/590324847
13613,,https://www.jiomart.com/p/groceries/kissan-mango-jam-490-g/590041349
13617,,https://www.jiomart.com/p/groceries/rexona-coconut-olive-oil-soap-100-g-pack-of-4/490162342
13631,,https://www.jiomart.com/p/groceries/tresemme-smooth-shine-pro-collection-conditioner-340-ml/590124511
1365,,https://www.jiomart.com/p/groceries/colgate-total-advanced-health-120g-x-4-pack-of-4/601100571
1372,,https://www.jiomart.com/p/groceries/complan-creamy-classic-health-drink-powder-1-kg-590008636/491321725
13721,,https://www.jiomart.com/p/groceries/kwality-walls-fruit-nut-family-pack-700-ml-tub/590110232
13726,,https://www.jiomart.com/p/groceries/dove-cream-beauty-bathing-bar-125-g-buy-4-get-1-free/590287499
13730,,https://www.jiomart.com/p/groceries/colgate-super-flexi-medium-toothbrush/590120501
13755,,https://www.jiomart.com/p/groceries/bambino-instant-vermicelli-payasam-mix-180g-pack-of-3/591699336
13757,,https://www.jiomart.com/p/groceries/bambino-premium-penne-pasta-250-g/490005656
13769,,https://www.jiomart.com/p/groceries/colgate-extra-soft-kids-toothbrush-0-2-years/491337524
13775,,https://www.jiomart.com/p/groceries/gala-chandra-kitchen-moppy/590032605
13779,,https://www.jiomart.com/p/groceries/haldiram-s-nagpur-mathri-200-g/590033214
13783,,https://www.jiomart.com/p/groceries/kissan-crunchy-peanut-butter-350-g/590361023
13821,,https://www.jiomart.com/p/groceries/kellogg-s-moons-stars-chocos-26-g/490619251
1395,,https://www.jiomart.com/p/groceries/cycle-om-shanthi-pure-camphor-52-n/607518417
13997,,https://www.jiomart.com/p/groceries/britannia-good-day-cashew-cookies-53-g/490176187
14011,,https://www.jiomart.com/p/groceries/pidilite-m-seal-phataphat-25-g/590152859
14015,,https://www.jiomart.com/p/groceries/bisk-farm-googly-biscuits-200-g/490675899
14122,,https://www.jiomart.com/p/groceries/mr-muscle-kiwi-dranex-drain-cleaner-50-g/490003145
14201,,https://www.jiomart.com/p/groceries/taj-mahal-leaf-tea-100-g-carton/490008814
14213,,https://www.jiomart.com/product/kelloggs-chocos-127-g-mffn7c-7536621
14233,,https://www.jiomart.com/p/groceries/mother-s-recipe-madras-appalam-100-g/590514124
1425,,https://www.jiomart.com/p/groceries/dabur-chyawanprash-250-g/590116961
14257,,https://www.jiomart.com/p/groceries/haldiram-s-prabhuji-moong-dal-200-g/490065629
14291,,https://www.jiomart.com/p/groceries/mother-s-recipe-moong-papad-200-g/490478010
14333,,https://www.jiomart.com/p/groceries/mother-s-recipe-punjabi-masala-papad-200-g/490088386
14334,,https://www.jiomart.com/product/sunlight-detergent-powder-with-color-guard-crystals-1-kg-mhy0hg-17507907
1439,,https://www.jiomart.com/product/dabur-gulabari-rose-glow-face-cleanser-100-ml-mffmva-7510561
14415,,https://www.jiomart.com/p/groceries/pepsodent-2-in-1-cavity-protection-toothpaste-150-g/590067354
14438,,https://www.jiomart.com/p/groceries/pramod-special-dalmoth-namkeen-1-kg/611312164
14453,,https://www.jiomart.com/p/groceries/best-one-store-santoor-gentle-hand-wash-fresh-with-sweet-lime-peel-tulsi/612327225
1446,,https://www.jiomart.com/p/groceries/dabur-imli-hajmola-120-g/490020538
14483,,https://www.jiomart.com/p/groceries/on1y-pink-salt-1-kg/608978072
14547,,https://www.jiomart.com/p/groceries/scotch-brite-jet-scrubber-brush/490862790
14654,,https://www.jiomart.com/p/groceries/quaker-oats-1-kg/490309138
14723,,https://www.jiomart.com/p/groceries/mamaearth-ubtan-face-wash-with-turmeric-saffron-for-tan-removal-100ml/601425241
14736,,https://www.jiomart.com/p/groceries/oleev-active-ricebran-based-blended-oil-1-l-pouch/491076025
14755,,https://www.jiomart.com/product/lotus-herbals-safe-sun-3-in-1-spf-40-pa-matte-look-daily-sunblock-50-g-mffmzz-7520720
14773,,https://www.jiomart.com/p/groceries/gillette-mach3-turbo-shaving-3-blades-cartridge-2-pcs/491179962
14927,,https://www.jiomart.com/product/saffola-veggie-twist-instant-masala-oats-38-g-mffmzt-7520270
14948,,https://www.jiomart.com/product/new-sunlight-detergent-bar-150-g-milckv-31048006
1498,,https://www.jiomart.com/p/groceries/denver-srk-emperor-autograph-collection-long-lasting-deodorant-spray-for-men-140-ml/606730435
1507,,https://www.jiomart.com/p/groceries/dettol-original-liquid-hand-wash-refill-175-ml/490002857
1519,,https://www.jiomart.com/p/groceries/dhara-kachi-ghani-mustard-oil-5-l-jar/490012734
1556,,https://www.jiomart.com/p/groceries/doms-wow-kit/590980284
1564,,https://www.jiomart.com/p/groceries/dove-cream-beauty-bathing-bar-50-g/590087057
15671,,https://www.jiomart.com/p/groceries/parle-orange-bite-candy-289-g/490008743
15680,,https://www.jiomart.com/p/groceries/haldiram-s-chana-jor-garam-200-gm-pack-of-4/591776560
15692,,https://www.jiomart.com/p/groceries/all-out-ultra-power-fan-mosquito-repellent-refill-45-ml-pack-of-2/491043461
15806,,https://www.jiomart.com/p/groceries/prabhuji-tok-jhal-masti-400-g/590154099
15812,,https://www.jiomart.com/p/groceries/lotus-herbals-safe-sun-uv-screen-spf-50-pa-matte-gel-for-normal-to-oily-skin-50-g/490729108
1582,,https://www.jiomart.com/p/groceries/dr-oetker-funfoods-spread-cucumber-carrot-250g-pack-of-4/602757840
15878,,https://www.jiomart.com/p/groceries/patanjali-namkeen-biscuits-80-g/491089329
1588,,https://www.jiomart.com/p/groceries/duracell-aaa-chhota-power-battery-pack-of-10/596102664
15993,,https://www.jiomart.com/p/groceries/haldiram-s-prabhuji-aloo-bhujia-400-g/490065617
16004,,https://www.jiomart.com/p/groceries/scotch-brite-fresh-lemon-scent-kitchen-gloves-m-2-pcs/590808080
1602,,https://www.jiomart.com/product/aer-pocket-bright-tangy-delight-bathroom-freshener-10-g-mffn6w-7535617
1605,,https://www.jiomart.com/p/groceries/godrej-aer-cool-surf-blue-air-freshener-220-ml/602055806
16057,,https://www.jiomart.com/p/groceries/lotus-herbals-neemwash-purifying-face-wash-150-g/590124279
16063,,https://www.jiomart.com/p/groceries/mamaearth-onion-hair-fall-shampoo-for-hair-growth-hair-fall-control-with-onion-oil-plant-keratin-250ml/601427084
1607,,https://www.jiomart.com/product/aer-lush-green-spray-fresh-air-freshener-by-godrej-220-ml-mffmux-7509762
16240,,https://www.jiomart.com/p/groceries/pears-pure-gentle-soap-125-g-buy-4-get-1-free/491085658
16337,,https://www.jiomart.com/p/groceries/lay-s-sundried-chilli-potato-chips-52-g/592545031
16574,,https://www.jiomart.com/p/groceries/gillette-pink-venus-simply-hair-removal-razors-for-women-pack-of-5/601697402
16633,,https://www.jiomart.com/product/haldirams-nagpur-khatta-meetha-200-g-mo7cn1-81191130
16767,,https://www.jiomart.com/p/groceries/on1y-mixed-herbs-14-g/591190806
16816,,https://www.jiomart.com/p/groceries/tata-sampann-chilli-powder-200-g/491278360
16952,,https://www.jiomart.com/product/britannia-marie-gold-biscuits-950-g-mffmxz-7516279
17044,,https://www.jiomart.com/p/groceries/chef-s-basket-durum-wheat-penne-pasta-500-g/590108580
17122,,https://www.jiomart.com/p/groceries/sensodyne-sensitivity-and-gum-toothpaste-70-g/591043416
17139,,https://www.jiomart.com/p/groceries/haldiram-s-nagpur-gulab-jamun-1-kg/490617282
17416,,https://www.jiomart.com/p/groceries/unibic-sugar-free-oatmeal-cookies-75-g-590008795/490794207
17963,,https://www.jiomart.com/p/groceries/on1y-imli-goli-115-g/610771527
18251,,https://www.jiomart.com/p/groceries/gala-chandra-deck-mop-590008664/490820339
18302,,https://www.jiomart.com/p/groceries/vaseline-healthy-white-lightening-lotion-with-vitamin-b3-triple-sunscreens-400-ml/491398471
18350,,https://www.jiomart.com/p/groceries/daawat-rozana-gold-basmati-rice-5-kg/490005638
18367,,https://www.jiomart.com/product/amul-taaza-homogenised-toned-milk-1-l-mffn0b-7521391
18387,,https://www.jiomart.com/p/groceries/pediasure-vanilla-delight-health-drink-powder-400-g/491061210
18420,,https://www.jiomart.com/p/groceries/sundrop-refined-sunflower-oil-3-l/491554137
22240,,https://www.jiomart.com/p/groceries/cadbury-perk-wafer-chocolate-13-g/490650424
22350,,https://www.jiomart.com/p/groceries/kissan-tomato-puree-200-g/590110984
22462,,https://www.jiomart.com/p/groceries/hershey-s-exotic-dark-blueberry-acai-flavored-chocolate-33-3-g/591195239
22463,,https://www.jiomart.com/p/groceries/classmate-single-line-soft-long-notebook-1-pc-160-pgs/490062675
22484,,https://www.jiomart.com/p/groceries/haldiram-s-prabhuji-mini-samosa-200-g-590008669/490052889
22486,,https://www.jiomart.com/p/groceries/tata-rock-salt-powder-500-g/491432018
22534,,https://www.jiomart.com/p/groceries/santoor-sandal-turmeric-total-skin-care-soap-75-g-pack-of-4/590310605
22633,,https://www.jiomart.com/p/groceries/volini-spray-60-g/607909722
22724,,https://www.jiomart.com/p/groceries/faber-castell-chisel-textliner-pack-of-10-yellow/603966540
23026,,https://www.jiomart.com/p/groceries/faber-castell-bi-colour-pencils-set-of-12/607395130
23192,,https://www.jiomart.com/product/britannia-50-50-maska-chaska-biscuits-38-g-mffn55-7531750
23258,,https://www.jiomart.com/p/groceries/maggi-pichkoo-tomato-ketchup-90-g/490863179
23375,,https://www.jiomart.com/p/groceries/parle-real-elaichi-premium-rusk-273-g/491213993
23383,,https://www.jiomart.com/p/groceries/orbit-mixed-fruit-sugar-free-chewing-gum-22-g/590033954
23390,,https://www.jiomart.com/p/groceries/pears-oil-clear-glow-soap-with-lemon-flower-extracts-75-g/490002515
23407,,https://www.jiomart.com/p/groceries/sensodyne-sensitive-soft-toothbrush/490928952
23509,,https://www.jiomart.com/p/groceries/catch-black-pepper-powder-50-g-container/490000156
23546,,https://www.jiomart.com/p/groceries/hathi-mustard-oil-500-ml-pouch/490012712
23560,,https://www.jiomart.com/p/groceries/st-john-cobra-perfume-30-ml-each-pack-of-2-eau-de-parfum-60-ml-for-men-women/606498208
23568,,https://www.jiomart.com/p/groceries/britannia-cheese-slices-200-g-pack/490001395
23647,,https://www.jiomart.com/p/groceries/beardo-de-tan-face-wash-100-ml/590124500
2415,,https://www.jiomart.com/p/groceries/johnson-s-baby-top-to-toe-bath-500-ml/490002062
24198,,https://www.jiomart.com/p/groceries/bambino-elbow-macaroni-pasta-875-g/490006632
2427,,https://www.jiomart.com/p/groceries/gowardhan-pure-cow-ghee-1-l-jar/490489040
2432,,https://www.jiomart.com/product/patanjali-cow-ghee-500-ml-carton-mffn05-7521081
2446,,https://www.jiomart.com/product/parrot-gota-golki-50-g-mieevd-24065642
2476,,https://www.jiomart.com/p/groceries/red-label-leaf-tea-100-g/490023081
2483,,https://www.jiomart.com/p/groceries/lipton-pure-light-green-tea-bags-10-pcs/490582714
2484,,https://www.jiomart.com/p/groceries/lipton-green-tea-100-g-carton/491092342
2517,,https://www.jiomart.com/p/groceries/mdh-lal-mirch-powder-100-g/490070033
2526,,https://www.jiomart.com/p/groceries/mdh-jeera-powder-100-g/490030686
2532,,https://www.jiomart.com/p/groceries/everest-garam-masala-50-g/490000092
2533,,https://www.jiomart.com/product/everest-shahi-biryani-masala-50-g-mffn0y-7522819
2537,,https://www.jiomart.com/p/groceries/everest-turmeric-powder-200-g-pouch/490005440
2550,,https://www.jiomart.com/product/mdh-biryani-masala-50-g-mieekh-24061188
2551,,https://www.jiomart.com/p/groceries/mdh-chicken-masala-100-g/490008039
2553,,https://www.jiomart.com/p/groceries/mdh-garam-masala-100-g/490005447
2555,,https://www.jiomart.com/product/mdh-meat-ka-masala-100-g-mffn2l-7526222
2556,,https://www.jiomart.com/p/groceries/mdh-kitchen-king-masala-100-g/490005450
2560,,https://www.jiomart.com/p/groceries/mdh-haldi-powder-500-g/490070024
2573,,https://www.jiomart.com/p/groceries/tata-sampann-chicken-masala-100-g/491278352
2588,,https://www.jiomart.com/p/groceries/kellogg-s-moons-stars-chocos-375-g/490000301
2606,,https://www.jiomart.com/product/fortune-biryani-special-basmati-rice-1-kg-mffmw4-7512397
2610,,https://www.jiomart.com/p/groceries/india-gate-super-basmati-rice-1-kg/490000004
2620,,https://www.jiomart.com/p/groceries/patanjali-whole-wheat-with-bran-atta-5-kg/491210601
2621,,https://www.jiomart.com/product/fortune-chana-sattu-500-g-mffmv8-7510444
2622,,https://www.jiomart.com/p/groceries/patanjali-daliya-500-g/590033706
2632,,https://www.jiomart.com/p/groceries/jalan-chana-besan-500-g/490017438
2633,,https://www.jiomart.com/p/groceries/jalan-chana-besan-500-g/490017438
2634,,https://www.jiomart.com/product/jalan-chana-besan-500-g-mffn99-7540688
2638,,https://www.jiomart.com/product/panchakanya-maida-500-g-mffmqo-7501042
26408,,https://www.jiomart.com/p/groceries/cadbury-bournvita-chocolate-biscuits-46-5-g/491278429
26571,,https://www.jiomart.com/p/groceries/pril-active-lime-dishwash-liquid-750-ml/490415173
2693,,https://www.jiomart.com/p/groceries/fortune-sun-lite-refined-sunflower-oil-5-l-jar/490005647
2695,,https://www.jiomart.com/p/groceries/patanjali-refined-sunflower-oil-1-l-pouch/491349910
2696,,https://www.jiomart.com/p/groceries/sundrop-superlite-advanced-refined-sunflower-oil-1-l-pouch/490577658
2698,,https://www.jiomart.com/product/dhara-kachi-ghani-mustard-oil-1-l-pouch-mffmqt-7501227
2704,,https://www.jiomart.com/p/groceries/fortune-premium-khachi-ghani-pure-mustard-oil-1-l/490008024
2705,,https://www.jiomart.com/p/groceries/fortune-premium-khachi-ghani-pure-mustard-oil-1-l/490008024
2711,,https://www.jiomart.com/p/groceries/saloni-kachi-ghani-mustard-oil-5-l-jar/490012702
2713,,https://www.jiomart.com/p/groceries/fortune-rice-bran-oil-1-l/491019561
27343,,https://www.jiomart.com/p/groceries/dhara-kachi-ghani-mustard-oil-1-l-pouch/490012733
2770,,https://www.jiomart.com/p/groceries/ferrero-rocher-chocolate-balls-50-g/590067159
2772,,https://www.jiomart.com/p/groceries/cadbury-gems-surprise-ball-with-toy-17-8-g/490701650
2792,,https://www.jiomart.com/p/groceries/lotte-choco-pie-creamfilled-biscuit-336-g/490009614
2794,,https://www.jiomart.com/p/groceries/lotte-chocopie-creamfilled-biscuit-168-g/490009762
27972,,https://www.jiomart.com/p/groceries/fevi-gum-lime-adhesive-50-ml/590032748
27979,,https://www.jiomart.com/p/groceries/fevistik-super-glue-stick-1-pc-15-g/490012027
28107,,https://www.jiomart.com/p/groceries/mccain-potato-cheese-shotz-400-g/590125293
2830,,https://www.jiomart.com/p/groceries/bournvita-1-kg/490000967
28317,,https://www.jiomart.com/p/groceries/whisper-ultra-nights-sanitary-napkin-with-wings-xxl-16-pads/590514156
28470,,https://www.jiomart.com/product/emami-healthy-tasty-ultra-lite-refined-soyabean-oil-825-g-mffms5-7503362
2862,,https://www.jiomart.com/p/groceries/nissin-veggi-manchow-instant-cup-noodles-70-g/491173693
28659,,https://www.jiomart.com/p/groceries/frooti-mango-drink-1-2-l/490537395
2869,,https://www.jiomart.com/p/groceries/top-ramen-new-masala-instant-noodles-280-g/490006654
28808,,https://www.jiomart.com/product/real-fruit-power-mixed-fruit-juice-1-l-mffn81-7538156
28809,,https://www.jiomart.com/p/groceries/real-fruit-power-masala-guava-juice-1-l-590008745/491419455
2888,,https://www.jiomart.com/p/groceries/kellogg-s-moons-stars-chocos-cereal-1-2-kg/491586164
2889,,https://www.jiomart.com/p/groceries/kellogg-s-corn-flakes-475-g/490000304
2898,,https://www.jiomart.com/p/groceries/patanjali-doodh-biscuits-100-g/491278590
29059,,https://www.jiomart.com/p/groceries/britannia-tiger-krunch-choco-chips-cookies-64-g/490785991
2910,,https://www.jiomart.com/p/groceries/lijjat-punjabi-masala-special-papad-250-g/490009840
2913,,https://www.jiomart.com/p/groceries/parle-platina-milano-choco-hazelnut-centre-filled-cookies-60-g/590034299
2925,,https://www.jiomart.com/p/groceries/cerelac-baby-cereal-with-milk-multigrain-dal-veg-12-months-stage-4-300-g/590049311
2930,,https://www.jiomart.com/p/groceries/kit-kat-wafer-chocolate-18-5-g/490000403
29349,,https://www.jiomart.com/p/groceries/gala-chandra-plastic-kharata-broom/490013426
29491,,https://www.jiomart.com/product/lakme-peach-milk-moisturiser-60-ml-mffmxp-7515713
29664,,https://www.jiomart.com/product/tata-sampann-unpolished-moong-dal-500-g-mffn9t-7541911
29673,,https://www.jiomart.com/p/groceries/kit-kat-2-fingers-56-6-g/491551930
29814,,https://www.jiomart.com/p/groceries/active-wheel-2-in-1-detergent-bar-180-g/590032244
2983,,https://www.jiomart.com/p/groceries/patanjali-saundarya-aloe-vera-gel-150-ml/491061091
29870,,https://www.jiomart.com/p/groceries/varalakshmi-sabudana-sago-500-g/490427673
29874,,https://www.jiomart.com/p/groceries/kellogg-s-chocos-chhota-laddoo-26-g/491458270
29933,,https://www.jiomart.com/p/groceries/real-fruit-power-guava-juice-180-ml-590008743/490005140
3005,,https://www.jiomart.com/p/groceries/kissan-fresh-tomato-ketchup-500-g/490000797
3007,,https://www.jiomart.com/p/groceries/kissan-mango-jam-188-g/590116228
30079,,https://www.jiomart.com/p/groceries/freshwrapp-standard-aluminium-foil-9-m/594727167
30105,,https://www.jiomart.com/p/groceries/set-wet-deodorant-spray-for-men-cool-avatar-refreshing-mint-150ml-pack-of-3/612613487
3013,,https://www.jiomart.com/p/groceries/maggi-rich-tomato-ketchup-200-g/490000490
30155,,https://www.jiomart.com/p/groceries/rexona-aloe-vera-roll-on-deodorant-50-ml/591189281
30178,,https://www.jiomart.com/p/groceries/vim-extra-anti-smell-pudina-dishwash-liquid-750-ml/590951053
30205,,https://www.jiomart.com/p/groceries/liril-lime-soap-125-g-buy-3-get-1-free/491127555
30235,,https://www.jiomart.com/p/groceries/keya-gourmet-chifferi-rigati-durum-wheat-pasta-500-gm-x-1/594174351
30237,,https://www.jiomart.com/p/groceries/mccain-french-fries-value-pack-750-g/490188677
30253,,https://www.jiomart.com/product/horlicks-classic-malt-750-g-mffmy4-7516618
30338,,https://www.jiomart.com/p/groceries/vlcc-natural-science-skin-whitening-facial-kit-25-g/608651512
30465,,https://www.jiomart.com/p/groceries/oral-b-tom-jerry-extra-soft-kids-toothbrush-2-yrs/591193847
3054,,https://www.jiomart.com/p/groceries/funfoods-pasta-pizza-sauce-325-g/490007588
30543,,https://www.jiomart.com/p/groceries/gillette-mach3-sensitive-shaving-cartridge-3-blades-2-pcs/490008263
3064,,https://www.jiomart.com/product/maggi-rich-tomato-sauce-485-g-mffmrv-7502939
3096,,https://www.jiomart.com/p/groceries/knorr-classic-thick-tomato-soup-52-g/490211517
3105,,https://www.jiomart.com/p/groceries/kwality-walls-blackcurrant-party-pack-700-ml/590110242
3111,,https://www.jiomart.com/p/groceries/kwality-walls-choco-vanilla-cornetto-105-ml/590110226
3115,,https://www.jiomart.com/p/groceries/kwality-walls-disc-oreo-cornetto-110-ml/590110234
3141,,https://www.jiomart.com/p/groceries/patanjali-refined-soyabean-oil-1-l-pouch/491349911
3142,,https://www.jiomart.com/p/groceries/mother-s-recipe-potato-papad-75-g/490020895
3160,,https://www.jiomart.com/product/haldirams-nagpur-bhujia-sev-400-g-mffn8u-7539854
3162,,https://www.jiomart.com/product/haldirams-nagpur-bhujia-sev-200-g-mffmqw-7501360
3163,,https://www.jiomart.com/product/haldirams-nagpur-mixture-400-g-mo7ckt-81190727
3169,,https://www.jiomart.com/p/groceries/prabhuji-by-the-house-of-haldiram-s-khatta-meetha-400-g/491264829
31753,,https://www.jiomart.com/p/groceries/mamaearth-ubtan-face-wash-with-turmeric-saffron-for-tan-removal-100ml/601425241
3177,,https://www.jiomart.com/p/groceries/parle-platina-hide-seek-vanilla-choco-chip-creme-biscuits-100-g/590033318
3180,,https://www.jiomart.com/p/groceries/maggi-2-minute-masala-instant-noodles-140-g/490000364
3209,,https://www.jiomart.com/p/groceries/smith-jones-shahi-paneer-masala-100-g/590034197
3210,,https://www.jiomart.com/p/groceries/too-yumm-karare-chilli-achari-87-g/591195086
3223,,https://www.jiomart.com/p/groceries/gits-khaman-dhokla-mix-180-g/490005300
3245,,https://www.jiomart.com/product/nutrela-soya-chunks-wadi-1-kg-mffn95-7540494
3246,,https://www.jiomart.com/product/nutrela-soya-granules-200-g-mffna7-7542765
3249,,https://www.jiomart.com/p/groceries/patanjali-giloy-fruit-juice-500-ml/491180682
3256,,https://www.jiomart.com/p/groceries/catch-ginger-garlic-paste-200-g/590041154
3263,,https://www.jiomart.com/product/everest-tikhalal-chilli-powder-100-g-mffmsz-7505726
3264,,https://www.jiomart.com/product/everest-coriander-powder-200-g-mffms4-7503278
3274,,https://www.jiomart.com/p/groceries/everest-kasuri-methi-25-g/490000075
3278,,https://www.jiomart.com/p/groceries/everest-hingraj-50-g/491071457
3292,,https://www.jiomart.com/p/groceries/prabhuji-pure-foods-gulab-jamun-1-kg/590814918
3294,,https://www.jiomart.com/p/groceries/keya-oregano-9-g/490590154
33036,,https://www.jiomart.com/p/groceries/weikfield-mango-falooda-mix-200-g-pouch/491209060
3305,,https://www.jiomart.com/product/mdh-peacock-kasoori-methi-25-g-milck7-31045741
3312,,https://www.jiomart.com/p/groceries/haldiram-s-prabhuji-rossogolla-1-kg/490066764
3317,,https://www.jiomart.com/p/groceries/suhana-chicken-gravy-mix-80-g/491071358
3319,,https://www.jiomart.com/p/groceries/suhana-paneer-butter-masala-mix-50-g/491161013
3357,,https://www.jiomart.com/p/groceries/pediasure-chocolate-health-drink-powder-400-g/491061209
3373,,https://www.jiomart.com/p/groceries/vaseline-pure-skin-jelly-42-g/490003763
3383,,https://www.jiomart.com/p/groceries/himalaya-baby-hair-oil-100-ml/590120425
3400,,https://www.jiomart.com/p/groceries/iodex-fast-relief-balm-16-g/590032320
34556,,https://www.jiomart.com/p/homeandkitchen/cycle-pure-lia-jas-fragrant-dry-dhoop-cones-192-cones-with-free-cone-holder-jasmine-fragrance-for-daily-puja-meditation-other-rituals-pack-of-3-64-cones-pack/611984861?source=shoppingads
34585,,https://www.jiomart.com/p/groceries/myfitness-chocolate-smooth-peanut-butter-510-gms/595322437
34709,,https://www.jiomart.com/p/wellness/patanjali-juice-amla-500-ml/608316525
34743,,https://www.jiomart.com/p/groceries/shalimar-s-pure-coconut-oil-tin-175ml-pack-of-2/611709616
3480,,https://www.jiomart.com/p/groceries/boroplus-antiseptic-cream-80-ml/490863090
3494,,https://www.jiomart.com/p/groceries/olay-natural-white-instant-glowing-fairness-with-uv-protection-40-g/490998048
3537,,https://www.jiomart.com/product/fem-fairness-naturals-gold-creme-bleach-24-g-mffmu4-7508095
35632,,https://www.jiomart.com/p/groceries/dabur-neem-germ-protection-toothpaste-200-g-100-g/591018174
35638,,https://www.jiomart.com/p/groceries/dabur-red-toothpaste-200-100-g-with-free-toothbrush/490672482
3567,,https://www.jiomart.com/p/groceries/himalaya-baby-cream-with-olive-oil-and-country-mallow-200-ml/491299234
3570,,https://www.jiomart.com/p/groceries/himalaya-baby-lotion-200-ml/491238726
3590,,https://www.jiomart.com/p/groceries/himalaya-lip-care-balm-strawberry-shine-4-5-g/590087371
3597,,https://www.jiomart.com/p/groceries/johnson-s-baby-milk-soap-75-g/490002026
3644,,https://www.jiomart.com/p/groceries/lotus-herbals-radiant-gold-cellular-glow-1-facial-kit-with-24k-gold-leaves-for-skin-glow-all-skin-types-37g/608209269
3647,,https://www.jiomart.com/p/groceries/lotus-herbals-whiteglow-skin-whitening-brightening-spf-25-pa-gel-cr-me-60-g/490959208
3649,,https://www.jiomart.com/p/groceries/lux-international-creamy-perfection-bar-soap-75-g/490002472
3661,,https://www.jiomart.com/p/groceries/nivea-body-milk-48-hour-nourishing-lotion-for-very-dry-skin-120-ml/590032390
3667,,https://www.jiomart.com/p/groceries/nivea-body-milk-lotion-600ml/603188128
3673,,https://www.jiomart.com/product/nivea-all-purpose-cream-60-ml-mffnal-7543630
3677,,https://www.jiomart.com/p/groceries/nivea-men-all-in-1-10x-vitamin-c-effect-face-wash-50-ml/491160198
36791,,https://www.jiomart.com/p/groceries/kissan-mixed-fruit-jam-100-g/490000798
3702,,https://www.jiomart.com/p/groceries/patanjali-saundarya-face-wash-with-orange-peel-neem-tulsi-aloe-vera-60-g/491061087
37251,,https://www.jiomart.com/p/groceries/gala-no-dust-broom-xl/491215021
3732,,https://www.jiomart.com/p/groceries/garnier-black-naturals-oil-enriched-ammonia-free-hair-colour-brown-black-20-g-20-ml/491208645
3735,,https://www.jiomart.com/p/groceries/garnier-color-naturals-creme-riche-ammonia-free-permanent-hair-color-burgundy-3-16-70-ml-60-g/490004627
3737,,https://www.jiomart.com/p/groceries/garnier-color-naturals-creme-riche-ammonia-free-hair-color-darkest-brown-3-70-ml-60-g/490004626
37439,,https://www.jiomart.com/p/groceries/weikfield-rose-falooda-mix-200-g-pouch/491209059
3818,,https://www.jiomart.com/p/wellness/l-oreal-paris-6-oil-nourish-nourishing-shampoo-180-ml/608297139
3822,,https://www.jiomart.com/p/groceries/l-oreal-paris-fall-resist-3x-repair-anti-hairfall-shampoo-175-ml/490927147
3832,,https://www.jiomart.com/p/groceries/navratana-extra-thanda-ayurvedic-hair-oil-200-ml/590105828
3853,,https://www.jiomart.com/p/groceries/pantene-pro-v-lively-clean-shampoo-180-ml/490003888
390,,https://www.jiomart.com/p/groceries/good-life-thick-poha-aval-1-kg/491185267
3911,,https://www.jiomart.com/product/tresemme-pro-collection-keratin-smooth-hair-conditioner-190-ml-mffmv0-7509959
3953,,https://www.jiomart.com/p/groceries/eva-fresh-deodorant-for-women-125-ml/490015804
3978,,https://www.jiomart.com/p/groceries/gillette-series-sensitive-skin-shave-gel-60-g/490008274
3991,,https://www.jiomart.com/p/groceries/godrej-expert-rich-cr-me-ammonia-free-hair-colour-natural-brown-20-g-20-ml/490992292
4032,,https://www.jiomart.com/p/groceries/park-avenue-original-collection-good-morning-deodorant-for-men-150-ml/590808106
4035,,https://www.jiomart.com/p/groceries/park-avenue-signature-collection-neo-perfume-spray-for-men-150-ml/590841775
4042,,https://www.jiomart.com/p/groceries/veet-silk-fresh-technology-hair-removal-cream-for-sensitive-skin-25-g/590105762
4067,,https://www.jiomart.com/p/groceries/yardley-morning-dew-compact-perfume-for-women-18-ml/491504712
4076,,https://www.jiomart.com/p/groceries/cycle-lia-jasmine-agarbathi-125-pcs-162-g/490012646
4093,,https://www.jiomart.com/p/groceries/fiama-blackcurrent-and-bearberry-gel-bar-soap-5-pcs-125-g-each/610901260
4106,,https://www.jiomart.com/p/groceries/ghadi-detergent-bar-250-g-pack-of-5/593825977
4123,,https://www.jiomart.com/p/groceries/himalaya-refreshing-baby-soap-125-g/590616753
4142,,https://www.jiomart.com/p/groceries/lakme-blush-glow-lemon-gel-face-wash-100-g/490750029
4150,,https://www.jiomart.com/p/groceries/mysore-sandal-gold-soap-125-g/490003582
4158,,https://www.jiomart.com/p/groceries/old-spice-musk-after-shave-lotion-100-ml/490999980
4190,,https://www.jiomart.com/p/groceries/pond-s-magic-acacia-honey-freshness-talc-50-g/590315405
4202,,https://www.jiomart.com/p/groceries/santoor-classic-handwash-215-ml-buy-1-get-1-free/491376659
42333,,https://www.jiomart.com/p/groceries/secret-temptation-te-amo-pearl-perfume-body-spray-for-women-120-ml/599212674
42335,,https://www.jiomart.com/p/groceries/lijjat-moong-papad-200-g/490006648
42336,,https://www.jiomart.com/p/groceries/lijjat-udad-papad-200-g/490000351
4249,,https://www.jiomart.com/p/groceries/pears-natural-coconut-water-soap-125-g-pack-of-3/490611732
4257,,https://www.jiomart.com/p/groceries/patanjali-herbal-handwash-250-ml/491092245
4261,,https://www.jiomart.com/product/pitambari-shining-dishwash-powder-200-g-mffn0f-7521659
4272,,https://www.jiomart.com/p/groceries/savlon-germ-protection-wipes-pack-of-10/590033604?source=fbads&city=Thrissur&pin=680307
4279,,https://www.jiomart.com/p/groceries/savlon-herbal-sensitive-handwash-refil-750-ml/491376410
42797,,https://www.jiomart.com/p/groceries/parle-fab-bourbon-chocolate-cream-biscuits-150-g/490568519
42814,,https://www.jiomart.com/p/groceries/amul-malai-peda-200-g/590333765
43036,,https://www.jiomart.com/p/groceries/organic-tattva-organic-chitra-rajma-500-g/491228418
43110,,https://www.jiomart.com/p/groceries/spinz-exotic-perfumed-deo-200-ml/590841780
4322,,https://www.jiomart.com/p/groceries/indulekha-bringha-hair-cleanser-580-ml/591103266
4330,,https://www.jiomart.com/p/groceries/good-knight-power-activ-mosquito-repellent-refill-45-ml/490011426
43513,,https://www.jiomart.com/p/groceries/bagrry-s-white-oats-1-kg/490007571
43515,,https://www.jiomart.com/p/groceries/bagrry-s-crunchy-muesli-with-almonds-raisins-and-honey-425-g/594137909
4405,,https://www.jiomart.com/p/groceries/johnson-s-baby-skincare-wipes-20-pcs/590105648
4453,,https://www.jiomart.com/p/groceries/gillette-vector-shaving-cartridge-twin-blades-2-pcs/590105603
4461,,https://www.jiomart.com/p/groceries/kangaro-munix-no-10-1m-staple-pin-pack-of-20/590033263
4464,,https://www.jiomart.com/p/groceries/eveready-red-1015-aa-carbon-zinc-batteries-pack-of-2/491214005
4563,,https://www.jiomart.com/p/groceries/stayfree-secure-ultra-thin-dry-cover-sanitary-napkin-with-wings-xl-6-pads/491297819
4577,,https://www.jiomart.com/product/parrot-masale-black-salt-kala-namak-100-g-milcl0-31048488
4584,,https://www.jiomart.com/product/parrot-masale-black-salt-kala-namak-100-g-milcl0-31048488
4585,,https://www.jiomart.com/product/parrot-jeera-powder-100-g-mffmw5-7512457
4591,,https://www.jiomart.com/product/parrot-jeera-powder-100-g-mffmw5-7512457
4592,,https://www.jiomart.com/product/parrot-mix-masala-200-g-mffms9-7503846
4596,,https://www.jiomart.com/product/parrot-mix-masala-200-g-mffms9-7503846
4599,,https://www.jiomart.com/product/parrot-panch-phoran-100-g-miedst-24049665
4606,,https://www.jiomart.com/product/parrot-guntur-stem-chilli-200-g-milck7-31045716
4631,,https://www.jiomart.com/product/haldirams-nagpur-aloo-bhujia-350-g-mfphuv-7563384
4635,,https://www.jiomart.com/p/groceries/kurkure-chilli-chatka-45-g/590033328
4645,,https://www.jiomart.com/p/groceries/lay-s-spanish-tomato-tango-potato-chips-35-g/590120445
46556,,https://www.jiomart.com/product/g-m-s-tulsi-tea-elaichi-chai-250g-cardamom-tea-assam-tea-strong-and-aromatic-flavour-for-gujarati-chai-lovers-100-natural-ingredients-no-artificial-additives-mjl93i-68962700
46557,,https://www.jiomart.com/product/pushp-brand-munimji-elaichi-chai-flavoured-chaipatti-250g-pouch-pack-of-4-mop0qi-84843501
4668,,https://www.jiomart.com/p/groceries/uncle-chipps-spicy-treat-potato-chips-55-g/490000501
4670,,https://www.jiomart.com/product/prabhuji-smooth-soft-elaichi-elaichi-flavour-soan-papdi-400-g-mfxynv-7647736
46727,,https://www.jiomart.com/p/groceries/ramdev-strong-brand-hing-powder-100-g/490056611
4674,,https://www.jiomart.com/p/groceries/fanta-orange-2-25-l/490004165
46776,,https://www.jiomart.com/p/groceries/ramdev-chilli-powder-200-g/490017386
46779,,https://www.jiomart.com/p/groceries/ramdev-chilli-powder-100-g/490017388
46872,,https://www.jiomart.com/p/groceries/haldiram-s-nagpur-sweet-soanpapdi-500-g/490000292
4689,,https://www.jiomart.com/p/groceries/pepsi-750-ml/491208775
46922,,https://www.jiomart.com/p/groceries/lifebuoy-lemon-fresh-soap-125-g-buy-4-get-1-free/491112835
46947,,https://www.jiomart.com/p/groceries/pramod-mewa-mix-400-g/611276288
46948,,https://www.jiomart.com/p/groceries/pramod-mixture-500-g/607604607
4695,,https://www.jiomart.com/product/sprite-225-l-mffmua-7508465
4699,,https://www.jiomart.com/p/groceries/thums-up-300-ml-can/490809342
4700,,https://www.jiomart.com/p/groceries/thums-up-2-25-l/490005134
4734,,https://www.jiomart.com/product/himalaya-purifying-neem-face-wash-150ml-pack-of-3-mj73z2-50554423
4775,,https://www.jiomart.com/p/groceries/gowardhan-pure-cow-ghee-200-ml-jar/490792642
4778,,https://www.jiomart.com/p/groceries/gillette-vector-shaving-cartridge-twin-blades-6-pcs/490520873
4784,,https://www.jiomart.com/p/groceries/prabhuji-elaichi-soanpapdi-200-g/590033224
4789,,https://www.jiomart.com/p/groceries/women-s-horlicks-chocolate-400-g/490766750
4801,,https://www.jiomart.com/p/groceries/parle-platina-hide-seek-chocolate-chip-cookies-33-g/590109959
4803,,https://www.jiomart.com/p/groceries/parle-happy-happy-choco-chip-cookies-85-g/490921868
4807,,https://www.jiomart.com/p/groceries/parle-krack-jack-sweet-salty-biscuits-56-7-g/611312161
4818,,https://www.jiomart.com/p/groceries/sunfeast-dark-fantasy-choco-nut-fills-cookies-75-g/590313329
4834,,https://www.jiomart.com/product/parle-krack-jack-biscuits-1764-g-mffn3p-7528480
4837,,https://www.jiomart.com/p/groceries/mcvitie-s-digestive-biscuits-1-kg/490985468
4867,,https://www.jiomart.com/p/groceries/parle-top-delicious-buttery-crackers-200-g/490893884
4896,,https://www.jiomart.com/p/groceries/unibic-kesar-cashew-badam-cookies-200-g/491582188
4898,,https://www.jiomart.com/p/groceries/unibic-fruit-nut-cookies-75-g/490538036
4916,,https://www.jiomart.com/p/wellness/eno-fruit-salt-regular-powder-5gm/608298400
4927,,https://www.jiomart.com/product/maaza-mango-drink-12-l-mffn2t-7526634
4935,,https://www.jiomart.com/p/groceries/real-fruit-power-apple-juice-180-ml/490001231
4951,,https://www.jiomart.com/p/groceries/himalaya-fresh-start-peach-oil-clear-face-wash-100-ml/491376448
4968,,https://www.jiomart.com/p/groceries/hair-care-moisturising-fruit-oils-with-green-apple-olive-mosambi-hair-oil-300-ml/490002170
4975,,https://www.jiomart.com/p/groceries/keo-karpin-non-sticky-hair-oil-with-olive-oil-200-ml/490011417
4982,,https://www.jiomart.com/p/groceries/nihar-naturals-jasmine-coconut-hair-oil-400-ml/590032311
4983,,https://www.jiomart.com/p/groceries/parachute-100-pure-coconut-oil-500-ml/490002125?source=fbads&city=Thiruvananthapuram&pin=695001
5000,,https://www.jiomart.com/p/groceries/patanjali-tejus-coconut-hair-oil-200-ml/491092244
5014,,https://www.jiomart.com/p/groceries/patanjali-dant-kanti-advanced-dental-cream-100-g/491299368
5023,,https://www.jiomart.com/product/sensodyne-sensitive-fresh-mint-toothpaste-75-g-mffn18-7523412
5028,,https://www.jiomart.com/product/sensodyne-sensitive-fresh-mint-toothpaste-75-g-mffn18-7523412
5030,,https://www.jiomart.com/product/sensodyne-sensitive-fresh-mint-toothpaste-75-g-mffn18-7523412
5032,,https://www.jiomart.com/p/groceries/pepsodent-expert-protection-gumcare-toothpaste-140-g/490015864
5141,,https://www.jiomart.com/p/groceries/patanjali-chyawanprabha-sugar-free-750-gm/613041583
5176,,https://www.jiomart.com/product/frooti-mango-drink-150-ml-mffmyo-7517781
643,,https://www.jiomart.com/p/groceries/good-life-ajwain-100-g/491185112
647,,https://www.jiomart.com/p/groceries/good-life-almonds-500-g/491186625
66109,,https://www.jiomart.com/p/groceries/santoor-mild-lotus-tulsi-hand-wash-215-ml/590146620
66202,,https://www.jiomart.com/p/groceries/savlon-glycerin-bathing-soap-75-g/591222908
66327,,https://www.jiomart.com/p/groceries/ganesh-wheat-daliya-500-g/490064853
66448,,https://www.jiomart.com/p/groceries/denver-imperial-premium-body-talc-2-x-100-g/599762192
66558,,https://www.jiomart.com/p/groceries/manforce-cocktail-condoms-with-dotted-rings-strawberry-vanilla-flavoured-10-pieces/599232624
66577,,https://www.jiomart.com/p/groceries/durex-mutual-climax-condoms-10-pcs/491439990
66889,,https://www.jiomart.com/p/groceries/ramdev-turmeric-powder-200-g/490017395
66991,,https://www.jiomart.com/p/groceries/parle-top-delicious-buttery-crackers-200-g/490893884
67088,,https://www.jiomart.com/p/groceries/bagrrys-choco-fills-plus-5-grain-goodness-ragi-advantage-source-of-fibre-250-gm-pack-of-2/597745362
67107,,https://www.jiomart.com/p/groceries/vim-extra-anti-bac-neem-dishwash-bar-200-g-buy-4-get-1-free/591018169
67199,,https://www.jiomart.com/p/groceries/bagrry-s-white-oats-500-g-pouch/490009401
67204,,https://www.jiomart.com/p/groceries/ramdev-turmeric-powder-100-g/490017394
67304,,https://www.jiomart.com/p/groceries/horlicks-chocolate-delight-200-g/490001023
67402,,https://www.jiomart.com/p/groceries/secret-temptation-te-amo-aqua-perfume-body-spray-for-women-120-ml/491373678
67654,,https://www.jiomart.com/p/groceries/wagh-bakri-premium-leaf-tea-250-g/490073714
67732,,https://www.jiomart.com/p/groceries/dnv-mustard-kasundi-350-ml/491280063
67903,,https://www.jiomart.com/p/homeimprovement/pidilite-steelgrip-self-adhesive-pvc-electrical-insulation-tape-6-50m/596932498
68048,,https://www.jiomart.com/p/groceries/everest-cumin-powder-100-g/490000175
68115,,https://www.jiomart.com/p/groceries/hell-classic-energy-drink-250-ml/590108369
68159,,https://www.jiomart.com/p/groceries/bambino-ginger-garlic-paste-sprout-pack-200g-pack-of-4/591570039
68254,,https://www.jiomart.com/p/groceries/bauli-moonfills-vanilla-cream-roll-45-g/591217750
68479,,https://www.jiomart.com/p/groceries/ramdev-strong-hing-25-g/490056610
68603,,https://www.jiomart.com/p/groceries/thums-up-2-l/491093909
68662,,https://www.jiomart.com/p/groceries/jk-whole-jeera-100-g/490870384
68723,,https://www.jiomart.com/p/groceries/haldiram-s-nagpur-namkeen-ratlami-sev-150-g/490000280
68872,,https://www.jiomart.com/product/kelloggs-chocos-variety-pack-140-g-pack-of-7-mffn78-7536352
68913,,https://www.jiomart.com/product/real-fruit-power-grape-juice-1-l-mffn6k-7534892
69061,,https://www.jiomart.com/p/groceries/parle-g-gold-biscuits-200-g/491089278
69071,,https://www.jiomart.com/p/groceries/go-cheese-slices-200-g/490800691
69111,,https://www.jiomart.com/product/gala-stainless-steel-scrubs-mffmuo-7509228
69269,,https://www.jiomart.com/p/groceries/ramdev-coriander-powder-200-g/490017390
69270,,https://www.jiomart.com/p/groceries/ramdev-turmeric-powder-500-g/490017396
69317,,https://www.jiomart.com/product/mothers-recipe-tamarind-date-chutney-200-g-mffn1f-7523825
69470,,https://www.jiomart.com/p/groceries/joy-lemon-and-olive-dryness-control-conditioning-paraben-free-shampoo-340ml-pack-of-1/602513027
69635,,https://www.jiomart.com/p/groceries/glow-lovely-advanced-multi-vitamin-cream-110-g/590084001
69702,,https://www.jiomart.com/p/groceries/catch-iodised-table-salt-100-g/490000161
69763,,https://www.jiomart.com/p/groceries/jk-methi-100-g/491227669
69776,,https://www.jiomart.com/p/groceries/patanjali-dant-kanti-natural-toothpaste-200-200-100-g/491470555
69873,,https://www.jiomart.com/product/mothers-recipe-stuffed-red-chilli-pickle-200-g-mffn73-7536084
69889,,https://www.jiomart.com/p/groceries/lux-soft-touch-bar-soap-150-g-pack-of-3/490915877
69893,,https://www.jiomart.com/p/groceries/santoor-pure-glow-almond-oil-and-glycerine-soap-5-pcs-125-g/610906148
69923,,https://www.jiomart.com/p/groceries/eno-lemon-flavour-fruit-salt-5-g-pack-of-6/490020767
70028,,https://www.jiomart.com/p/groceries/weikfield-strawberry-veg-jelly-crystals-90-g/490064688
70045,,https://www.jiomart.com/p/groceries/britannia-gobbles-100-veg-fruit-cake-70-g/490537365
70297,,https://www.jiomart.com/p/groceries/wagh-bakri-leaf-tea-1-kg/490073718
70361,,https://www.jiomart.com/p/groceries/cadbury-bournville-cranberry-dark-chocolate-bar-80-g/491053233
70387,,https://www.jiomart.com/p/groceries/organic-tattva-organic-kabuli-chana-500-g/491228414
70389,,https://www.jiomart.com/p/groceries/organic-tattva-rawa-sooji-500-g/491228374
70474,,https://www.jiomart.com/p/groceries/horlicks-chocolate-delight-750-g/491276477
70507,,https://www.jiomart.com/product/rin-detergent-powder-1-kg-mieel6-24061458
70598,,https://www.jiomart.com/p/groceries/madhur-pure-hygienic-sugar-5-kg/490861956
70602,,https://www.jiomart.com/p/groceries/organic-tattva-jaggery-powder-500-g/491229666
70623,,https://www.jiomart.com/p/groceries/natraj-621-bold-writing-pencils-pack-of-10/603965932
70832,,https://www.jiomart.com/p/groceries/myfitness-natural-crunchy-peanut-butter-510-g/611269177
71049,,https://www.jiomart.com/p/groceries/britannia-good-day-cashew-cookies-200-g/490176188
71055,,https://www.jiomart.com/p/groceries/britannia-vita-marie-gold-biscuits-150-g/491019530
71061,,https://www.jiomart.com/p/groceries/parle-monaco-biscuits-700-g/590992316
71266,,https://www.jiomart.com/product/mothers-recipe-mango-pickle-1-kg-mffmvz-7512033
71540,,https://www.jiomart.com/p/groceries/oral-b-cavity-defense-medium-toothbrush-pack-of-6/491552528
71571,,https://www.jiomart.com/p/groceries/gala-thick-scrub-pad-7-5-cm-x-10-cm-5-pcs/491085599
71616,,https://www.jiomart.com/p/groceries/unibic-choco-chip-cookies-500-g/491502843
71919,,https://www.jiomart.com/p/groceries/gala-stainless-steel-scrubs/490006339
72017,,https://www.jiomart.com/p/groceries/ramdev-coriander-powder-100-g/490017389
72056,,https://www.jiomart.com/p/groceries/parle-g-gold-biscuits-80-g/490935306
72058,,https://www.jiomart.com/p/groceries/patanjali-cashew-cookies-200-g/491397823
72078,,https://www.jiomart.com/p/groceries/doritos-cheese-nachos-60-g/611719421
72289,,https://www.jiomart.com/product/glow-lovely-instant-glow-face-wash-50-g-mj707o-49853542
73341,,https://www.jiomart.com/product/cadbury-gems-chocolate-maha-pack-158-g-mffncd-7547125
73572,,https://www.jiomart.com/p/groceries/lijjat-moong-papad-200-g/490006648
73772,,https://www.jiomart.com/product/dhara-kachi-ghani-mustard-oil-1-l-pouch-mffmqt-7501227
73950,,https://www.jiomart.com/p/groceries/gillette-series-cool-wave-fresh-after-shave-splash-100-ml/490008609
74103,,https://www.jiomart.com/product/prabhuji-bhujia-900-g-mffmup-7509316
75433,,https://www.jiomart.com/p/groceries/lacto-calamine-face-lotion-60ml-oily-skin/608766613
75505,,https://www.jiomart.com/p/groceries/eva-sweet-deodorant-spray-150-ml/591190834
75507,,https://www.jiomart.com/p/groceries/lakme-blush-glow-fruity-licious-sheet-mask-watermelon-20-ml/590084013
75652,,https://www.jiomart.com/p/groceries/vaseline-deep-restore-moisturising-cream-150-ml/491419429
75728,,https://www.jiomart.com/p/groceries/pramod-navratan-namkeen-400-g/611352072
75802,,https://www.jiomart.com/p/groceries/nataraj-scale-30-cm-pack-of-10-rulers/601245435
75973,,https://www.jiomart.com/p/groceries/yutika-naturals-hand-wash-complete-protection-100-natural-extract-for-hand-hygiene-protect-from-germs-ph-balanced-formula-lemon-750ml-pack-of-1-hand-wash-pouch-750-ml/606006281
76263,,https://www.jiomart.com/p/groceries/pramod-moong-dal-400-g/611269365
76338,,https://www.jiomart.com/p/groceries/meri-chai-elaichi-tea-pouch-250-g-tea-pouch-2-x-250-g/593557797
76418,,https://www.jiomart.com/p/groceries/too-yum-aloo-chat-potato-stix-75-g/590820668
76442,,https://www.jiomart.com/p/groceries/morelight-extra-power-detergent-powder-4-kg/590804194
76449,,https://www.jiomart.com/p/groceries/bikaji-falahari-mix-150-g/590033093
76848,,https://www.jiomart.com/p/groceries/fortune-plus-refined-soyabean-oil-1-l-pouch/490773929
76871,,https://www.jiomart.com/p/groceries/unibic-choco-chip-cookies-75-g/490012569
77143,,https://www.jiomart.com/p/groceries/jk-green-whole-red-chilli-100-g/491227689
77600,,https://www.jiomart.com/p/groceries/mother-s-recipe-green-chilli-pickle-300-g/490016276
77610,,https://www.jiomart.com/p/groceries/hershey-s-kisses-hazelnut-n-cookies-chocolates-33-6-g/610964203
77772,,https://www.jiomart.com/product/vedika-pack-of-2-x-500ml-colin-glass-and-surface-cleaner-liquid-spray-perfect-for-glass-kitchen-car-and-home-surfaces-removes-streaks-smudges-and-stains-multi-surface-cleaner-mj7kzj-54415869
77782,,https://www.jiomart.com/p/groceries/fortune-mini-soya-chunks-200-g/595837028
77833,,https://www.jiomart.com/p/groceries/flair-creative-series-gem-2b-graphite-pencil-extra-dark-pencil-black-box-pack-of-10-x-4/611399092
77946,,https://www.jiomart.com/p/groceries/domex-fresh-guard-ocean-fresh-disinfectant-toilet-expert-1-l/591222903
77948,,https://www.jiomart.com/p/groceries/gala-brushtile-arrow-brush-assorted/490189870
77960,,https://www.jiomart.com/product/mothers-recipe-mixed-pickle-1-kg-mffnbc-7545297
78151,,https://www.jiomart.com/p/groceries/jk-yellow-sarsoo-100-g/491227674
78266,,https://www.jiomart.com/p/groceries/good-life-rice-flour-atta-500-g/491208740?source=fbads&city=Raichur&pin=584102
783,,https://www.jiomart.com/p/groceries/good-life-soya-wadi-chunks-500-g/491299510
78768,,https://www.jiomart.com/p/groceries/dnv-non-fruit-vinegar-350-ml/491294973
78769,,https://www.jiomart.com/p/groceries/dnv-vinegar-670-g/603922870
78785,,https://www.jiomart.com/p/groceries/date-crown-bumaan-dates-500-g/490870362
79804,,https://www.jiomart.com/p/groceries/patanjali-aloe-vera-kanti-body-cleanser-150-g-pack-of-3/491373668
79923,,https://www.jiomart.com/p/groceries/amul-badam-pista-shrikhand-200-g-container/590086911
79924,,https://www.jiomart.com/p/groceries/amul-elaichi-shrikhand-200-g-container/590153381
7996,,https://www.jiomart.com/p/groceries/odonil-zipper-joyful-lavender-air-freshener-10-g/491336839
803,,https://www.jiomart.com/product/grano-organico-100-pure-natural-premium-urad-dal-500g-pouch-mj75ir-50822254
804,,https://www.jiomart.com/p/groceries/good-life-urad-washed-gota-500-g/491187269
8049,,https://www.jiomart.com/p/groceries/surf-excel-matic-top-load-liquid-detergent-1-02-l/491282429
8051,,https://www.jiomart.com/p/groceries/odonil-zipper-rose-air-freshener-10-g/491439987
8063,,https://www.jiomart.com/p/groceries/all-cleaning-materials-services-harpic-power-plus-10x-max-clean-original-liquid-toilet-cleaner/608960248
8090,,https://www.jiomart.com/p/groceries/colin-glass-household-cleaner-spray-250-ml/490002894
80955,,https://www.jiomart.com/p/groceries/nataraj-plastic-scale-15-cm/606743195
8112,,https://www.jiomart.com/p/groceries/mortein-power-booster-mosquito-repellent-coil-10-pcs/607512596
81197,,https://www.jiomart.com/p/groceries/hellman-s-mayyonaise-175-g/590126508
81224,,https://www.jiomart.com/p/groceries/haldiram-s-nagpur-namkeen-ratlami-sev-150-g/490000280
81308,,https://www.jiomart.com/p/groceries/whisper-choice-night-sanitary-pads-xxl-16-pads/607989202
81767,,https://www.jiomart.com/p/groceries/fortune-soya-wadi-chunks-200-g/491161238
81974,,https://www.jiomart.com/p/groceries/aakash-namkeen-besan-ladoo-made-with-chickpea-flour-400g/600232113
82004,,https://www.jiomart.com/p/groceries/pond-s-super-light-hydrated-glow-gel-200-ml/602996173
82030,,https://www.jiomart.com/p/groceries/good-life-corn-poha-aval-500-g/491185275
82203,,https://www.jiomart.com/p/groceries/bournvita-750-g/491187481
828,,https://www.jiomart.com/p/groceries/act-ii-butter-pepper-instant-popcorn-70-g/490005296
8280,,https://www.jiomart.com/p/groceries/hit-crawling-insect-killer-spray-625-ml/490410804
8285,,https://www.jiomart.com/product/dhara-kachi-ghani-mustard-oil-1-l-pouch-mffmqt-7501227
8296,,https://www.jiomart.com/p/groceries/hit-flying-insect-killer-spray-400-ml/490024484
8297,,https://www.jiomart.com/product/aer-lush-green-spray-fresh-air-freshener-by-godrej-220-ml-mffmux-7509762
830,,https://www.jiomart.com/p/groceries/act-ii-butter-delite-instant-popcorn-70-g/490459386
8303,,https://www.jiomart.com/product/dabur-sarson-amla-hair-oil-175-ml-mffmtx-7507703
8304,,https://www.jiomart.com/p/groceries/dabur-amla-hair-oil-275-ml/490004774
8308,,https://www.jiomart.com/product/haldirams-mini-bhakharwadi-200-g-mffn7j-7537027
8310,,https://www.jiomart.com/product/haldirams-nagpur-chana-nuts-200-g-mffmsu-7505455
8327,,https://www.jiomart.com/product/haldirams-nagpur-khatta-meetha-sweet-n-salty-namkeen-400-g-mffmzp-7519689
8336,,https://www.jiomart.com/p/groceries/patanjali-nariyal-biscuits-300-g/590033326
8337,,https://www.jiomart.com/product/nutrela-soya-granules-200-g-mffna7-7542765
8347,,https://www.jiomart.com/product/ujala-supreme-fabric-whitener-250-ml-pack-of-3-x-250-ml-750-ml-mi8t4w-19297213
8352,,https://www.jiomart.com/p/groceries/weikfield-drinking-chocolate-powder-100-g/490082148
8355,,https://www.jiomart.com/p/groceries/wild-stone-body-perfume-120-ml/590105571
83765,,https://www.jiomart.com/p/groceries/hell-energy-drink-watermelon-250-ml-can/605431203
83799,,https://www.jiomart.com/p/groceries/boroplus-aloe-vera-gel-with-vitamin-e-150-ml/590358094
838,,https://www.jiomart.com/product/sunplus-active-matic-detergent-powder-1-kg-mieefn-24059245
83902,,https://www.jiomart.com/p/groceries/natraj-classic-blue-black-ball-pen-set-of-40/603886121
84,,https://www.jiomart.com/p/groceries/ching-s-secret-dark-soy-sauce-90-g/490870793
84059,,https://www.jiomart.com/p/groceries/engage-woman-floral-zest-bodylicious-deo-spray-150-ml/590939570
84134,,https://www.jiomart.com/p/groceries/lakme-peach-milk-moisturiser-for-all-skin-types-120-ml/490877947
84226,,https://www.jiomart.com/p/groceries/streax-professional-vitariche-gloss-hair-serum-115-ml/602176800
8424,,https://www.jiomart.com/p/groceries/frooti-600-ml/490537394
84243,,https://www.jiomart.com/p/groceries/ritebite-choco-delite-health-bar-40-g/490008659
84244,,https://www.jiomart.com/p/groceries/ritebite-fruits-seeds-pack-of-12-420g/597668140
84245,,https://www.jiomart.com/p/groceries/ritebite-max-protein-daily-choco-berry-bar-zero-added-sugar-50-g/590320923
84246,,https://www.jiomart.com/p/groceries/ritebite-yogurt-berry-pack-of-6-210g/597668142
8445,,https://www.jiomart.com/product/parrot-jeera-powder-100-g-mffmw5-7512457
8449,,https://www.jiomart.com/product/haldirams-nagpur-chana-nuts-200-g-mffmsu-7505455
8460,,https://www.jiomart.com/p/groceries/head-shoulders-cool-menthol-anti-dandruff-shampoo-340-ml/490304459
8466,,https://www.jiomart.com/p/groceries/horlicks-classic-malt-200-g/490001307
84665,,https://www.jiomart.com/p/groceries/lakme-peach-milk-moisturizer-200-ml/490877948
8474,,https://www.jiomart.com/product/johnsons-vitamin-e-baby-oil-100-ml-mffn8d-7538870
84999,,https://www.jiomart.com/p/groceries/joy-skin-fruits-oil-removal-fruit-infused-strawberry-face-wash-100ml-pack-of-2/602553708
850,,https://www.jiomart.com/product/all-out-ultra-floral-power-mosquito-repellent-refill-45-ml-pack-of-2-mffn7q-7537470
8509,,https://www.jiomart.com/product/parrot-rice-flour-atta-500-g-mffn5n-7532867
8514,,https://www.jiomart.com/p/groceries/kamasutra-dotted-condoms-20-pcs/491397830
8515,,https://www.jiomart.com/p/groceries/patanjali-amla-juice-1-l/491061067
8524,,https://www.jiomart.com/p/groceries/patanjali-pachak-hing-goli-100-g/491089335
85290,,https://www.jiomart.com/p/groceries/classmate-geometry-box-victor-1-numbers-carton/603824959
85512,,https://www.jiomart.com/p/groceries/patanjali-kesh-kanti-reetha-shampoo-200-ml/491061090
8552,,https://www.jiomart.com/product/panchakanya-maida-500-g-mffmqo-7501042
85662,,https://www.jiomart.com/p/homeandkitchen/wizerdy-555-mvision-mark-magic-card-deck-red-555-marked-playing-card-magic/608201601
85877,,https://www.jiomart.com/product/amul-cow-ghee-500-ml-jar-mffmrp-7502622
85912,,https://www.jiomart.com/p/groceries/fevistik-super-glue-stick-1-pc-15-g/490012027
8605,,https://www.jiomart.com/p/groceries/whisper-choice-ultra-sanitary-napkin-with-wings-xl-20-pads/491338199
8620,,https://www.jiomart.com/product/whitetone-soft-smooth-hydrating-sun-protection-face-cream-50-g-mffn6o-7535160
86208,,https://www.jiomart.com/product/dnv-musur-bori-100-g-milcl3-31048867
8639,,https://www.jiomart.com/p/groceries/everyuth-walnut-exfoliating-scrub-200-g/490015885
8640,,https://www.jiomart.com/p/groceries/nycil-classic-excel-5-in-1-prickly-heat-powder-150-g/490672449
86496,,https://www.jiomart.com/p/groceries/spinz-enchante-perfumed-deo-200-ml/590824152
8653,,https://www.jiomart.com/p/groceries/milkybar-mould-chocolate-bar-17-g/490160515
86810,,https://www.jiomart.com/p/groceries/bottle-gourd-approx-600-g-900-g/596483940
86976,,https://www.jiomart.com/p/groceries/odonil-wild-forest-gel-air-freshener-10-g/596000920
8699,,https://www.jiomart.com/p/groceries/woodward-s-gripe-water-200-ml/490239130
870,,https://www.jiomart.com/p/groceries/amul-garlic-cheese-spread-200-g-cup/590087444
87055,,https://www.jiomart.com/p/groceries/pespsi-drink-330-ml/610979707
872,,https://www.jiomart.com/p/groceries/amul-choco-minis-250-g/490115466
873,,https://www.jiomart.com/p/groceries/amul-pure-ghee-1-l-pouch/490010164
875,,https://www.jiomart.com/product/amul-cow-ghee-500-ml-jar-mffmrp-7502622
87531,,https://www.jiomart.com/p/groceries/bambino-golden-shine-elbow-pasta-875-g/609550992
877,,https://www.jiomart.com/p/groceries/amul-dark-chocolate-bar-40-g/491441343
88117,,https://www.jiomart.com/p/groceries/vim-lemon-dishwash-liquid-900-ml/590335035
88335,,https://www.jiomart.com/product/candzey-chatpati-candy-100-g-mffn4m-7530617
88336,,https://www.jiomart.com/p/groceries/candzey-kacchi-kerry-candy-100-g/595668659
88349,,https://www.jiomart.com/product/candzey-chatpati-candy-100-g-mffn4m-7530617
88674,,https://www.jiomart.com/p/groceries/frooti-mango-drink-2-l/490005105
88935,,https://www.jiomart.com/p/groceries/dermicool-menthol-regular-prickly-heat-powder-150-g/590145719
89171,,https://www.jiomart.com/p/groceries/patanjali-kesh-kanti-anti-dandruff-hair-cleanser-200-ml/491061082
89180,,https://www.jiomart.com/p/groceries/date-crown-daily-goodness-kalmi-safawi-dates-500-g/607973672
89242,,https://www.jiomart.com/p/groceries/farmley-premium-w320-cashews-500g/590593768
893,,https://www.jiomart.com/p/groceries/amul-kool-elaichi-flavoured-milk-180-ml-bottle/491582578
89366,,https://www.jiomart.com/p/groceries/patanjali-neem-kanti-body-cleanser-150-g-pack-of-4/603898491
895,,https://www.jiomart.com/product/amul-kool-kesar-flavoured-milk-180-ml-mffmv8-7510413
89552,,https://www.jiomart.com/p/groceries/pond-s-natural-glow-face-powder-pink-glow-30-g/605740890
89556,,https://www.jiomart.com/product/lion-arabian-dates-500-g-milclj-31049844
89602,,https://www.jiomart.com/p/groceries/himalaya-anti-hair-fall-bhringaraja-shampoo-340ml/609957409
89701,,https://www.jiomart.com/p/groceries/boroline-suthol-body-neem-liquid-100-ml/611684741
89716,,https://www.jiomart.com/p/groceries/unibic-danish-coconut-cookies-300-g/608767825
89805,,https://www.jiomart.com/p/groceries/margo-neem-naturals-honey-lemon-100-g-each-buy-4-get-1-free-pack-of-2/610017523
89923,,https://www.jiomart.com/p/groceries/margo-neem-naturals-almond-oil-rose-100-g-each-buy-4-get-1-free-pack-of-2/609979218
89924,,https://www.jiomart.com/p/groceries/margo-neem-naturals-aloe-vera-jasmine-100-g-each-soap-buy-4-get-1-free-pack-of-2/609979367
89975,,https://www.jiomart.com/p/groceries/sting-energy-drink-250-ml/490058573
90027,,https://www.jiomart.com/p/groceries/good-life-unpolished-chana-dal-1-kg/591219172
90028,,https://www.jiomart.com/product/kisaan-gold-premium-quality-besan-500g-made-from-100-pure-chana-dal-ideal-for-snacks-sweets-savoury-dishes-pack-of-3-mj74vh-50709075
90033,,https://www.jiomart.com/product/southern-star-by-southern-supermarket-premium-masoor-dals-red-masoor-dal-1kg-500gx2-pack-of-2-mmacqh-74215581
90037,,https://www.jiomart.com/p/groceries/good-life-soya-wadi-chunks-500-g/491299510
90157,,https://www.jiomart.com/product/haldirams-nagpur-mixture-400-g-mo7ckt-81190727
90179,,https://www.jiomart.com/p/groceries/good-life-jeera-500-g/491185140
902,,https://www.jiomart.com/p/groceries/amul-masti-dahi-85-g-cup/590895956
90330,,https://www.jiomart.com/p/groceries/sunrich-refined-sunflower-oil-1-l-pouch/490007391
90441,,https://www.jiomart.com/p/groceries/britannia-winkin-cow-cold-coffee-cafe-frappe-180-ml-bottle/600517607
90996,,https://www.jiomart.com/p/groceries/odonil-floral-valley-gel-pocket-air-freshener-10-g/609839501
910,,https://www.jiomart.com/product/amul-fresh-paneer-200-g-pack-mffn86-7538434
91128,,https://www.jiomart.com/p/groceries/mamypoko-pants-all-night-absorb-coco-care-12hr-leakage-protection-m-46-count/612716717
914,,https://www.jiomart.com/p/groceries/amul-fresh-paneer-1-kg-pack/590032628
91512,,https://www.jiomart.com/p/groceries/dove-care-protect-soap-100-g-buy-3-get-1-free/590150819
918,,https://www.jiomart.com/product/amul-pasteurised-butter-500-g-mffmyz-7518443
9188,,https://www.jiomart.com/p/groceries/daawat-rozana-super-basmati-rice-1-kg/490863714
91887,,https://www.jiomart.com/p/groceries/classmate-single-line-soft-long-notebook-1-pc-120-pgs/590057731
92137,,https://www.jiomart.com/p/groceries/bingo-peri-peri-mad-angles-200-g/491551830
9214,,https://www.jiomart.com/p/groceries/mother-s-recipe-sabudana-papad-with-sendha-namak-75-g/490020896
92149,,https://www.jiomart.com/p/groceries/bingo-yumitos-chilli-sprinkled-potato-chips-130-g/491551827
92214,,https://www.jiomart.com/p/groceries/dnv-green-chilli-sauce-200-g/491294935
9226,,https://www.jiomart.com/p/groceries/rin-ala-fabric-whitener-200-ml/490530839
92262,,https://www.jiomart.com/p/groceries/bambino-all-seasons-premium-pasta-400-g/609532235
92273,,https://www.jiomart.com/p/groceries/britannia-treat-vanilla-creme-wafers-60-g/591012887
9233,,https://www.jiomart.com/p/groceries/ariel-matic-front-load-detergent-powder-1-kg/490063708
92351,,https://www.jiomart.com/p/groceries/patanjali-doodh-biscuits-800-g/601120606
92368,,https://www.jiomart.com/p/groceries/britannia-jim-jam-pops-biscuit-350-g/603705467
926,,https://www.jiomart.com/product/amul-pure-ghee-1-l-mffn6c-7534410
927,,https://www.jiomart.com/product/amul-pure-ghee-1-l-mffn6c-7534410
9280,,https://www.jiomart.com/p/groceries/ujala-supreme-fabric-whitener-75-ml/490003194
92813,,https://www.jiomart.com/p/groceries/parle-monaco-classic-cheeslings-300-g/490009097
92815,,https://www.jiomart.com/p/groceries/haldiram-s-nagpur-lemon-bhel-150-g/490842549
93,,https://www.jiomart.com/p/groceries/ching-s-secret-schezwan-chutney-40-g/491073993
930,,https://www.jiomart.com/product/amul-cow-ghee-500-ml-jar-mffmrp-7502622
93144,,https://www.jiomart.com/p/groceries/desi-kitchen-kodo-millet-500-g/491441359
93163,,https://www.jiomart.com/p/groceries/best-farms-big-mustard-100-g/610974981
93495,,https://www.jiomart.com/p/groceries/durex-extra-thin-wild-strawberry-flavoured-condoms-for-men-10s/596769615
93496,,https://www.jiomart.com/p/groceries/durex-extra-thin-intense-chocolate-flavoured-condoms-for-men-10s/596769883
938,,https://www.jiomart.com/product/amul-masti-spiced-buttermilk-200-ml-tetra-pak-mffn4i-7530302
93827,,https://www.jiomart.com/p/groceries/joy-activated-charcoal-face-wash-150-ml/600787988
93935,,https://www.jiomart.com/p/groceries/good-life-masoor-malka-1-kg/491187288
94188,,https://www.jiomart.com/p/groceries/parle-20-20-gold-choco-chip-cookies-400-g/596989195
94216,,https://www.jiomart.com/p/groceries/farmley-premium-california-roasted-salted-pistachios-200g/590987820
94224,,https://www.jiomart.com/p/groceries/farmley-popular-california-almonds-250g/590362578
94914,,https://www.jiomart.com/p/groceries/pro-ease-day-night-combo-sanitary-napkin-xl-8-pads/590103105
94922,,https://www.jiomart.com/p/groceries/farmley-premium-california-almonds-500g/590362406
95014,,https://www.jiomart.com/p/groceries/keventer-cheese-corn-bite-400-gm/491417479
95057,,https://www.jiomart.com/p/groceries/cetaphil-gentle-skin-cleanser-125ml-pack-of-2/595402908
951,,https://www.jiomart.com/p/groceries/anik-ghee-1-l-carton/490012758
95280,,https://www.jiomart.com/p/groceries/dnv-coriander-powder-50-g/491276735
95285,,https://www.jiomart.com/p/groceries/dnv-soya-sauce-200-g/491294937
95290,,https://www.jiomart.com/p/groceries/dnv-punjabi-masala-papad-200-g/491319916
95295,,https://www.jiomart.com/p/groceries/dnv-classic-plain-papad-200-g/491319914
95309,,https://www.jiomart.com/p/groceries/bambino-golden-shine-penne-pasta-875-g/609627289
95453,,https://www.jiomart.com/p/groceries/loose-hmt-kolam-rice/490201489
95461,,https://www.jiomart.com/p/groceries/good-life-tibar-basmati-rice-1kg/491539467
95464,,https://www.jiomart.com/p/groceries/good-life-super-basmati-rice-1-kg/610853810
95503,,https://www.jiomart.com/p/groceries/bagrry-s-choco-with-3-great-grains-325-g/608439966
95652,,https://www.jiomart.com/p/groceries/panda-veg-hakka-chow-with-masala-400-gm/491432451
95653,,https://www.jiomart.com/product/panda-treats-veg-hakka-chow-noodles-12-kg-mffnci-7547291
95659,,https://www.jiomart.com/p/groceries/panda-roasted-vermicelli-450-gm/491432453
95767,,https://www.jiomart.com/p/groceries/bajaj-almond-drops-hair-serum-50ml/599811909
95786,,https://www.jiomart.com/p/groceries/lalbaba-rice-superior-long-grain-banskathi-rice-5-kg/611172660
95794,,https://www.jiomart.com/p/groceries/lalbaba-rice-gobindobhog-rice-1-kg/611056000
95833,,https://www.jiomart.com/p/groceries/jk-shahi-garam-masala-50-g/490870827
95840,,https://www.jiomart.com/p/groceries/jk-turmeric-powder-100-g/490870392
95842,,https://www.jiomart.com/p/groceries/jk-red-chilli-powder-100-g/490870393
95844,,https://www.jiomart.com/p/groceries/jk-whole-ajwan-100-g/490870385
95857,,https://www.jiomart.com/p/groceries/jk-red-sarsoo-100-g/491227672
95858,,https://www.jiomart.com/p/groceries/jk-panch-foran-100-g/490870389
95859,,https://www.jiomart.com/p/groceries/jk-sounf-100-g/491227664
95913,,https://www.jiomart.com/p/groceries/sundrop-heart-blended-edible-vegetable-oil-3-l/491554138
96,,https://www.jiomart.com/p/groceries/ching-s-secret-green-chilli-sauce-190-g/490000257
96070,,https://www.jiomart.com/p/groceries/prabhuji-all-in-one-1-kg/590316327
96160,,https://www.jiomart.com/p/groceries/good-life-miniket-rice-10-kg/596875851
96175,,https://www.jiomart.com/p/groceries/bauli-moonfils-veg-strawberry-50-g/591219000
96289,,https://www.jiomart.com/p/homeandkitchen/urban-buy-tile-cleaning-multipurpose-scrubber-brush-with-handle-and-multicolour-pack-of-1/600229285
96305,,https://www.jiomart.com/p/groceries/superwrap-aluminium-foil-combo-pack-of-3-20g-10g/590032863
96368,,https://www.jiomart.com/p/groceries/tulips-white-cotton-balls-50-pcs/490985870
96387,,https://www.jiomart.com/p/groceries/bagrry-s-original-healthier-cornflakes-300-g/608439955
96388,,https://www.jiomart.com/p/groceries/storia-mango-100-juice-with-no-added-sugar-preservatives-750-ml/591218919
96389,,https://www.jiomart.com/p/groceries/storia-pomegranate-100-juice-with-no-added-sugar-preservatives-750-ml/591218917
96456,,https://www.jiomart.com/p/groceries/bvc-kitchen-wiper/590032891
96479,,https://www.jiomart.com/p/groceries/b-vishal-number-0-candle/590831416
96480,,https://www.jiomart.com/p/groceries/b-vishal-party-popper-30-cm/590836212
96481,,https://www.jiomart.com/p/groceries/b-vishal-party-popper-40-cm/590838576
96516,,https://www.jiomart.com/p/groceries/meri-chai-elaichi-tea-pouch-250-g-tea-pouch-2-x-250-g/593557797
96525,,https://www.jiomart.com/p/groceries/shubhkart-surabhi-bhimseni-camphor-100-g/607939185
96533,,https://www.jiomart.com/p/groceries/shubhkart-darshana-puja-ghee-200-ml/608706904
96654,,https://www.jiomart.com/p/groceries/colgate-gentle-ultrafoam-ultra-soft-bristles-manual-toothbrush-for-adults-2-pcs-multicolor/599843174
96771,,https://www.jiomart.com/p/groceries/chakaachak-eazo-grey-grass-broom/606809448
96775,,https://www.jiomart.com/p/groceries/chakaachak-plastic-dustpan/590032890
96850,,https://www.jiomart.com/p/groceries/bajaj-almond-drops-nourishing-body-lotion-600ml/604344551
97019,,https://www.jiomart.com/p/groceries/too-yumm-american-style-cream-and-onion-potato-chips-90-g/608010088
97020,,https://www.jiomart.com/p/groceries/too-yumm-indian-masala-potato-chips-90-g/608010092
97037,,https://www.jiomart.com/product/nestle-cerelac-wheat-apple-baby-cereal-6m-350-g-mffnac-7543053
97074,,https://www.jiomart.com/p/groceries/sunfeast-glucose-plus-biscuits-1-kg/590996402
97082,,https://www.jiomart.com/p/groceries/schweppes-tonic-water-300-ml-can/490909130
97083,,https://www.jiomart.com/p/groceries/schweppes-ginger-ale-300-ml-can/491010974
97097,,https://www.jiomart.com/p/electronics/zebronics-star-stereo-wired-earphone-with-mic-black-gold-incomplete/610729241
97098,,https://www.jiomart.com/p/electronics/zebronics-zeb-bloom-wired-headphones-black-blue/608279041
97135,,https://www.jiomart.com/p/groceries/on1y-anardana-goli-180-g/610771530
97136,,https://www.jiomart.com/p/groceries/on1y-jeera-goli-200-g/610771515
97137,,https://www.jiomart.com/p/groceries/on1y-rajwadi-mixture-170-g/610787959
97138,,https://www.jiomart.com/p/groceries/on1y-madrasi-saunf-150-g/610787958
97165,,https://www.jiomart.com/product/britannia-good-day-butter-jeera-cookies-450-g-mffmxd-7515032
97207,,https://www.jiomart.com/p/groceries/ferrero-rocher-t8-hazelnut-100-gram/609115144
97246,,https://www.jiomart.com/p/electronics/lifelong-lldi30-1000w-dry-iron-white/599815825
97247,,https://www.jiomart.com/p/electronics/lifelong-llek15-1-5-litres-electric-kettle-with-over-heating-safety-protection-silver/594028221
97343,,https://www.jiomart.com/p/groceries/paawak-paawak-jaggery-powder-500g-jar-pack-1/612504761
97356,,https://www.jiomart.com/p/groceries/best-farms-premium-moth-beans-500-g/491168393
97373,,https://www.jiomart.com/p/groceries/good-life-idli-rice-1-kg/491185246
97393,,https://www.jiomart.com/p/groceries/good-life-sabja-seeds-100-g/610840058
97399,,https://www.jiomart.com/p/groceries/dnv-garlic-sabudana-papad-70-g/491488727
97400,,https://www.jiomart.com/p/groceries/dnv-green-chilly-sabudana-papad-70-g/491488728
97401,,https://www.jiomart.com/p/groceries/dnv-kasuri-methi-sabudana-papad-70-g/491488729
97409,,https://www.jiomart.com/p/groceries/colgate-total-advanced-health-toothpaste-150-g/609744559
97428,,https://www.jiomart.com/p/groceries/hansaplast-washproof-bandage-8-pcs/590312126
97429,,https://www.jiomart.com/p/groceries/hansaplast-regular-bandage-10-pcs/590146769
97505,,https://www.jiomart.com/p/groceries/act-ii-butter-flavour-ready-to-eat-popcorn-50-g-590008575/491391498
97527,,https://www.jiomart.com/p/groceries/farmley-premium-sunflower-seeds-200g/601224870
97541,,https://www.jiomart.com/p/groceries/eva-fresh-deodorant-spray-150-ml/591190833
976,,https://www.jiomart.com/p/groceries/bikaji-kuch-kuch-all-in-one-mixture-400-g/490005320
97621,,https://www.jiomart.com/p/electronics/zebronics-zeb-chime-wireless-earebuds-30hrs-backup-black/607622002
97623,,https://www.jiomart.com/p/electronics/zebronics-zeb-yoga-2-wireless-neckband/611329145
97626,,https://www.jiomart.com/p/electronics/nova-nht-1039-03-usb-trimmer-45-min-runtime-5-length-settings-green/600518169
97697,,https://www.jiomart.com/p/groceries/papaya-each/590001247
97854,,https://www.jiomart.com/p/groceries/shubhkart-darshana-puja-ghee-500-ml/608706903
97867,,https://www.jiomart.com/p/groceries/shubhkart-mouli/590105484
97910,,https://www.jiomart.com/p/groceries/d-lecta-cheese-slices-200-g-pouch/590946262
97913,,https://www.jiomart.com/p/groceries/d-lecta-cheddar-cheese-cubes-200-g-carton/590067383
97973,,https://www.jiomart.com/product/candzey-chatpati-candy-100-g-mffn4m-7530617
97980,,https://www.jiomart.com/p/groceries/candzey-pan-banarsi-candy-100-g/595419785
97990,,https://www.jiomart.com/p/groceries/anjali-stainless-steel-peeler-cum-scrapper-size-2/490014137
97992,,https://www.jiomart.com/p/groceries/stainless-steel-roti-chimta-tongs-and-multicolour-pack-of-1/597642359
97999,,https://www.jiomart.com/p/groceries/scotch-brite-super-strong-scrub-pad-2-pcs-7-x-10-cm/606797429
98004,,https://www.jiomart.com/p/groceries/anjali-stainless-steel-beater-21-cm/491208655
98165,,https://www.jiomart.com/p/groceries/sofy-antibacterial-hygiene-herbs-slim-sanitary-napkins-xl-28-pads/591013559
98166,,https://www.jiomart.com/p/groceries/sofy-anti-bacteria-sanitary-napkin-with-wings-xl-44-pads/590106298
98168,,https://www.jiomart.com/p/groceries/sofy-antibacterial-hygiene-herbs-slim-sanitary-napkins-xl-48-pads/591013560
982,,https://www.jiomart.com/p/groceries/bikaji-moong-dal-400-g/490005317
98217,,https://www.jiomart.com/p/groceries/boroplus-aloe-vera-gel-with-green-tea-200-ml/607171161
98581,,https://www.jiomart.com/p/groceries/himalaya-gentle-baby-soap-4x75g-buy-3-get-1-free/610026646?source=shoppingads&city=panindia_3p
98594,,https://www.jiomart.com/p/groceries/dnv-cumin-sabudana-papad-70-g/491488730
9869,,https://www.jiomart.com/p/groceries/haldiram-s-nagpur-aloo-bhujia-1-kg/490009549
99266,,https://www.jiomart.com/p/groceries/parle-20-20-gold-butter-cookies-604-8-g/609448158
9963,,https://www.jiomart.com/product/stayfree-advanced-all-night-ultra-soft-xxl-42-pcs-mffnbe-7545390
9990,,https://www.jiomart.com/p/groceries/tetley-ginger-mint-and-lemon-green-tea-bags-30-pcs-carton/490755304
103393,,https://www.jiomart.com/p/groceries/glow-lovely-advanced-multi-vitamin-cream-50-g/590084003
1049,,https://www.jiomart.com/product/bisk-farm-eat-fit-thin-arrowroot-biscuits-300-g-mffmtl-7507056
3154,,https://www.jiomart.com/p/groceries/prabhuji-by-the-house-of-haldiram-s-bhujia-400-g-pouch/491264825
70176,,https://www.jiomart.com/p/groceries/myfitness-original-crunchy-peanut-butter-510-gms/595322778
84395,,https://www.jiomart.com/p/groceries/patanjali-iodised-salt-1-kg/491231055
86207,,https://www.jiomart.com/product/dnv-kalai-bori-100-g-mffmuv-7509656
96344,,https://www.jiomart.com/p/groceries/joy-amla-and-black-shining-conditioning-paraben-free-shampoo-650ml-pack-of-1/602529725
9961,,https://www.jiomart.com/p/groceries/real-fruit-power-orange-juice-1-l/490001259
100268,,https://www.jiomart.com/p/groceries/doms-mini-water-colour-pens-12-shades/590980279
100966,,https://www.jiomart.com/p/groceries/mom-kerala-masala-banana-chips-55-g/612077710
101072,,https://www.jiomart.com/p/groceries/helios-canvas-shoe-polish-120-g/491390512
101504,,https://www.jiomart.com/p/groceries/dnv-garlic-paste-100-g/608494627
101519,,https://www.jiomart.com/p/groceries/cornitos-peri-peri-nacho-crisps-60-g/590033199
101555,,https://www.jiomart.com/p/groceries/jharna-ghee-250-g-bottle/490871079
101556,,https://www.jiomart.com/p/groceries/jharna-ghee-250-g-bottle/490871079
101557,,https://www.jiomart.com/p/groceries/jharna-ghee-250-g-bottle/490871079
101771,,https://www.jiomart.com/p/groceries/sunlight-matic-detergent-liquid-2-l/611152859
102049,,https://www.jiomart.com/p/groceries/vlcc-natural-sciences-natural-herbal-henna-hair-defense-120-g/608905190
102980,,https://www.jiomart.com/p/groceries/master-chow-red-chilli-sauce-200-g/611694904
102981,,https://www.jiomart.com/p/groceries/master-chow-green-chilli-sauce-190-g/611718891
102982,,https://www.jiomart.com/p/groceries/master-chow-dark-soya-sauce-210-g/611694943
103114,,https://www.jiomart.com/p/groceries/kellogg-s-multigrain-plus-corn-flakes-450g-power-of-5-grains-6-vitamins-high-iron-high-fibre-crunchy-delicious-protein-only-2-fat-breakfast-cereal/612133646
103260,,https://www.jiomart.com/p/groceries/aakash-soya-sticks-180-g/611169262
103392,,https://www.jiomart.com/p/groceries/dove-nourishing-bodywash-300-ml/612050320
103403,,https://www.jiomart.com/p/groceries/parachute-advansed-gold-keratin-coconut-hair-oil-300-ml/612582596
103695,,https://www.jiomart.com/p/groceries/india-gate-uplife-weight-watchers-multi-source-edible-oil-810-g/613075343?city=Sagar&pin=470001&source=fbads
103721,,https://www.jiomart.com/p/groceries/figaro-extra-virgin-olive-oil-1-l/590121233
103874,,https://www.jiomart.com/p/groceries/keya-easy-cook-macaroni-850-g/611237389
10391,,https://www.jiomart.com/p/groceries/comfort-after-wash-morning-fresh-fabric-conditioner-400-ml/590032223
104137,,https://www.jiomart.com/p/groceries/trishul-black-phenyle-1-l/602734372
104138,,https://www.jiomart.com/p/groceries/trishul-b-loo-toilet-bowl-cleaner-combo-pack-500-ml-500-ml/603034739
104252,,https://www.jiomart.com/p/groceries/lotus-biscoff-caramelized-cookie-225-g/612747548
1044,,https://www.jiomart.com/p/groceries/bisk-farm-snackies-biscuits-80-g/490066726
10771,,https://www.jiomart.com/p/groceries/glow-lovely-bb-cream-shade-1-18-g/605908345
10852,,https://www.jiomart.com/p/groceries/classmate-single-line-400-longbook-297x210/490792881
11324,,https://www.jiomart.com/p/groceries/pond-s-pure-white-anti-pollution-purity-face-wash-with-activated-charcoal-200-g/491420449
11487,,https://www.jiomart.com/p/groceries/keya-guilt-free-penne-rigate-pasta-1-kg/611139916
11521,,https://www.jiomart.com/p/groceries/taaza-masala-chaska-250-g/612145666
11596,,https://www.jiomart.com/p/groceries/classmate-single-line-long-notebook-172-pgs/590802831
11625,,https://www.jiomart.com/p/groceries/mangaldeep-anushri-puja-agarbatti-70-pcs/590116945
11910,,https://www.jiomart.com/p/groceries/hersheys-spreads-cocoa-almond-bottle-150-g/608496161
12031,,https://www.jiomart.com/p/groceries/faber-castell-child-safe-scissors-5-inches-3-yrs/590124306
1217,,https://www.jiomart.com/p/groceries/engage-m2-perfume-spray-for-men-120-ml/491252870
12315,,https://www.jiomart.com/p/groceries/nivea-pearl-and-beauty-radiance-roll-on-deodorant-50-ml/591268320
12861,,https://www.jiomart.com/p/groceries/livon-shake-spray-hair-serum-100-ml/491377313
12876,,https://www.jiomart.com/p/groceries/emami-heathy-tasty-strong-kacchi-ghani-mustard-oil-1-l/608853263
12994,,https://www.jiomart.com/p/groceries/amul-crunchy-peanut-spread-300-g/590324034
13283,,https://www.jiomart.com/p/groceries/mangaldeep-aggarbatti-sadhvi-100-sticks/491184792
13373,,https://www.jiomart.com/p/groceries/britannia-tiger-glucose-biscuits-60-g/590156883
13597,,https://www.jiomart.com/p/groceries/amul-creamy-peanut-spread-300-g/590324033
13711,,https://www.jiomart.com/product/fogg-napoleon-fragrance-body-spray-150-ml-mffn92-7540349
13712,,https://www.jiomart.com/p/groceries/fogg-extreme-fragrance-body-spray-150-ml/590123950
13735,,https://www.jiomart.com/p/groceries/kurkure-naughty-tomato-45-g/590033331
13786,,https://www.jiomart.com/product/lux-fresh-splash-bar-soap-with-water-lily-cooling-mint-100-g-mffn0f-7521644
14085,,https://www.jiomart.com/p/groceries/sunrise-pure-panch-phoran-50-g/590961033
14234,,https://www.jiomart.com/p/groceries/unibic-rich-chocolate-wafers-30-g/612145004
14469,,https://www.jiomart.com/p/groceries/wild-stone-ultra-sensual-after-shave-lotion-50-ml/590616842
14687,,https://www.jiomart.com/p/groceries/hershey-s-hot-chocolate-drink-powder-250-g/607054995
14732,,https://www.jiomart.com/product/india-gate-rozana-basmati-rice-5-kg-mffmxv-7516068
1557,,https://www.jiomart.com/product/doms-zoom-ultimate-dark-triangle-pencils-pack-of-10-designcolour-may-vary-mffn46-7529609
15649,,https://www.jiomart.com/p/groceries/sunrise-pure-methi-seeds-50-g/590961032
15771,,https://www.jiomart.com/p/groceries/nivea-men-fresh-active-original-deodorant-150-ml/490052704
1583,,https://www.jiomart.com/p/groceries/funfoods-pizza-topping-100-g/491458345
1613,,https://www.jiomart.com/p/groceries/cinthol-lime-refreshing-deo-soap-75-g-pack-of-4/590119932
16308,,https://www.jiomart.com/p/groceries/sunrise-mustard-powder-40-g/590033515
16376,,https://www.jiomart.com/p/groceries/sunrise-pure-turmeric-powder-100-g/591026756
23224,,https://www.jiomart.com/p/groceries/sunrise-pure-yellow-mustard-50-g/590961055
23404,,https://www.jiomart.com/product/plus-black-liquid-disinfectant-phenyle-450ml-pack-of-2-mi8she-19283947
23481,,https://www.jiomart.com/p/groceries/catch-super-garam-masala-100-g/590306832
23482,,https://www.jiomart.com/p/groceries/ganesh-chana-sattu-500-g/490064851
23507,,https://www.jiomart.com/p/groceries/flair-creative-student-stationery-kit/612151380
23882,,https://www.jiomart.com/p/groceries/act-ii-tomato-nachoz-60-g/590033053
2504,,https://www.jiomart.com/p/groceries/everest-black-pepper-powder-100-g/603923188
2567,,https://www.jiomart.com/p/groceries/sunrise-chicken-curry-masala-50-g/590033459
2702,,https://www.jiomart.com/p/groceries/engine-mustard-oil-1-l-bottle/490005536
27270,,https://www.jiomart.com/p/groceries/organic-tattva-brown-sugar-500-g/491229664
27393,,https://www.jiomart.com/p/groceries/lotus-herbals-neem-clove-purifying-face-wash-with-active-neem-slices-120-g/490959187
27554,,https://www.jiomart.com/p/groceries/pran-litchi-fruit-drink-125-ml/609453192
27729,,https://www.jiomart.com/product/ganesh-chakki-whole-wheat-atta-1-kg-mffn4c-7529962
28101,,https://www.jiomart.com/p/groceries/sunrise-pure-chaat-masala-50-g/591026755
28934,,https://www.jiomart.com/p/groceries/dnv-red-chilli-powder-100-g/491276739
29208,,https://www.jiomart.com/p/groceries/sunrise-pure-saunf-50-g/590961052
29262,,https://www.jiomart.com/p/groceries/britannia-treat-jim-jam-biscuits-62-g/590836130
29386,,https://www.jiomart.com/p/groceries/good-home-divine-room-freshener-spray-160-g/590849127
29860,,https://www.jiomart.com/product/morton-ghee-500-ml-jar-mffmya-7516935
29867,,https://www.jiomart.com/product/morton-cow-ghee-100-ml-jar-mffmt3-7506002
29940,,https://www.jiomart.com/p/groceries/joy-skin-fruit-softeing-glow-face-wash-50-ml/590122576
30606,,https://www.jiomart.com/p/groceries/bisleri-packaged-drinking-water-5-l/490007755
3206,,https://www.jiomart.com/p/groceries/smith-jones-ginger-garlic-paste-30-g/590116932
3207,,https://www.jiomart.com/p/groceries/smith-jones-mutter-paneer-masala-100-g/590034198
3265,,https://www.jiomart.com/p/groceries/everest-coriander-powder-500-g/490010539
32956,,https://www.jiomart.com/p/groceries/sunrise-pure-kasuri-methi-25-g/591038547
3470,,https://www.jiomart.com/p/groceries/wild-stone-ultra-sensual-deodorant-soap-75-g/590810555
34741,,https://www.jiomart.com/p/groceries/shalimar-s-coconut-oil-100-ml/490563210
34759,,https://www.jiomart.com/p/groceries/sunrise-pure-kala-jeera-50-g/591026753
3538,,https://www.jiomart.com/p/groceries/fem-fairness-naturals-pearl-creme-bleach-with-no-ammonia-24-g/590113299
3552,,https://www.jiomart.com/p/groceries/gillette-presto-razor-buy-3-get-1-free/590568962
3560,,https://www.jiomart.com/p/groceries/godrej-nupur-pure-henna-mehendi-12-g/612217050
36820,,https://www.jiomart.com/p/groceries/fogg-absolute-fragrance-body-spray-150-ml/590123951
3691,,https://www.jiomart.com/p/groceries/old-spice-musk-after-shave-lotion-50-ml/590878293
3712,,https://www.jiomart.com/product/vicco-narayani-ayurvedic-natural-pain-reliever-cream-30g-pack-of-2-mnx4qu-78778015
37239,,https://www.jiomart.com/p/groceries/fiama-bearberry-blackcurrant-gel-bar-125-g-pack-of-3/490999971
4082,,https://www.jiomart.com/p/groceries/mangaldeep-marigold-agarbatti-10-sticks/590033232
4083,,https://www.jiomart.com/p/groceries/pitambari-deepshakti-diya-and-lamps-pooja-oil-900-ml/590141064
4124,,https://www.jiomart.com/product/himalaya-gentle-baby-soap-75-g-pack-of-4-mffnay-7544448
4241,,https://www.jiomart.com/p/groceries/good-home-drain-cleaner-50-g/590087100
4250,,https://www.jiomart.com/p/groceries/lizol-disinfectant-surface-floor-cleaner-liquid-neem-500-ml/590034281
43033,,https://www.jiomart.com/p/groceries/organic-tattva-natural-himalayan-black-salt-kala-namak-500-g/590127038
43115,,https://www.jiomart.com/p/groceries/sunrise-pure-shorshe-posto-powder-50-g/590961048
43535,,https://www.jiomart.com/product/joy-aloe-vera-serum-body-lotion-for-24-hour-moisturization-in-summers-for-oily-skin-300ml-mj6zzv-49833569
4387,,https://www.jiomart.com/p/groceries/skore-banana-flavoured-condoms-10-pcs/590113589
4410,,https://www.jiomart.com/p/groceries/dove-shea-butter-warm-vanilla-scent-nourishing-handwash-220-ml/491465276
46646,,https://www.jiomart.com/p/groceries/engage-w3-perfume-spray-for-women-120-ml/590087071
4763,,https://www.jiomart.com/p/groceries/doms-y1-super-dark-pencil-10-pcs/491555949
4920,,https://www.jiomart.com/p/groceries/eno-orange-5-g/612145706?source=fbads&city=Mumbai&pin=400008
4958,,https://www.jiomart.com/p/groceries/johnson-s-baby-cream-50-g/590105641
5142,,https://www.jiomart.com/p/groceries/patanjali-special-chyawanprash-500-g/590087364
67141,,https://www.jiomart.com/p/groceries/pran-potata-spicy-biscuit-100-g/590583114
67159,,https://www.jiomart.com/product/britannia-50-50-sweet-salty-biscuits-188-g-mffn24-7525321
68020,,https://www.jiomart.com/p/groceries/dnv-poppy-seeds-100-g/491276745
68660,,https://www.jiomart.com/p/groceries/jk-black-pepper-50-g/590124305
68664,,https://www.jiomart.com/p/groceries/jk-kalajeera-50-g/590322165
68699,,https://www.jiomart.com/p/groceries/sunrise-aloo-dum-masala-50-g/590033458
68729,,https://www.jiomart.com/product/morton-pure-ghee-200-ml-mffnap-7543852
68762,,https://www.jiomart.com/p/groceries/nataraj-621-plasto-eraser-pack-of-20/612151744
68930,,https://www.jiomart.com/p/groceries/balaji-masala-wheelos-45-g/595152105
69282,,https://www.jiomart.com/p/groceries/aakash-ratlami-sev-350-g/490052799
69633,,https://www.jiomart.com/p/groceries/fanta-orange-flavour-1-l/612165450
69709,,https://www.jiomart.com/p/groceries/lux-water-lily-cooling-mint-fresh-splash-100-g-buy-4-get-1-free/590116232
69728,,https://www.jiomart.com/p/groceries/gala-cotton-t-mop/590364567
70328,,https://www.jiomart.com/p/groceries/organic-tattva-bajra-flour-500-g/590306783
70341,,https://www.jiomart.com/p/groceries/gala-super-hockey-shape-toilet-brush-assorted/590411008
70437,,https://www.jiomart.com/p/groceries/pran-litchi-fruit-drink-125-ml/609453192
708,,https://www.jiomart.com/product/afghani-farm-black-pepper-cashews-kaju-roasted-and-spiced-crunchy-masala-kaju-snack-rich-in-protein-premium-flavored-cashew-nuts-for-healthy-snacking-and-anytime-munching-100g-mj9tyj-61896205
71094,,https://www.jiomart.com/p/groceries/organic-tattva-super-grains-foxtail-millet-500-g/590127039
73321,,https://www.jiomart.com/p/groceries/joy-skin-fruits-gentle-apricot-face-scrub-200-ml/491061280
74191,,https://www.jiomart.com/product/good-life-premium-miniket-rice-26-kg-mffmzl-7519047
74395,,https://www.jiomart.com/p/groceries/lifebuoy-turmeric-honey-nature-protect-soap-100-g-x-4/612147843
75266,,https://www.jiomart.com/product/britannia-50-50-sweet-salty-biscuits-188-g-mffn24-7525321
75483,,https://www.jiomart.com/p/groceries/flair-ezee-click-ball-pen-blue-pack-of-5/612151295
75512,,https://www.jiomart.com/p/groceries/bambino-premium-penne-pasta-500-g/490005657
77142,,https://www.jiomart.com/p/groceries/jk-green-bay-leaf-50-g/590322161
78119,,https://www.jiomart.com/p/groceries/exo-anti-bacterial-scrub-pad-10-cm-x-7-cm/590365792
78552,,https://www.jiomart.com/p/groceries/good-life-ragi-flour-500-g/491208741?source=fbads&city=Tirupati&pin=517517
78760,,https://www.jiomart.com/p/groceries/mukharochak-7-pm-premium-channa-chur-200-g/590033287
78762,,https://www.jiomart.com/p/groceries/mukharochak-nimki-200-g/490476429
78797,,https://www.jiomart.com/p/groceries/dnv-turmeric-powder-100-g/491276732
79016,,https://www.jiomart.com/p/groceries/dnv-jeera-500-g/491276713
79397,,https://www.jiomart.com/p/groceries/fortune-premium-kachi-ghani-mustard-oil-500-ml-bottle/490012709
80011,,https://www.jiomart.com/p/groceries/khadi-natural-sandalwood-soap-125-g/590313314
8031,,https://www.jiomart.com/p/groceries/good-home-aroma-sweet-lavender-perfumed-air-freshener-10-g/590996457
81590,,https://www.jiomart.com/p/groceries/lalbaba-premium-miniket-rice-10-kg/590505678
833,,https://www.jiomart.com/p/groceries/act-ii-cheese-nachoz-60-g/590033054
83319,,https://www.jiomart.com/p/groceries/beardo-maverick-perfume-bodyspray-150-ml/610958635
834,,https://www.jiomart.com/p/groceries/act-ii-jalapeno-nachoz-60-g/590033052
83958,,https://www.jiomart.com/p/groceries/pampers-happy-skin-pants-l-4-count-9-14-kg/590860203
84666,,https://www.jiomart.com/p/groceries/sunrise-pure-black-pepper-powder-50-g/590961038
84676,,https://www.jiomart.com/p/groceries/dabur-gur-awaleha-chyawanprash-900-g/596407812
8481,,https://www.jiomart.com/p/groceries/lifeboy-total-10-advanced-protection-handwash-80-ml/612145450
84991,,https://www.jiomart.com/p/groceries/classmate-archimedes-geometry-box/590484946
85729,,https://www.jiomart.com/p/groceries/classmate-asteroid-mathematical-drawing-instruments/590321565
86221,,https://www.jiomart.com/p/groceries/daawat-rozana-gold-basmati-rice-1-kg/490000002
8626,,https://www.jiomart.com/p/groceries/himalaya-baby-massage-oil-50-ml/590945247
86781,,https://www.jiomart.com/product/parle-real-elaichi-premium-rusk-2912-g-pack-mffn4k-7530424
87408,,https://www.jiomart.com/p/groceries/colgate-minions-extra-soft-kids-toothbrush-5-years/491373517
89746,,https://www.jiomart.com/p/groceries/lalbaba-premium-miniket-rice-10-kg/590505678
90085,,https://www.jiomart.com/p/groceries/del-monte-spirali-pasta-500-g/490563307
90986,,https://www.jiomart.com/p/groceries/faber-castell-wooden-paint-brush-set-of-4/612151385
91240,,https://www.jiomart.com/p/groceries/mamaearth-multani-mitti-face-wash-100-ml/611123538?source=fbads&city=Latur&pin=413512
91392,,https://www.jiomart.com/p/groceries/organic-tattva-white-sonamasuri-rice-1-kg/590126979
91927,,https://www.jiomart.com/p/groceries/paperkraft-hard-cover-single-line-notebook-192-pgs/590778578
93828,,https://www.jiomart.com/p/groceries/joy-ubtan-tan-removal-and-blemish-minimizing-face-wash-150-ml/603893620
95263,,https://www.jiomart.com/p/groceries/dnv-yellow-mustard-seeds-100-g/491276720
95264,,https://www.jiomart.com/p/groceries/dnv-jeera-100-g/491276711
95268,,https://www.jiomart.com/p/groceries/dnv-red-chilli-powder-100-g/491276739
95269,,https://www.jiomart.com/p/groceries/dnv-red-mustard-seeds-100-g/491276719
95271,,https://www.jiomart.com/p/groceries/dnv-black-pepper-50-g/491276747
95272,,https://www.jiomart.com/p/groceries/dnv-panch-foran-100-g/491276725
95273,,https://www.jiomart.com/p/groceries/dnv-saunf-100-g/491276723
95275,,https://www.jiomart.com/p/groceries/dnv-sabudana-250-g/590370034
95277,,https://www.jiomart.com/p/groceries/dnv-elachi-50-g/608592108
95281,,https://www.jiomart.com/p/groceries/dnv-whole-garam-masala-50-g/491276755
95284,,https://www.jiomart.com/p/groceries/dnv-tej-patta-100-g/491276761
95286,,https://www.jiomart.com/p/groceries/dnv-ginger-garlic-paste-100-g/590835929
95289,,https://www.jiomart.com/p/groceries/dnv-jeera-powder-100-g/609006275
95293,,https://www.jiomart.com/p/groceries/dnv-dry-whole-red-chilli-100-g/491276743
95294,,https://www.jiomart.com/p/groceries/dnv-disco-papad-200-g/590820627
95296,,https://www.jiomart.com/p/groceries/dnv-chana-masala-papad-200-g/590362310
95789,,https://www.jiomart.com/product/lalbaba-traditional-taste-superior-miniket-rice-10-kg-mffmwr-7513651
95790,,https://www.jiomart.com/product/lalbaba-superior-banskati-rice-10-kg-mffn5j-7532606
95797,,https://www.jiomart.com/p/groceries/mukharochak-special-papri-150-g/490476413
95810,,https://www.jiomart.com/product/mukharochak-chaal-bhaja-200-g-mffn7h-7536844
95811,,https://www.jiomart.com/p/groceries/mukharochak-chaal-bhaja-100-g/609450056
95815,,https://www.jiomart.com/product/mukharochak-chira-bhaja-200-g-mffmvu-7511771
95824,,https://www.jiomart.com/p/groceries/jk-chat-masala-100-g/491071735
95846,,https://www.jiomart.com/p/groceries/jk-green-cardamom-25-g/491227687
95848,,https://www.jiomart.com/p/groceries/jk-clove-25-g/491227688
95856,,https://www.jiomart.com/p/groceries/jk-kasuri-methi-25-g/590322138
95907,,https://www.jiomart.com/p/groceries/sundrop-peanut-butter-with-honey-crunchy-300-g/611169211
96397,,https://www.jiomart.com/product/khadi-natural-sandalwood-herbal-soap-125-g-mffmw7-7512541
96521,,https://www.jiomart.com/product/shubkart-nirmal-loban-dry-masala-agarbatti-125-g-mieeag-24057343
96527,,https://www.jiomart.com/p/groceries/shubhbkart-nirmal-pink-rose-agarbatti-10-g/612145095
96540,,https://www.jiomart.com/p/groceries/whiskers-ronin-deodorant-spray-150-ml/590448193
96541,,https://www.jiomart.com/p/groceries/whiskers-satan-deodorant-spray-150-ml/590448194
96576,,https://www.jiomart.com/p/groceries/knorr-green-chilli-sauce-200-g/607184176
96772,,https://www.jiomart.com/p/groceries/chakaachak-floor-squeegee-wiper/590067027
96774,,https://www.jiomart.com/p/groceries/chakaachak-mini-cloth-brush/612132550
97403,,https://www.jiomart.com/p/groceries/dnv-green-chilli-pickle-200-g/590874144
97835,,https://www.jiomart.com/p/groceries/mom-kerala-cheese-masala-banana-chips-55-g/612077706
97846,,https://www.jiomart.com/p/groceries/mom-sriracha-traditionally-roasted-peanuts-140-g/611920081
97912,,https://www.jiomart.com/p/groceries/d-lecta-cheese-block-200-g-carton/590049078
97949,,https://www.jiomart.com/p/groceries/rangeela-glitter-6-shades/590032784
97993,,https://www.jiomart.com/p/groceries/anjali-round-stainless-steel-table-ring-14-cm/491208646
97994,,https://www.jiomart.com/p/groceries/anjali-stainless-steel-table-ring-16-cm/491208647
97997,,https://www.jiomart.com/p/groceries/anjali-square-stainless-steel-cutlery-stand-13-cm/491208657
98000,,https://www.jiomart.com/p/groceries/3m-post-it-notes-3x3-100-sheets/590032727
98467,,https://www.jiomart.com/p/groceries/dnv-green-chilli-sauce-90g/612175202
98468,,https://www.jiomart.com/p/groceries/dnv-mustard-kasundi-culinary-sauce-85-g/612429404
98469,,https://www.jiomart.com/p/groceries/dnv-non-fermented-soya-sauce-90-g/612203324
98470,,https://www.jiomart.com/p/groceries/dnv-tomato-ketchup-90-g/612150843
99161,,https://www.jiomart.com/p/groceries/mayurank-coconut-powder-100-g/490793227
99282,,https://www.jiomart.com/p/groceries/mayurank-cutting-mishri-100-g/490793283
99283,,https://www.jiomart.com/p/groceries/mayurank-cutting-mishri-100-g/490793283
99284,,https://www.jiomart.com/p/groceries/mayurank-plain-mishri-250-g/490793284
99285,,https://www.jiomart.com/p/groceries/mayurank-nakul-dana-100-g/490793285
99286,,https://www.jiomart.com/p/groceries/mayurank-nakul-dana-250-g/490793286
9945,,https://www.jiomart.com/p/groceries/navratna-cool-ayurvedic-hair-oil-50-ml/590103111
100443,,https://www.jiomart.com/p/groceries/nakoda-ratlami-sev-400-g/609466036
100449,,https://www.jiomart.com/p/groceries/nakoda-elaichi-soan-papdi-400g/612556403
100458,,https://www.jiomart.com/p/groceries/mcvities-tasties-butter-jeera-cookies-464-g/612081091
103261,,https://www.jiomart.com/p/groceries/aakash-sohan-papdi-400-g/613133890
103264,,https://www.jiomart.com/p/groceries/aakash-raita-boondi-150-g/590033025
103386,,https://www.jiomart.com/p/groceries/brooke-bond-tazaa-masala-chaska-tea-500-g/590829886
103867,,https://www.jiomart.com/p/groceries/nakoda-elaichi-soan-papdi-400g/612556403
103935,,https://www.jiomart.com/p/groceries/neeraj-mix-pickle-1-kg/609446751
103936,,https://www.jiomart.com/p/groceries/neeraj-rajasthani-athana-mirchi-200-g-pouch/610077481
103937,,https://www.jiomart.com/p/groceries/neeraj-mango-pickle-200-g/609446949
103938,,https://www.jiomart.com/p/groceries/neeraj-mix-pickle-500-g/609446756
11687,,https://www.jiomart.com/p/groceries/haldiram-s-nagpur-punjabi-tadka-namkeen-150-g/590033215
12224,,https://www.jiomart.com/p/groceries/daawat-quick-cooking-wholegrain-goodness-brown-basmati-rice-1-kg/608179240
13274,,https://www.jiomart.com/p/groceries/shree-peanut-chikki-100-g/596405079
13281,,https://www.jiomart.com/p/groceries/haldiram-delhi-dal-biji-200-g/609030100
13349,,https://www.jiomart.com/p/groceries/shree-peanut-chikki-100-g/596405079
13448,,https://www.jiomart.com/p/groceries/haldiram-s-nagpur-salted-peanut-35-g/610080327
13533,,https://www.jiomart.com/p/groceries/everest-chicken-biryani-masala-powder-50-g/602272881
1394,,https://www.jiomart.com/p/groceries/cycle-om-shanthi-pure-camphor-25-n/606726302
27566,,https://www.jiomart.com/p/groceries/cadbury-dairy-milk-shots-chocolate-58-pcs-3-6-g/612147363
28473,,https://www.jiomart.com/p/groceries/hareli-refined-rice-bran-oil-1-l/609836027
370,,https://www.jiomart.com/p/groceries/sugar-s-2-kg/590112902
4218,,https://www.jiomart.com/p/groceries/yardley-london-english-lavender-fragrant-handwash-800-ml/590334183
4277,,https://www.jiomart.com/p/groceries/savlon-deep-clean-handwash-750-ml/611019855
46933,,https://www.jiomart.com/p/groceries/nisha-herbal-care-silky-shiny-natural-heena-based-hair-color-natural-black-25-g/590317028
66464,,https://www.jiomart.com/p/groceries/balaji-cream-onion-wafers-135-g/490868180
66465,,https://www.jiomart.com/p/groceries/balaji-magic-masala-wafers-150-g/490025529
67850,,https://www.jiomart.com/p/groceries/loose-kalimunch-raw-rice-1-kg/490201492
68178,,https://www.jiomart.com/p/groceries/lal-gulab-kachi-ghani-mustard-oil-1-l/610794329
68179,,https://www.jiomart.com/p/groceries/lal-gulab-kachi-ghani-mustard-oil-1-l/610794329
68848,,https://www.jiomart.com/p/groceries/silver-coin-traditional-chakki-atta-5-kg/490031707
70333,,https://www.jiomart.com/p/groceries/silver-coin-maida-500-g/490031698
70848,,https://www.jiomart.com/p/groceries/vachan-pure-cow-ghee-500-ml-jar/590334467
71839,,https://www.jiomart.com/p/groceries/agrawal-s-420-punjabi-masala-papad-200-g/490033943
71854,,https://www.jiomart.com/p/groceries/daawat-rozana-gini-70-basmati-rice-10-kg/491071402
72026,,https://www.jiomart.com/p/groceries/lal-gulab-kachi-ghani-mustard-oil-1-l/610794329
72070,,https://www.jiomart.com/p/groceries/sunder-jeera-super-salty-biscuits-250-g/590969994
72071,,https://www.jiomart.com/p/groceries/sunder-kaju-biscuits-275-g/590841136
72148,,https://www.jiomart.com/p/groceries/dhara-refined-sunflower-oil-5-l-jar/490012730
72365,,https://www.jiomart.com/p/groceries/vachan-pure-cow-ghee-500-ml-jar/590334467
72366,,https://www.jiomart.com/p/groceries/vachan-pure-cow-ghee-500-ml-jar/590334467
73549,,https://www.jiomart.com/p/groceries/agrawal-s-420-sada-papad-200-g/490033945
75409,,https://www.jiomart.com/p/groceries/silver-coin-suji-500-g/490031702
75421,,https://www.jiomart.com/p/groceries/silver-coin-high-protein-daliya-500-g/490031704
76928,,https://www.jiomart.com/p/groceries/silver-coin-besan-500-g/491023003
77678,,https://www.jiomart.com/p/groceries/shree-tilli-chikki-90-g/596405076
77835,,https://www.jiomart.com/p/groceries/daawat-rozana-niki-40-basmati-rice-10-kg/490863723
78590,,https://www.jiomart.com/p/groceries/doms-zoom-15-cm-scale-pack-of-10/590109477
79726,,https://www.jiomart.com/p/groceries/aakash-sohan-papdi-400-g/613133890
8309,,https://www.jiomart.com/p/groceries/haldiram-s-nagpur-mini-samosa-200-g/490617277
83320,,https://www.jiomart.com/p/groceries/beardo-iceman-long-lasting-deo-spray-150-ml/612744171
8534,,https://www.jiomart.com/p/groceries/pro-ease-go-sanitary-pad-xl-pack-of-18-pads/611952735
85376,,https://www.jiomart.com/p/groceries/shree-peanut-chikki-100-g/596405079
88518,,https://www.jiomart.com/product/haldirams-nagpur-all-in-one-mixture-200-g-mffn2j-7526144
94351,,https://www.jiomart.com/p/groceries/sunder-jaggy-marie-biscuit-300-g/609230748
95475,,https://www.jiomart.com/p/groceries/bekko-disposable-food-wrapping-paper-20-mtr/608886242
9628,,https://www.jiomart.com/p/groceries/exo-stainless-steel-scrubber/590369986
96398,,https://www.jiomart.com/p/groceries/khadi-natural-lemon-soap-125-g/613140932
96843,,https://www.jiomart.com/p/groceries/nisha-herbal-care-silky-shiny-natural-heena-based-hair-color-natural-brown-25-g/590316965
99808,,https://www.jiomart.com/p/groceries/anchor-white-all-round-protection-toothpaste-450-g-buy-2-get-1-free/590808113
99809,,https://www.jiomart.com/p/groceries/anchor-pro-clean-toothbrush-pack-of-3/590838670
4253,,https://www.jiomart.com/product/nimyle-lemongrass-floor-cleaner-890-ml-mieda3-24044135
2730,,https://www.jiomart.com/product/glucon-d-tangy-orange-450-g-mffna0-7542339
13297,,https://www.jiomart.com/product/bambino-elbow-macaroni-pasta-400-g-mffmy8-7516851
27419,,https://www.jiomart.com/product/engine-brand-kachi-ghani-mustard-oil-1-l-pouch-mffn64-7533884
33266,,https://www.jiomart.com/product/trimbakeshwar-bhog-whole-wheat-atta-10kg-mj764x-50861285
37961,,https://www.jiomart.com/product/lion-seeded-dates-500-g-mffn84-7538329
103414,,https://www.jiomart.com/product/guju-food-plain-sev-murmura-500g-crunchy-indian-namkeen-snack-sev-mamra-mixture-ready-to-eat-light-tea-time-snack-traditional-crispy-puffed-rice-namkeen-mo43cn-80717005
756,,https://www.jiomart.com/product/gustora-macaroni-pasta-500-gm-i-macroni-pasta-made-of-durum-wheat-semolina-i-rich-in-protein-fibre-i-zero-cholesterol-i-vegetarian-i-no-trans-fat-i-cooking-time-10-min-500g-mi8spv-19288541
4499,,https://www.jiomart.com/product/scotch-brite-stainless-steel-scrub-and-scrub-pad-1pc-1-pcs-69-cm-x-101-cm-mffn4k-7530468
8066,,https://www.jiomart.com/product/tide-plus-jasmine-rose-detergent-washing-powder-1-kg-mief5w-24069950
12911,,https://www.jiomart.com/product/lion-arabian-dates-500-g-milclj-31049844
18175,,https://www.jiomart.com/product/navratna-cool-talc-active-deo-long-lasting-freshness-fragrance-400gm-mi8sha-19283842
46825,,https://www.jiomart.com/product/good-life-kachi-ghani-mustard-oil-1-l-pouch-mffnb4-7544818
66133,,https://www.jiomart.com/product/trimbakeshwar-bhog-whole-wheat-atta-5-kg-stone-ground-traditional-flour-mja5xe-62655812
96345,,https://www.jiomart.com/product/joy-skin-fruits-spots-tan-clear-face-wash-200ml-suitable-for-all-skin-types-ml52iy-72863854
102071,,https://www.jiomart.com/product/parle-premium-elaichi-rusk-1-kg-mffmy8-7516832
82804,,https://www.jiomart.com/product/little-sparsh-easy-dry-feel-baby-diaper-pants-with-12-hrs-absorption-m-30-pieces-mj76hk-50886141
2734,,https://www.jiomart.com/product/glucon-d-tangy-orange-450-g-mffna0-7542339
92258,,https://www.jiomart.com/product/britannia-treat-choco-creme-wafers-biscuit-55-g-mfphy1-7571329
97406,,https://www.jiomart.com/product/dnv-shahi-masala-papad-180-g-mffmu4-7508094
86209,,https://www.jiomart.com/product/dnv-shahi-masala-papad-180-g-mffmu4-7508094
46951,,https://www.jiomart.com/product/pramod-soan-papdi-400g-mg563f-7656821
99839,,https://www.jiomart.com/product/7-up-nimbooz-lemon-flavor-drink-350-ml-mffn8t-7539816
9878,,https://www.jiomart.com/product/rajasthani-shree-ann-farmi-wheat-atta-5kg-mj75j3-50823370
11967,,https://www.jiomart.com/product/vfpl-basmati-rice-1kg-mj75iy-50822860
90024,,https://www.jiomart.com/product/nanheram-premium-natural-almonds-250g-whole-badam-nuts-crunchy-healthy-dry-fruits-rich-in-nutrients-fresh-almond-kernels-for-snacking-cooking-baking-and-daily-nutrition-pack-of-1-mnn5jz-78039379
3287,,https://www.jiomart.com/product/everest-shahi-biryani-masala-50-g-mffn0y-7522819
90025,,https://www.jiomart.com/product/garni-tulsi-seeds-100g-sabja-seeds-basil-seeds-raw-falooda-drink-ingredient-basil-seeds-100-g-pack-of-2-mnu24z-78725495
658,,https://www.jiomart.com/product/kisaan-gold-premium-quality-besan-500g-made-from-100-pure-chana-dal-ideal-for-snacks-sweets-savoury-dishes-pack-of-3-mj74vh-50709075
8508,,https://www.jiomart.com/product/parrot-panch-phoran-100-g-miedst-24049665
14206,,https://www.jiomart.com/product/haldirams-nagpur-farali-chiwda-200-g-mffn3y-7529085
99894,,https://www.jiomart.com/product/loose-toor-dal-1-kg-mffn3i-7528108
10103,,https://www.jiomart.com/product/loose-hmt-kolam-rice-1-kg-mffn49-7529801
95456,,https://www.jiomart.com/product/loose-hmt-kolam-rice-1-kg-mffn49-7529801
90233,,https://www.jiomart.com/product/loose-hmt-kolam-rice-1-kg-mffn49-7529801
93951,,https://www.jiomart.com/product/loose-hmt-kolam-rice-1-kg-mffn49-7529801
95369,,https://www.jiomart.com/product/loose-hmt-kolam-rice-1-kg-mffn49-7529801
3436,,https://www.jiomart.com/product/himalaya-gentle-baby-shampoo-with-hibiscus-chickpea-100-ml-mffmxs-7515906
703,,https://www.jiomart.com/product/grano-organico-100-pure-natural-premium-kabuli-chana-chhole-500g-pouch-mj76pp-50903416
5005,,https://www.jiomart.com/product/patanjali-dant-kanti-natural-toothpaste-100-g-mffn2o-7526391
104310,,https://www.jiomart.com/product/ahaar-500gm-red-malka-masoor-dal-mi8sye-19293869
736,,https://www.jiomart.com/product/natrixeed-dhaga-mishri-rock-sugar-pure-thread-crystal-thread-mishri-mishri-crystal-250g-mi95qz-19669973
2727,,https://www.jiomart.com/product/patanjali-herbal-wash-with-neem-extract-and-rose-fragnance-detergent-powder-900-g-mo7cm4-81190864
29893,,https://www.jiomart.com/product/om-annapurna-kesri-mirch-sendha-namak-1kg-natural-rock-salt-mp83il-93242588
749,,https://www.jiomart.com/product/glowing-farmer-best-quality-raw-peanut-500g-mungfali-dana-whole-singdana-mi985x-19749231
9999,,https://www.jiomart.com/product/mdh-meat-ka-masala-100-g-mffn2l-7526222
38841,,https://www.jiomart.com/product/nourish-you-organic-roasted-pumpkin-seeds-gluten-free-protein-rich-healthy-snacks-pack-of-1-100g-mi8ty8-19319039
12391,,https://www.jiomart.com/product/br-cart-premium-golden-raisins-pilli-kismis-yellow-kishmish-kismis-daakh-dakha-dried-grapes-raisins-mj75ek-50801726
38839,,https://www.jiomart.com/product/nourish-you-roasted-sunflower-seeds-rich-in-protein-healthy-snacks-gluten-free-pack-of-1-100g-mi8udr-19332701
43132,,https://www.jiomart.com/product/grano-organico-100-pure-natural-premium-urad-dal-500g-pouch-mj75ir-50822254
93141,,https://www.jiomart.com/product/aakash-roasted-chana-500g-chickpeas-bhuna-chana-roasted-mja61n-62661948
77792,,https://www.jiomart.com/product/ahaar-500gm-mix-dal-pulses-mj74uh-50705150
104795,,https://www.jiomart.com/product/senu-cleaning-kit-3in1-toilet-cleaner-1l-floor-cleaner-citronella-1l-dishwash-liquid-750-ml-mja68i-62696282
104797,,https://www.jiomart.com/product/senu-classic-floor-cleaner-natural-pine-5l-mj73qx-50525275
104798,,https://www.jiomart.com/product/senu-fabric-whitener-for-stubborn-stains-500-ml-each-pack-of-3-mi8xjb-19423029
82095,,https://www.jiomart.com/product/rice-villa-wazir-26-kg-1121-xxl-steam-biriyani-special-basmati-rice-mi9hec-20011788
82420,,https://www.jiomart.com/product/rice-villa-wazir-26-kg-1121-xxl-steam-biriyani-special-basmati-rice-mi9hec-20011788
99701,,https://www.jiomart.com/product/rice-villa-royal-old-steam-biriyani-rice-5kg-pack-of-5-1kg-each-mi90un-19514297
1039,,https://www.jiomart.com/product/bisk-farm-top-gold-biscuits-200-g-mffmvp-7511468
1040,,https://www.jiomart.com/product/bisk-farm-top-herbs-biscuits-200-g-mlsdez-73471637
8706,,https://www.jiomart.com/product/bisk-farm-the-top-butter-biscuits-200-g-mffn4k-7530403
11760,,https://www.jiomart.com/product/bisk-farm-sugar-free-cream-crackers-300-g-mffmvq-7511514
10289,,https://www.jiomart.com/product/lays-american-style-cream-onion-potato-chips-48-g-mffmt9-7506331
104790,,https://www.jiomart.com/product/senu-fabric-conditioner-and-softner-for-extra-fluffy-soft-fabric-after-wash-qty-500-ml-mi95fg-19658122
104792,,https://www.jiomart.com/product/senu-cleaning-pack-toilet-cleaner-1lx2-floor-cleaner-1l-disinfectant-surface-cleaner-975-ml-mj71g1-50019697
104793,,https://www.jiomart.com/product/senu-cleaning-pack-toilet-cleaner-1lx2-floor-cleaner-1l-disinfectant-surface-cleaner-975-ml-mj71g1-50019697
2732,,https://www.jiomart.com/product/glucon-d-orange-1-kg-mffmyk-7517556
8437,,https://www.jiomart.com/product/glucon-d-orange-1-kg-mffmyk-7517556
95819,,https://www.jiomart.com/product/mukharochak-nimki-200-g-mffmsh-7504422
69471,,https://www.jiomart.com/product/joy-apricot-and-peach-long-and-silky-conditioning-paraben-free-shampoo-340ml-pack-of-2-mj705l-49844016
99163,,https://www.jiomart.com/product/changezi-s-sulemani-kala-namak-himalayan-black-salt-bire-noon-bit-loona-bit-lobon-kala-loon-sanchal-guma-loon-pada-loon-black-salt-pure-unrefined-salt-100gm-4pack-mjhfoo-67759734
100600,,https://www.jiomart.com/product/millet-mania-jaggery-powder-500g-100-natural-desi-gud-powder-chemical-free-unrefined-mjgwjz-67582252
97500,,https://www.jiomart.com/product/campa-lemon-500-ml-mffmy3-7516565
102056,,https://www.jiomart.com/product/campa-lemon-500-ml-mffmy3-7516565
103537,,https://www.jiomart.com/product/gopal-premium-quality-banskathi-rice-26-kg-mi8ylq-19456461
5120,,https://www.jiomart.com/product/britannia-nutrichoice-sugar-free-cracker-295-g-mffn5f-7532352
66301,,https://www.jiomart.com/product/rasna-insta-orange-instant-drink-powder-750-g-mfphvx-7566048
66302,,https://www.jiomart.com/product/rasna-insta-orange-instant-drink-powder-750-g-mfphvx-7566048
26556,,https://www.jiomart.com/product/real-fruit-power-orange-juice-1-l-mffmuf-7508751
95287,,https://www.jiomart.com/product/emami-heathy-tasty-strong-kacchi-ghani-mustard-oil-825-g-mfpi1l-7579279
104500,,https://www.jiomart.com/product/kps-kitchen-king-fortified-whole-wheat-chakki-atta-with-fibre-1kg-traditional-chakki-milled-wheat-flour-for-soft-roti-chapati-paratha-healthy-atta-for-everyday-indian-cooking-mooywp-84740261
104501,,https://www.jiomart.com/product/muskan-chakki-fresh-atta-nutritious-fortified-sarbati-wheat-flour-5kg-high-fibre-whole-wheat-atta-for-soft-roti-chapati-paratha-pure-stone-ground-healthy-atta-for-daily-indian-cooking-baking-needs-mn2wkm-75322890
3514,,https://www.jiomart.com/product/boroline-antiseptic-ayurvedic-cream-20-g-mgutad-7733138
